RouteID,RouteName,DIRECTIONID,Trip_Headsign,StopSequence,STOPID,StopName,Stop_Name,StopLat,StopLog,LocationType
9,Circle Route,0,Clockwise,1,9018,BROADWAY & ORANGE ST,BROADWAY & ORANGE ST(09018),42.65344,-73.74883,1
9,Circle Route,0,Clockwise,2,502,BROADWAY & QUACKENBUSH SQUARE,NULL,42.65431,-73.74888,0
9,Circle Route,0,Clockwise,3,3234,WILSON ST & N PEARL ST,NULL,42.65613,-73.74966,0
9,Circle Route,0,Clockwise,4,2168,N PEARL ST & CLINTON AVE ,N PEARL ST & CLINTON AVE (CLINTON SQUARE)(02168),42.65457,-73.75085,1
9,Circle Route,0,Clockwise,5,10577,N PEARL ST & ORANGE ST ,NULL,42.65361,-73.75018,0
9,Circle Route,0,Clockwise,6,3233,N PEARL ST & SHERIDAN AVE ,N PEARL ST & SHERIDAN AVE(03233),42.6526,-73.75079,0
9,Circle Route,0,Clockwise,7,3221,N PEARL ST & TEN EYCK PLAZA,N PEARL ST & TEN EYCK PLAZA(03221),42.65049,-73.75239,1
9,Circle Route,0,Clockwise,8,2665,STATE ST & LODGE ST,STATE ST & LODGE ST - S.PEARL STATION(02665),42.650315,-73.753582,1
9,Circle Route,0,Clockwise,9,540,STATE ST & HOWARD ST,EAGLE ST & HOWARD ST(00540),42.65017,-73.75591,0
9,Circle Route,0,Clockwise,10,11638,EAGLE ST & MADISON AVE,NULL,42.64749,-73.75919,0
9,Circle Route,0,Clockwise,11,618,EAGLE ST & PARK AVE,NULL,42.64516,-73.76157,0
9,Circle Route,0,Clockwise,12,619,EAGLE ST & WARREN ST,NULL,42.64428,-73.76199,0
9,Circle Route,0,Clockwise,13,720,MORTON AVE & EAGLE ST,MORTON AVE & EAGLE ST(00720),42.64328,-73.76301,0
9,Circle Route,0,Clockwise,14,689,MORTON AVE & S HAWK ST,MORTON AVE & S HAWK ST(00689),42.64403,-73.76552,0
9,Circle Route,0,Clockwise,15,688,MORTON AVE & MARTIN LUTHER KING JR BLVD,MORTON AVE & MARTIN LUTHER KING JR BLVD(00688),42.64454,-73.76759,0
9,Circle Route,0,Clockwise,16,690,MORTON AVE & ONEIDA TERR,MORTON AVE & ONEIDA TERR(00690),42.64516,-73.76994,0
9,Circle Route,0,Clockwise,17,477,DELAWARE AVE & BESCH ST,NULL,42.64487,-73.772802,0
9,Circle Route,0,Clockwise,18,415,DELAWARE AVE & DELAWARE TERR,DELAWARE AVE & DELAWARE TERR(00415),42.64425,-73.77425,0
9,Circle Route,0,Clockwise,19,417,DELAWARE AVE & MAGNOLIA TERR,DELAWARE AVE & MAGNOLIA TERR(00417),42.64392,-73.77501,0
9,Circle Route,0,Clockwise,20,476,DELAWARE AVE & CARROLL TERR,NULL,42.643442,-73.776056,0
9,Circle Route,0,Clockwise,21,475,DELAWARE AVE & BARCLAY ST,NULL,42.642982,-73.777088,0
9,Circle Route,0,Clockwise,22,474,DELAWARE AVED & HURLBUT ST,DELAWARE AVE & HURLBUT ST(00474),42.64258,-73.77799,0
9,Circle Route,0,Clockwise,23,473,DELAWARE AVE & FEDERAL ST,NULL,42.64226,-73.778808,0
9,Circle Route,0,Clockwise,24,472,365 DELAWARE AVE,365 DELAWARE AVE(00472),42.64204,-73.77936,0
9,Circle Route,0,Clockwise,25,471,DELAWARE AVE & JEANETTE ST,NULL,42.641443,-73.780921,0
9,Circle Route,0,Clockwise,26,470,DELAWARE AVE & MARINELLO TERR,DELAWARE AVE & MARINELLO TERR(00470),42.64121,-73.78157,0
9,Circle Route,0,Clockwise,27,469,DELAWARE AVE & CUYLER ST,NULL,42.640533,-73.783408,0
9,Circle Route,0,Clockwise,28,468,DELAWARE AVE & WHITEHALL RD,DELAWARE AVE & WHITEHALL RD(00468),42.64021,-73.78426,0
9,Circle Route,0,Clockwise,29,9025,WHITEHALL RD & SARD RD,WHITEHALL RD & SARD RD(09025),42.6412,-73.78757,0
9,Circle Route,0,Clockwise,30,1219,WHITEHALL RD & MATILDA ST,NULL,42.641769,-73.788512,0
9,Circle Route,0,Clockwise,31,1075,WHITEHALL RD & MARWILL ST,WHITEHALL RD & MARWILL ST(01075),42.64213,-73.78916,0
9,Circle Route,0,Clockwise,32,1074,WHITEHALL RD & FULLERTON ST,NULL,42.642913,-73.790591,0
9,Circle Route,0,Clockwise,33,633,WHITEHALL RD & EDGECOMB ST,WHITEHALL RD & EDGECOMB ST(00633),42.64326,-73.79118,0
9,Circle Route,0,Clockwise,34,1072,WHITEHALL RD & ROSE CT,NULL,42.643909,-73.792315,0
9,Circle Route,0,Clockwise,35,1071,WHITEHALL RD & CLAYTON PL,WHITEHALL RD & CLAYTON PL(01071),42.64445,-73.79322,0
9,Circle Route,0,Clockwise,36,1070,WHITEHALL RD & JOELSON CT,NULL,42.6449,-73.794453,0
9,Circle Route,0,Clockwise,37,1069,WHITEHALL RD & BETWOOD ST,WHITEHALL RD & BETWOOD ST(01069),42.64525,-73.79547,0
9,Circle Route,0,Clockwise,38,1068,WHITEHALL RD & RAMSEY PL,NULL,42.645705,-73.796706,0
9,Circle Route,0,Clockwise,39,1067,WHITEHALL RD & MARWOOD ST,WHITEHALL RD & MARWOOD ST(01067),42.64597,-73.79736,0
9,Circle Route,0,Clockwise,40,1066,WHITEHALL RD & HOLLYWOOD AVE,NULL,42.646393,-73.798581,0
9,Circle Route,0,Clockwise,41,2247,WHITEHALL RD & SYCAMORE ST,WHITEHALL RD & SYCAMORE ST(02247),42.64671,-73.79942,0
9,Circle Route,0,Clockwise,42,1064,WHITEHALL RD & TURNER PL,NULL,42.647109,-73.800544,0
9,Circle Route,0,Clockwise,43,1063,WHITEHALL RD & CARDINAL AVE,WHITEHALL RD & CARDINAL AVE(01063),42.64745,-73.80151,0
9,Circle Route,0,Clockwise,44,1062,125 CARDINAL AVE,125 CARDINAL AVE(01062),42.6491,-73.80041,0
9,Circle Route,0,Clockwise,45,1061,CARDINAL AVE & HACKETT BLVD,CARDINAL AVE & HACKETT BLVD(01061),42.65017,-73.79926,0
9,Circle Route,0,Clockwise,46,1060,59 CARDINAL AVE,59 CARDINAL AVE (01060),42.65158,-73.79811,0
9,Circle Route,0,Clockwise,47,1059,CARDINAL AVE & HELDERBERG AVE,CARDINAL AVE & HELDERBERG AVE(01059),42.65263,-73.79739,0
9,Circle Route,0,Clockwise,48,1058,CARDINAL AVE & NEW SCOTLAND AVE,CARDINAL AVE & NEW SCOTLAND AVE(01058),42.65438,-73.7961,0
9,Circle Route,0,Clockwise,49,1048,NEW SCOTLAND AVE & HOLLYWOOD AVE,NEW SCOTLAND AVE & HOLLYWOOD AVE(01048),42.65412,-73.79424,0
9,Circle Route,0,Clockwise,50,1031,NEW SCOTLAND AVE & PINEWOOD AVE,NEW SCOTLAND AVE & PINEWOOD AVE(01031),42.65368,-73.7926,0
9,Circle Route,0,Clockwise,51,1033,NEW SCOTLAND AVE & HARRIS AVE,NULL,42.653324,-73.790617,0
9,Circle Route,0,Clockwise,52,10328,ONTARIO ST & AVENUE B AVE,ONTARIO ST & AVENUE B AVE(10328),42.65429,-73.7882,0
9,Circle Route,0,Clockwise,53,10329,ONTARIO ST & WOODLAWN AVE,ONTARIO ST & WOODLAWN AVE(10329),42.65543,-73.78761,0
9,Circle Route,0,Clockwise,54,1128,WOODLAWN AVE & PARTRIDGE ST,WOODLAWN AVE & PARTRIDGE ST(01128),42.65672,-73.78953,0
9,Circle Route,0,Clockwise,55,1055,PARTRIDGE ST & PROVIDENCE ST,PARTRIDGE ST & PROVIDENCE ST(01055),42.65757,-73.78874,0
9,Circle Route,0,Clockwise,56,1127,PARTRIDGE ST & MERCER ST,PARTRIDGE ST & MERCER ST(01127),42.65822,-73.78803,0
9,Circle Route,0,Clockwise,57,1054,PARTRIDGE ST & WARREN ST,PARTRIDGE ST & WARREN ST(01054),42.65882,-73.78741,0
9,Circle Route,0,Clockwise,58,1053,PARTRIDGE ST & PARK AVE,PARTRIDGE ST & PARK AVE(01053),42.65943,-73.78675,0
9,Circle Route,0,Clockwise,59,3193,PARTRIDGE ST & MYRTLE AVE,PARTRIDGE ST & MYRTLE AVE(03193),42.66012,-73.78602,0
9,Circle Route,0,Clockwise,60,1051,PARTRIDGE ST & MORRIS ST,PARTRIDGE ST & MORRIS ST(01051),42.66071,-73.78542,0
9,Circle Route,0,Clockwise,61,3195,PARTRIDGE ST & MADISON AVE,PARTRIDGE ST & MADISON AVE(03195),42.66168,-73.78439,0
9,Circle Route,0,Clockwise,62,1217,PARTRIDGE ST & WESTERN AVE,NULL,42.66351,-73.78223,0
9,Circle Route,0,Clockwise,63,257,WESTERN AVE & ONTARIO ST,WESTERN AVE & ONTARIO ST(00257),42.6627,-73.77996,1
9,Circle Route,0,Clockwise,64,258,WESTERN AVE & QUAIL ST,WESTERN AVE & QUAIL ST(00258),42.66187,-73.77746,0
9,Circle Route,0,Clockwise,65,259,WESTERN AVE & S LAKE AVE,WESTERN AVE & S LAKE AVE(00259),42.66092,-73.77441,1
9,Circle Route,0,Clockwise,66,260,WESTERN AVE & THURLOW TERR,WESTERN AVE & THURLOW TERR(00260),42.66034,-73.77258,1
9,Circle Route,0,Clockwise,67,261,WESTERN AVE & ROBIN ST,WESTERN AVE & ROBIN ST(00261),42.65961,-73.77008,0
9,Circle Route,0,Clockwise,68,262,WESTERN AVE & SPRAGUE PL,WESTERN AVE & SPRAGUE PL(00262),42.65896,-73.76817,0
9,Circle Route,0,Clockwise,69,263,WASHINGTON AVE & HENRY JOHNSON BLVD,WASHINGTON AVE & HENRY JOHNSON BLVD(00263),42.65804,-73.7655,0
9,Circle Route,0,Clockwise,70,2663,WASHINGTON AVE & LARK ST,WASHINGTON AVE & LARK ST - LARK STATION(02663),42.656907,-73.76358,1
9,Circle Route,0,Clockwise,71,1788,WASHINGTON AVE & DOVE ST,WASHINGTON AVE & DOVE ST(01788),42.65566,-73.76117,0
9,Circle Route,0,Clockwise,72,1789,WASHINGTON AVE & S SWAN ST,WASHINGTON AVE & S SWAN ST(01789),42.65399,-73.75874,1
9,Circle Route,0,Clockwise,73,2706,WASHINGTON AVE & HAWK ST (THE CAPITOL),WASHINGTON AVE & HAWK ST - CAPITOL/HAWK STATION(02706),42.653175,-73.75717,1
9,Circle Route,0,Clockwise,74,1787,STATE ST & EAGLE ST,STATE ST & EAGLE ST(01787),42.65083,-73.75509,0
9,Circle Route,0,Clockwise,75,2509,STATE ST & LODGE ST,STATE ST & SO PEARL ST - SO PEARL STATION(02509),42.650082,-73.753475,1
9,Circle Route,0,Clockwise,76,2589,STATE ST & PEARL ST,NULL,42.649842,-73.752734,0
9,Circle Route,0,Clockwise,77,3940,BROADWAY & PETER D KIERNAN PLAZA,BROADWAY & PETER D KIERNAN PLAZA(03940),42.65145,-73.74976,1
9,Circle Route,1,CounterClockwise,1,9018,BROADWAY & ORANGE ST,BROADWAY & ORANGE ST(09018),42.65344,-73.74883,1
9,Circle Route,1,CounterClockwise,2,502,BROADWAY & QUACKENBUSH SQUARE,NULL,42.65431,-73.74888,0
9,Circle Route,1,CounterClockwise,3,3234,WILSON ST & N PEARL ST,NULL,42.65613,-73.74966,0
9,Circle Route,1,CounterClockwise,4,2168,N PEARL ST & CLINTON AVE ,N PEARL ST & CLINTON AVE (CLINTON SQUARE)(02168),42.65457,-73.75085,1
9,Circle Route,1,CounterClockwise,5,10577,N PEARL ST & ORANGE ST ,NULL,42.65361,-73.75018,0
9,Circle Route,1,CounterClockwise,6,3233,N PEARL ST & SHERIDAN AVE ,N PEARL ST & SHERIDAN AVE(03233),42.6526,-73.75079,0
9,Circle Route,1,CounterClockwise,7,3221,N PEARL ST & TEN EYCK PLAZA,N PEARL ST & TEN EYCK PLAZA(03221),42.65049,-73.75239,1
9,Circle Route,1,CounterClockwise,8,2665,STATE ST & LODGE ST,STATE ST & LODGE ST - S.PEARL STATION(02665),42.650315,-73.753582,1
9,Circle Route,1,CounterClockwise,9,10087,EAGLE ST & STATE ST (CITY HALL),STATE ST & EAGLE ST(10087),42.65143,-73.755,1
9,Circle Route,1,CounterClockwise,10,3250,WASHINGTON AVE & HAWK ST ,WASHINGTON AVE & HAWK ST - CAPITOL/HAWK STATION(03250),42.652927,-73.756527,1
9,Circle Route,1,CounterClockwise,11,3301,WASHINGTON AVE &S SWAN ST,WASHINGTON AVE & S SWAN ST(03301),42.65418,-73.75886,1
9,Circle Route,1,CounterClockwise,12,3241,WASHINGTON AVE & DOVE ST,WASHINGTON AVE & DOVE ST(03241),42.65558,-73.76086,1
9,Circle Route,1,CounterClockwise,13,3239,WASHINGTON AVE & LARK ST (ARMORY),WASHINGTON AVE & LARK ST (ARMORY) - LARK STATION(03239),42.656373,-73.762598,1
9,Circle Route,1,CounterClockwise,14,3455,CENTRAL AVE & HENRY JOHNSON BLVD,CENTRAL AVE & HENRY JOHNSON BLVD(03455),42.65868,-73.76543,1
9,Circle Route,1,CounterClockwise,15,2169,WASHINGTON AVE & LEXINGTON AVE,LEXINGTON AVE & WASHINGTON AVE(02169),42.65951,-73.76829,1
9,Circle Route,1,CounterClockwise,16,3313,ROBIN ST & WESTERN AVE,ROBIN ST & WESTERN AVE(03313),42.65973,-73.77038,0
9,Circle Route,1,CounterClockwise,17,285,WESTERN AVE & THURLOW TERR,WESTERN AVE & THURLOW TERR(00285),42.66026,-73.77213,1
9,Circle Route,1,CounterClockwise,18,286,WESTERN AVE & N LAKE AVE,WESTERN AVE & N LAKE AVE(00286),42.66098,-73.77425,1
9,Circle Route,1,CounterClockwise,19,283,WESTERN AVE & QUAIL ST,WESTERN AVE & QUAIL ST(00283),42.66161,-73.77689,1
9,Circle Route,1,CounterClockwise,20,10591,ONTARIO ST & WESTERN AVE,NULL,42.6627,-73.77996,0
9,Circle Route,1,CounterClockwise,21,1246,ONTARIO ST & HAMILTON ST,NULL,42.661474,-73.781262,0
9,Circle Route,1,CounterClockwise,22,1245,ONTARION ST & MADISON AVE,NULL,42.66062,-73.78188,0
9,Circle Route,1,CounterClockwise,23,624,ONTARIO ST & YATES ST,ONTARIO ST & YATES ST(00624),42.66016,-73.78258,0
9,Circle Route,1,CounterClockwise,24,1244,ONTARIO ST & MORRIS ST,ONTARIO ST & MORRIS ST(01244),42.65959,-73.78321,0
9,Circle Route,1,CounterClockwise,25,625,ONTARIO ST & MYRTLE AVE,ONTARIO ST & MYRTLE AVE(00625),42.65903,-73.78381,0
9,Circle Route,1,CounterClockwise,26,626,ONTARIO ST & PARK AVE,ONTARIO ST & PARK AVE(00626),42.65838,-73.78452,0
9,Circle Route,1,CounterClockwise,27,1260,ONTARIO ST & WARREN ST,ONTARIO ST & WARREN ST(01260),42.65776,-73.78517,0
9,Circle Route,1,CounterClockwise,28,1243,ONTARIO ST & MERCER ST,ONTARIO ST & MERCER ST(01243),42.65715,-73.7858,0
9,Circle Route,1,CounterClockwise,29,627,ONTARIO ST & PROVIDENCE ST,ONTARIO ST & PROVIDENCE ST(00627),42.65661,-73.7864,0
9,Circle Route,1,CounterClockwise,30,628,ONTARIO ST & WOODLAWN AVE,ONTARIO ST & WOODLAWN AVE(00628),42.6557,-73.78737,0
9,Circle Route,1,CounterClockwise,31,1242,ONTARIO ST & AVENUE B AVE,ONTARIO ST & AVENUE B AVE(01242),42.65453,-73.7882,0
9,Circle Route,1,CounterClockwise,32,1241,ONTARIO ST & NEW SCOTLAND AVE,ONTARIO ST & NEW SCOTLAND AVE(01241),42.65332,-73.78882,0
9,Circle Route,1,CounterClockwise,33,453,NEW SCOTLAND AVE & NORWOOD AVE,NULL,42.653391,-73.791033,0
9,Circle Route,1,CounterClockwise,34,454,NEW SCOTLAND AVE & GLENWOOD ST,NEW SCOTLAND AVE & GLENWOOD ST(00454),42.65368,-73.79228,0
9,Circle Route,1,CounterClockwise,35,455,NEW SCOTLAND AVE & PARKWOOD ST,NULL,42.654008,-73.793498,0
9,Circle Route,1,CounterClockwise,36,457,NEW SCOTLAND AVE & W ERIE ST,NEW SCOTLAND AVE & W ERIE ST(00457),42.65425,-73.79433,0
9,Circle Route,1,CounterClockwise,37,3955,CARDINAL AVE & NEW SCOTLAND AVE,CARDINAL AVE & NEW SCOTLAND AVE(03955),42.65421,-73.79636,0
9,Circle Route,1,CounterClockwise,38,1240,CARDINAL AVE & HELDERBERG AVE,CARDINAL AVE & HELDERBURG AVE(01240),42.65267,-73.79738,0
9,Circle Route,1,CounterClockwise,39,1239,CARDINAL AVE (BTW HELDERBURG & HACKETT),CARDINAL AVE & BTW HELDERBURG AVE & HACKETT BLVD(01239),42.65164,-73.79818,0
9,Circle Route,1,CounterClockwise,40,1238,CARDINAL AVE & HACKETT BLVD,CARDINAL AVE & HACKETT BLVD(01238),42.6508,-73.79884,0
9,Circle Route,1,CounterClockwise,41,1237,124 CARDINAL AVE,124 CARDINAL AVE(01237),42.64913,-73.80048,0
9,Circle Route,1,CounterClockwise,42,1236,CARDINAL AVE & WHITEHALL RD,NULL,42.64754,-73.8019,0
9,Circle Route,1,CounterClockwise,43,629,WHITEHALL RD & MARLBOROUGH CT,NULL,42.646997,-73.800212,0
9,Circle Route,1,CounterClockwise,44,630,WHITEHALL RD & CARISLE CT,WHITEHALL RD & CARISLE CT(00630),42.64613,-73.79819,0
9,Circle Route,1,CounterClockwise,45,631,WHITEHALL RD & SWARTSON CT,NULL,42.645795,-73.796934,0
9,Circle Route,1,CounterClockwise,46,1235,WHITEHALL RD & MARIETTE PL,WHITEHALL RD & MARIETTE PL(01235),42.64539,-73.79613,0
9,Circle Route,1,CounterClockwise,47,1234,WHITEHALL RD & KELTON CT,NULL,42.645014,-73.794769,0
9,Circle Route,1,CounterClockwise,48,632,WHITEHALL RD & ELBEL CT,WHITEHALL RD & ELBEL CT(00632),42.64433,-73.79317,0
9,Circle Route,1,CounterClockwise,49,3954,WHITEHALL RD & ROSE CT,NULL,42.64391,-73.792315,0
9,Circle Route,1,CounterClockwise,50,1073,WHITEHALL RD & EDGECOMB ST,WHITEHALL RD & EDGECOMB ST(01073),42.64334,-73.79153,0
9,Circle Route,1,CounterClockwise,51,634,WHITEHALL RD & HOLMES CT,WHITEHALL RD & MARWILL ST(00634),42.642695,-73.790467,0
9,Circle Route,1,CounterClockwise,52,635,WHITEHALL RD & MCDONALD RD,NULL,42.641676,-73.78834,0
9,Circle Route,1,CounterClockwise,53,1233,WHITEHALL RD & SARD RD,WHITEHALL RD & SARD RD(01233),42.64121,-73.78773,0
9,Circle Route,1,CounterClockwise,54,1232,WHITEHALL RD & DELAWARE AVE,WHITEHALL RD & DELAWARE AVE(01232),42.64044,-73.78526,0
9,Circle Route,1,CounterClockwise,55,487,DELAWARE AVE & BECKMAN ST,NULL,42.640772,-73.78275,0
9,Circle Route,1,CounterClockwise,56,486,DELAWARE AVE & STANWIX ST,DELAWARE AVE & STANWIX ST(00486),42.64097,-73.78203,0
9,Circle Route,1,CounterClockwise,57,485,DELAWARE AVE &JEANETTE ST,NULL,42.641443,-73.780921,0
9,Circle Route,1,CounterClockwise,58,2955,DELAWARE AVE & MARSHALL ST,DELAWARE AVE & MARSHALL ST(02955),42.64165,-73.78006,0
9,Circle Route,1,CounterClockwise,59,484,DELAWARE AVE & BERTHA ST,NULL,42.642145,-73.779073,0
9,Circle Route,1,CounterClockwise,60,483,DELAWARE AVE & HURBLUT ST,DELAWARE AVE & HURLBUT ST(00483),42.64239,-73.77828,0
9,Circle Route,1,CounterClockwise,61,482,DELAWARE AVE & BARCLAY ST,NULL,42.642982,-73.777088,0
9,Circle Route,1,CounterClockwise,62,481,DELAWARE AVE & MAGNOLIA TERR,DELAWARE AVE & MAGNOLIA TERR(00481),42.64377,-73.77531,0
9,Circle Route,1,CounterClockwise,63,480,DELAWARE AVE & MONA TERR,DELAWARE AVE & MONA TERR(00480),42.64415,-73.77419,0
9,Circle Route,1,CounterClockwise,64,1969,DELAWARE AVE & BESCH AVE,NULL,42.64487,-73.772802,0
9,Circle Route,1,CounterClockwise,65,2951,DELAWARE AVE & MORTON AVE,DELAWARE AVE & MORTON AVE(02951),42.64548,-73.77164,0
9,Circle Route,1,CounterClockwise,66,1231,MORTON AVE & ONEIDA TERR,MORTON AVE & ONEIDA TERR(01231),42.6451,-73.7701,0
9,Circle Route,1,CounterClockwise,67,1230,MORTON AVE & S SWAN ST,MORTON AVE & S SWAN ST(01230),42.64453,-73.76792,0
9,Circle Route,1,CounterClockwise,68,1229,MORTON AVE & S HAWK ST,MORTON AVE & S HAWK ST(01229),42.64387,-73.76551,0
9,Circle Route,1,CounterClockwise,69,1228,MORTON AVE & EAGLE ST,MORTON AVE & EAGLE ST(01228),42.64325,-73.76319,0
9,Circle Route,1,CounterClockwise,70,1227,EAGLE ST & WARREN ST,EAGLE ST & WARREN ST(01227),42.64428,-73.76199,0
9,Circle Route,1,CounterClockwise,71,1226,EAGLE ST & PARK AVE,EAGLE ST & PARK AVE(01226),42.64516,-73.76157,0
9,Circle Route,1,CounterClockwise,72,1225,EAGLE ST & MYRTLE AVE,EAGLE ST & MYRTLE AVE(01225),42.64578,-73.76095,0
9,Circle Route,1,CounterClockwise,73,1224,EAGLE ST & ELM ST,EAGLE ST & ELM ST(01224),42.6468,-73.75996,0
9,Circle Route,1,CounterClockwise,74,3216,EAGLE ST & MADISON AVE,EAGLE ST & MADISON AVE(03216),42.64749,-73.75919,0
9,Circle Route,1,CounterClockwise,75,10850,EAGLE ST & HOWARD ST,NULL,42.65017,-73.75591,0
9,Circle Route,1,CounterClockwise,76,10592,EAGLE ST & STATE ST ,NULL,42.651438,-73.754992,0
9,Circle Route,1,CounterClockwise,77,2509,STATE ST & LODGE ST,STATE ST & SO PEARL ST - SO PEARL STATION(02509),42.650082,-73.753475,1
9,Circle Route,1,CounterClockwise,78,2589,STATE ST & PEARL ST,NULL,42.649842,-73.752734,0
9,Circle Route,1,CounterClockwise,79,3940,BROADWAY & PETER D KIERNAN PLAZA,BROADWAY & PETER D KIERNAN PLAZA(03940),42.65145,-73.74976,1
10,Western Ave Broadway,0,East,1,7175,CROSSGATES MID-MALL,CROSSGATES MID-MALL(07175),42.68866,-73.85159,1
10,Western Ave Broadway,0,East,2,405,WESTERN AVE & JOHNSTON ST,WESTERN AVE & JOHNSTON ST(00405),42.68769,-73.85848,0
10,Western Ave Broadway,0,East,3,406,WESTERN AVE & GARIEL TERR,WESTERN AVE & GABRIEL TERR(00406),42.68701,-73.85619,0
10,Western Ave Broadway,0,East,4,407,WESTERN AVE & ALTON RD,WESTERN AVE & ALTON RD(00407),42.68645,-73.85466,0
10,Western Ave Broadway,0,East,5,408,WESTERN AVE & CHAPMAN DR,WESTERN AVE & CHAPMAN DR(00408),42.68478,-73.84948,0
10,Western Ave Broadway,0,East,6,12021,2 EXECUTIVE PARK DR,2 EXECUTIVE PARK DR(12021),42.68454,-73.837799,0
10,Western Ave Broadway,0,East,7,12022,EXECUTIVE PARK DRIVE @ STOP SIGN,EXECUTIVE PARK DRIVE @ STOP SIGN(12022),42.68589,-73.84042,0
10,Western Ave Broadway,0,East,8,10623,STUYVESANT PLAZA (US POST OFFICE),STUYVESANT PLAZA (US POST OFFICE)(10623),42.68394,-73.84052,0
10,Western Ave Broadway,0,East,9,10622,STUYVESANT PLAZA (MANGIA),STUYVESANT PLAZA (CREO)(10622),42.6825,-73.83875,0
10,Western Ave Broadway,0,East,10,10620,1450 WESTERN AVE,1450 WESTERN AVE(10620),42.68088,-73.83725,1
10,Western Ave Broadway,0,East,11,2016,WESTERN AVE & MCKOWN RD,WESTERN AVE & MCKOWN RD(02016),42.67995,-73.83434,1
10,Western Ave Broadway,0,East,12,2018,WESTERN AVE & WESTLYN CT,NULL,42.67945,-73.832315,0
10,Western Ave Broadway,0,East,13,2017,WESTERN AVE & BROOKWOOD AVE,WESTERN AVE & BROOKWOOD AVE(02017),42.67891,-73.83099,0
10,Western Ave Broadway,0,East,14,2015,WESTERN AVE & ARCADIA AVE,NULL,42.67867,-73.82958,0
10,Western Ave Broadway,0,East,15,10617,WESTERN AVE & HILLCREST ST,WESTERN AVE & HILLCREST ST(10617),42.6781,-73.82848,1
10,Western Ave Broadway,0,East,16,231,WESTERN AVE & TRYON PL,WESTERN AVE & TRYON PL(00231),42.67721,-73.82577,0
10,Western Ave Broadway,0,East,17,233,WESTERN AVE & GLYNN ST,NULL,42.676942,-73.824612,0
10,Western Ave Broadway,0,East,18,232,WESTERN AVE & HOMESTEAD ST,WESTERN AVE & HOMESTEAD ST(00232),42.67648,-73.82349,0
10,Western Ave Broadway,0,East,19,234,WESTERN AVE & MAGAZINE ST,WESTERN AVE & MAGAZINE ST(00234),42.67554,-73.82053,0
10,Western Ave Broadway,0,East,20,235,WESTERN AVE & LOCUST ST,WESTERN AVE & LOCUST ST(00235),42.67491,-73.81852,0
10,Western Ave Broadway,0,East,21,236,WESTERN AVE & RUSSELL RD,WESTERN AVE & RUSSELL RD(00236),42.6741,-73.81604,0
10,Western Ave Broadway,0,East,22,228,WESTERN AVE & BEACON AVE,WESTERN AVE & BEACON AVE(00228),42.67351,-73.8141,0
10,Western Ave Broadway,0,East,23,10612,WESTERN AVE & HILLCREST AVE,WESTERN AVE & HILLCREST AVE(10612),42.67334,-73.81312,0
10,Western Ave Broadway,0,East,24,10619,BUILDING 8 (select trips),NULL,42.67912,-73.80932,0
10,Western Ave Broadway,0,East,25,10618,BUILDING 9 (select trips),NULL,42.67912,-73.80932,0
10,Western Ave Broadway,0,East,26,251,WESTERN AVE & PINEHURST AVE,NULL,42.672866,-73.81174,0
10,Western Ave Broadway,0,East,27,239,WESTERN AVE & ORLANDO AVE,NULL,42.67251,-73.81073,0
10,Western Ave Broadway,0,East,28,240,WESTERN AVE & DAYTONA AVE,WESTERN AVE & DAYTONA AVE(00240),42.67218,-73.8099,0
10,Western Ave Broadway,0,East,29,241,WESTERN AVE & SEMINOLE AVE,NULL,42.6722,-73.8086,0
10,Western Ave Broadway,0,East,30,242,WESTERN AVE & TAMPA AVE / ORMOND ST,WESTERN AVE & TAMPA AVE / ORMOND ST(00242),42.6713,-73.80715,0
10,Western Ave Broadway,0,East,31,243,WESTERN AVE & ORMOND ST / DAVIS AVE,WESTERN AVE & ORMOND ST / DAVIS AVE(00243),42.67088,-73.80575,0
10,Western Ave Broadway,0,East,32,244,WESTERN AVE & MILNER AVE,NULL,42.67079,-73.80431,0
10,Western Ave Broadway,0,East,33,245,WESTERN AVE & COLONIAL AVE,WESTERN AVE & COLONIAL AVE(00245),42.67007,-73.80322,0
10,Western Ave Broadway,0,East,34,238,WESTERN AVE & HOLMES DALE AVE,WESTERN AVE & HOLMESDALE AVE(00238),42.66966,-73.80202,0
10,Western Ave Broadway,0,East,35,296,WESTERN AVE & FAIRLAWN AVE,NULL,42.66938,-73.80062,0
10,Western Ave Broadway,0,East,36,297,WESTERN AVE & EUCLID AVE,NULL,42.66908,-73.79938,0
10,Western Ave Broadway,0,East,37,247,WESTERN AVE & BROOKLINE AVE,WESTERN AVE & BROOKLINE AVE(00247),42.66856,-73.79846,0
10,Western Ave Broadway,0,East,38,248,WESTERN AVE & MARION AVE,NULL,42.668166,-73.796947,0
10,Western Ave Broadway,0,East,39,249,WESTERN AVE & S MANNING BLVD,WESTERN AVE & S MANNING BLVD(00249),42.66769,-73.79575,0
10,Western Ave Broadway,0,East,40,877,WESTERN AVE & ALLEN ST,WESTERN AVE & ALLEN ST(00877),42.66641,-73.79168,1
10,Western Ave Broadway,0,East,41,1356,WESTERN AVE & W LAWRENCE ST,WESTERN AVE & W LAWRENCE ST(01356),42.66599,-73.79034,0
10,Western Ave Broadway,0,East,42,3428,WESTERN AVE & N MAIN ST,WESTERN AVE & N MAIN AVE(03428),42.66528,-73.78803,0
10,Western Ave Broadway,0,East,43,882,WESTERN AVE & PARTRIDGE ST,WESTERN AVE & PARTRIDGE ST(00882),42.6635,-73.78255,0
10,Western Ave Broadway,0,East,44,257,WESTERN AVE & ONTARIO ST,WESTERN AVE & ONTARIO ST(00257),42.6627,-73.77996,1
10,Western Ave Broadway,0,East,45,258,WESTERN AVE & QUAIL ST,WESTERN AVE & QUAIL ST(00258),42.66187,-73.77746,0
10,Western Ave Broadway,0,East,46,259,WESTERN AVE & S LAKE AVE,WESTERN AVE & S LAKE AVE(00259),42.66092,-73.77441,1
10,Western Ave Broadway,0,East,47,260,WESTERN AVE & THURLOW TERR,WESTERN AVE & THURLOW TERR(00260),42.66034,-73.77258,1
10,Western Ave Broadway,0,East,48,261,WESTERN AVE & ROBIN ST,WESTERN AVE & ROBIN ST(00261),42.65961,-73.77008,0
10,Western Ave Broadway,0,East,49,262,WESTERN AVE & SPRAGUE PL,WESTERN AVE & SPRAGUE PL(00262),42.65896,-73.76817,0
10,Western Ave Broadway,0,East,50,263,WASHINGTON AVE & HENRY JOHNSON BLVD,WASHINGTON AVE & HENRY JOHNSON BLVD(00263),42.65804,-73.7655,0
10,Western Ave Broadway,0,East,51,2663,WASHINGTON AVE & LARK ST,WASHINGTON AVE & LARK ST - LARK STATION(02663),42.656907,-73.76358,1
10,Western Ave Broadway,0,East,52,1788,WASHINGTON AVE & DOVE ST,WASHINGTON AVE & DOVE ST(01788),42.65566,-73.76117,0
10,Western Ave Broadway,0,East,53,1789,WASHINGTON AVE & S SWAN ST,WASHINGTON AVE & S SWAN ST(01789),42.65399,-73.75874,1
10,Western Ave Broadway,0,East,54,2706,WASHINGTON AVE & HAWK ST,WASHINGTON AVE & HAWK ST - CAPITOL/HAWK STATION(02706),42.653175,-73.75717,1
10,Western Ave Broadway,0,East,55,1787,STATE ST & EAGLE ST,STATE ST & EAGLE ST(01787),42.65083,-73.75509,0
10,Western Ave Broadway,0,East,56,2509,STATE ST & LODGE ST,STATE ST & SO PEARL ST - SO PEARL STATION(02509),42.650082,-73.753475,1
10,Western Ave Broadway,0,East,57,2589,STATE ST & PEARL ST,NULL,42.649842,-73.752734,0
10,Western Ave Broadway,0,East,58,3940,BROADWAY & PETER D KIERNAN PLAZA,BROADWAY & PETER D KIERNAN PLAZA(03940),42.65145,-73.74976,1
10,Western Ave Broadway,0,East,59,9018,BROADWAY & ORANGE ST,BROADWAY & ORANGE ST(09018),42.65344,-73.74883,1
10,Western Ave Broadway,1,West,1,9018,BROADWAY & ORANGE ST,BROADWAY & ORANGE ST(09018),42.65344,-73.74883,1
10,Western Ave Broadway,1,West,2,502,BROADWAY & QUACKENBUSH SQUARE,NULL,42.65431,-73.74888,0
10,Western Ave Broadway,1,West,3,3234,WILSON ST & N PEARL ST,NULL,42.65613,-73.74966,0
10,Western Ave Broadway,1,West,4,2168,N PEARL ST & CLINTON AVE,N PEARL ST & CLINTON AVE (CLINTON SQUARE)(02168),42.65457,-73.75085,1
10,Western Ave Broadway,1,West,5,10577,N PEARL ST & ORANGE ST,NULL,42.65361,-73.75018,0
10,Western Ave Broadway,1,West,6,3233,N PEARL ST & SHERIDAN AVE,N PEARL ST & SHERIDAN AVE(03233),42.6526,-73.75079,0
10,Western Ave Broadway,1,West,7,3221,N PEARL ST & TEN EYCK PLAZA,N PEARL ST & TEN EYCK PLAZA(03221),42.65049,-73.75239,1
10,Western Ave Broadway,1,West,8,2665,STATE ST & LODGE ST,STATE ST & LODGE ST - S.PEARL STATION(02665),42.650315,-73.753582,1
10,Western Ave Broadway,1,West,9,10087,EAGLE ST & STATE ST (CITY HALL),STATE ST & EAGLE ST(10087),42.65143,-73.755,1
10,Western Ave Broadway,1,West,10,3250,WASHINGTON AVE & HAWK ST,WASHINGTON AVE & HAWK ST - CAPITOL/HAWK STATION(03250),42.652927,-73.756527,1
10,Western Ave Broadway,1,West,11,3301,WASHINGTON AVE & S SWAN ST,WASHINGTON AVE & S SWAN ST(03301),42.65418,-73.75886,1
10,Western Ave Broadway,1,West,12,3241,WASHINGTON AVE & DOVE ST,WASHINGTON AVE & DOVE ST(03241),42.65558,-73.76086,1
10,Western Ave Broadway,1,West,13,3239,WASHINGTON AVE & LARK ST (ARMORY),WASHINGTON AVE & LARK ST (ARMORY) - LARK STATION(03239),42.656373,-73.762598,1
10,Western Ave Broadway,1,West,14,3455,CENTRAL AVE & HENRY JOHNSON BLVD,CENTRAL AVE & HENRY JOHNSON BLVD(03455),42.65868,-73.76543,1
10,Western Ave Broadway,1,West,15,2169,WASHINGTON AVE & LEXINGTON AVE,LEXINGTON AVE & WASHINGTON AVE(02169),42.65951,-73.76829,1
10,Western Ave Broadway,1,West,16,3313,ROBIN ST & WESTERN AVE,ROBIN ST & WESTERN AVE(03313),42.65973,-73.77038,0
10,Western Ave Broadway,1,West,17,285,WESTERN AVE & THURLOW TERR,WESTERN AVE & THURLOW TERR(00285),42.66026,-73.77213,1
10,Western Ave Broadway,1,West,18,286,WESTERN AVE & N LAKE AVE,WESTERN AVE & N LAKE AVE(00286),42.66098,-73.77425,1
10,Western Ave Broadway,1,West,19,283,WESTERN AVE & QUAIL ST,WESTERN AVE & QUAIL ST(00283),42.66161,-73.77689,1
10,Western Ave Broadway,1,West,20,883,WESTERN AVE & ONTARIO ST,WESTERN AVE & ONTARIO ST(00883),42.66268,-73.77968,1
10,Western Ave Broadway,1,West,21,884,WESTERN AVE & PARTRIDGE ST,WESTERN AVE & PARTRIDGE ST(00884),42.66351,-73.78223,1
10,Western Ave Broadway,1,West,22,887,WESTERN AVE & N MAIN AVE,WESTERN AVE & N MAIN AVE(00887),42.66538,-73.78797,0
10,Western Ave Broadway,1,West,23,2112,WESTERN AVE & W LAWRENCE ST,WESTERN AVE & W LAWRENCE ST(02112),42.66597,-73.78992,0
10,Western Ave Broadway,1,West,24,889,WESTERN AVE & ALLEN ST,WESTERN AVE & ALLEN ST(00889),42.66656,-73.7917,1
10,Western Ave Broadway,1,West,25,277,WESTERN AVE & N PINE AVE,WESTERN AVE & N PINE AVE(00277),42.66708,-73.79346,0
10,Western Ave Broadway,1,West,26,278,WESTERN AVE & MANNING BLVD,WESTERN AVE & MANNING BLVD(00278),42.66759,-73.79498,0
10,Western Ave Broadway,1,West,27,279,WESTERN AVE & WINTHROP AVE,NULL,42.668363,-73.797559,0
10,Western Ave Broadway,1,West,28,335,WESTERN AVE & HOMESTEAD AVE,WESTERN AVE & HOMESTEAD AVE(00335),42.66871,-73.79865,0
10,Western Ave Broadway,1,West,29,298,WESTERN AVE & TERRACE AVE,NULL,42.6691,-73.79983,0
10,Western Ave Broadway,1,West,30,288,WESTERN AVE & FAIRLAWN AVE,NULL,42.66944,-73.80086,0
10,Western Ave Broadway,1,West,31,281,WESTERN AVE & BELVEDERE AVE,WESTERN AVE & BELVEDERE AVE(00281),42.66964,-73.80133,0
10,Western Ave Broadway,1,West,32,289,WESTERN AVE & EILEEN ST,WESTERN AVE & EILEEN ST(00289),42.67033,-73.80341,0
10,Western Ave Broadway,1,West,33,290,WESTERN AVE & CLERMONT ST,NULL,42.67083,-73.80467,0
10,Western Ave Broadway,1,West,34,291,WESTERN AVE & ROSEMONT ST,WESTERN AVE & ROSEMONT ST(00291),42.6709,-73.80554,0
10,Western Ave Broadway,1,West,35,865,WESTERN AVE & BREVATOR ST,WESTERN AVE & BREVATOR ST(00865),42.67131,-73.80675,0
10,Western Ave Broadway,1,West,36,867,WESTERN AVE & SEMINOLE AVE,NULL,42.672,-73.8086,0
10,Western Ave Broadway,1,West,37,10221,WESTERN AVE & DAYTONA AVE,WESTERN AVE & DAYTONA AVE(10221),42.67231,-73.81007,0
10,Western Ave Broadway,1,West,38,866,WESTERN AVE & CAMPUS ACCESS RD,WESTERN AVE & CAMPUS ACCESS RD(00866),42.67309,-73.81232,0
10,Western Ave Broadway,1,West,39,10619,BUILDING 8 (only certain trips),NULL,42.67912,-73.80932,0
10,Western Ave Broadway,1,West,40,10618,BULDING 9 (only certain trips),NULL,42.67912,-73.80932,0
10,Western Ave Broadway,1,West,41,870,WESTERN AVE & RUSSELL RD,WESTERN AVE & RUSSELL RD(00870),42.67431,-73.81613,0
10,Western Ave Broadway,1,West,42,872,WESTERN AVE & CAMBRIDGE RD,NULL,42.67486,-73.81746,0
10,Western Ave Broadway,1,West,43,871,WESTERN AVE & CLAREDON RD,WESTERN AVE & CLAREDON RD(00871),42.67513,-73.8188,0
10,Western Ave Broadway,1,West,44,873,WESTERN AVE & TUDOR RD,WESTERN AVE & TUDOR RD(00873),42.67553,-73.82003,0
10,Western Ave Broadway,1,West,45,413,WESTERN AVE & UNIVERSITY PL,WESTERN AVE & UNIVERSITY PL(00413),42.67619,-73.82211,0
10,Western Ave Broadway,1,West,46,874,WESTERN AVE & HOMESTEAD ST,WESTERN AVE & HOMESTEAD ST(00874),42.6767,-73.823256,0
10,Western Ave Broadway,1,West,47,10217,WESTERN AVE & GLYNN ST,NULL,42.676942,-73.824612,0
10,Western Ave Broadway,1,West,48,10616,WESTERN AVE & BEST WESTERN,WESTERN AVE & BEST WESTERN(10616),42.67799,-73.82765,0
10,Western Ave Broadway,1,West,49,304,WESTERN AVE & ARCADIA AVE,NULL,42.67867,-73.82958,0
10,Western Ave Broadway,1,West,50,305,WESTERN AVE & KNOWLES TERR,WESTERN AVE & KNOWLES TERR(00305),42.67897,-73.83073,0
10,Western Ave Broadway,1,West,51,306,WESTERN AVE & WAVERLY PL,NULL,42.67973,-73.83274,0
10,Western Ave Broadway,1,West,52,10193,WESTERN AVE & NORWOOD ST,WESTERN AVE & NORWOOD ST(10193),42.67989,-73.83363,0
10,Western Ave Broadway,1,West,53,309,WESTERN AVE & GLENWOOD ST,NULL,42.680373,-73.835247,0
10,Western Ave Broadway,1,West,54,308,WESTERN AVE & PARKWOOD ST,WESTERN AVE & PARKWOOD ST(00308),42.68077,-73.83635,0
10,Western Ave Broadway,1,West,55,310,WESTERN AVE & ELMWOOD ST,NULL,42.681199,-73.83784,0
10,Western Ave Broadway,1,West,56,12021,2 EXECUTIVE PARK DR,2 EXECUTIVE PARK DR(12021),42.68454,-73.837799,0
10,Western Ave Broadway,1,West,57,12022,EXECUTIVE PARK DRIVE @ STOP SIGN,EXECUTIVE PARK DRIVE @ STOP SIGN(12022),42.68589,-73.84042,0
10,Western Ave Broadway,1,West,58,10623,STUYVESANT PLAZA (US POST OFFICE),STUYVESANT PLAZA (US POST OFFICE)(10623),42.68394,-73.84052,0
10,Western Ave Broadway,1,West,59,10622,STUYVESANT PLAZA (MANGIA),STUYVESANT PLAZA (CREO)(10622),42.6825,-73.83875,0
10,Western Ave Broadway,1,West,60,10621,WESTERN AVE & STUYVESANT PLAZA,WESTERN AVE & STUYVESANT PLAZA(10621),42.68192,-73.83987,0
10,Western Ave Broadway,1,West,61,374,WESTERN AVE & CHAPMAN DR,WESTERN AVE & CHAPMAN DR(00374),42.68477,-73.84883,0
10,Western Ave Broadway,1,West,62,375,WESTERN AVE & CROSSGATES MALL RD,NULL,42.68569,-73.85149,0
10,Western Ave Broadway,1,West,63,376,WESTERN AVE & ALTON RD,WESTERN AVE & ALTON RD(00376),42.68661,-73.85454,0
10,Western Ave Broadway,1,West,64,10602,WESTERN AVE & LAWTON TERR,WESTERN AVE & LAWTON TERR(10602),42.68763,-73.8576,0
10,Western Ave Broadway,1,West,65,378,WESTERN AVE & JOHSTON ST,WESTERN AVE & JOHNSTON ST(00378),42.6881,-73.85921,0
10,Western Ave Broadway,1,West,66,7175,CROSSGATES MID-MALL,CROSSGATES MID-MALL(07175),42.68866,-73.85159,1
10,Western Ave Greyhound,0,East,1,7175,CROSSGATES MID-MALL,CROSSGATES MID-MALL(07175),42.68866,-73.85159,1
10,Western Ave Greyhound,0,East,2,405,WESTERN AVE & JOHNSTON ST,WESTERN AVE & JOHNSTON ST(00405),42.68769,-73.85848,0
10,Western Ave Greyhound,0,East,3,406,WESTERN AVE & GARIEL TERR,WESTERN AVE & GABRIEL TERR(00406),42.68701,-73.85619,0
10,Western Ave Greyhound,0,East,4,407,WESTERN AVE & ALTON RD,WESTERN AVE & ALTON RD(00407),42.68645,-73.85466,0
10,Western Ave Greyhound,0,East,5,408,WESTERN AVE & CHAPMAN DR,WESTERN AVE & CHAPMAN DR(00408),42.68478,-73.84948,0
10,Western Ave Greyhound,0,East,6,12021,2 EXECUTIVE PARK DR,2 EXECUTIVE PARK DR(12021),42.68454,-73.837799,0
10,Western Ave Greyhound,0,East,7,12022,EXECUTIVE PARK DRIVE @ STOP SIGN,EXECUTIVE PARK DRIVE @ STOP SIGN(12022),42.68589,-73.84042,0
10,Western Ave Greyhound,0,East,8,10623,STUYVESANT PLAZA (US POST OFFICE),STUYVESANT PLAZA (US POST OFFICE)(10623),42.68394,-73.84052,0
10,Western Ave Greyhound,0,East,9,10622,STUYVESANT PLAZA (MANGIA),STUYVESANT PLAZA (CREO)(10622),42.6825,-73.83875,0
10,Western Ave Greyhound,0,East,10,233,WESTERN AVE & GLYNN ST,NULL,42.676942,-73.824612,0
10,Western Ave Greyhound,0,East,11,232,WESTERN AVE & HOMESTEAD ST,WESTERN AVE & HOMESTEAD ST(00232),42.67648,-73.82349,0
10,Western Ave Greyhound,0,East,12,234,WESTERN AVE & MAGAZINE ST,WESTERN AVE & MAGAZINE ST(00234),42.67554,-73.82053,0
10,Western Ave Greyhound,0,East,13,235,WESTERN AVE & LOCUST ST,WESTERN AVE & LOCUST ST(00235),42.67491,-73.81852,0
10,Western Ave Greyhound,0,East,14,236,WESTERN AVE & RUSSELL RD,WESTERN AVE & RUSSELL RD(00236),42.6741,-73.81604,0
10,Western Ave Greyhound,0,East,15,228,WESTERN AVE & BEACON AVE,WESTERN AVE & BEACON AVE(00228),42.67351,-73.8141,0
10,Western Ave Greyhound,0,East,16,10612,WESTERN AVE & HILLCREST AVE,WESTERN AVE & HILLCREST AVE(10612),42.67334,-73.81312,0
10,Western Ave Greyhound,0,East,17,251,WESTERN AVE & PINEHURST AVE,NULL,42.672866,-73.81174,0
10,Western Ave Greyhound,0,East,18,239,WESTERN AVE & ORLANDO AVE,NULL,42.67251,-73.81073,0
10,Western Ave Greyhound,0,East,19,240,WESTERN AVE & DAYTONA AVE,WESTERN AVE & DAYTONA AVE(00240),42.67218,-73.8099,0
10,Western Ave Greyhound,0,East,20,241,WESTERN AVE & SEMINOLE AVE,NULL,42.6722,-73.8086,0
10,Western Ave Greyhound,0,East,21,242,WESTERN AVE & TAMPA AVE / ORMOND ST,WESTERN AVE & TAMPA AVE / ORMOND ST(00242),42.6713,-73.80715,0
10,Western Ave Greyhound,0,East,22,243,WESTERN AVE & ORMOND ST / DAVIS AVE,WESTERN AVE & ORMOND ST / DAVIS AVE(00243),42.67088,-73.80575,0
10,Western Ave Greyhound,0,East,23,244,WESTERN AVE & MILNER AVE,NULL,42.670527,-73.80431,0
10,Western Ave Greyhound,0,East,24,245,WESTERN AVE & COLONIAL AVE,WESTERN AVE & COLONIAL AVE(00245),42.67007,-73.80322,0
10,Western Ave Greyhound,0,East,25,238,WESTERN AVE & HOLMES DALE AVE,WESTERN AVE & HOLMESDALE AVE(00238),42.66966,-73.80202,0
10,Western Ave Greyhound,0,East,26,296,WESTERN AVE & FAIRLAWN AVE,NULL,42.66938,-73.80062,0
10,Western Ave Greyhound,0,East,27,297,WESTERN AVE & EUCLID AVE,NULL,42.66908,-73.79938,0
10,Western Ave Greyhound,0,East,28,247,WESTERN AVE & BROOKLINE AVE,WESTERN AVE & BROOKLINE AVE(00247),42.66856,-73.79846,0
10,Western Ave Greyhound,0,East,29,248,WESTERN AVE & MARION AVE,NULL,42.668166,-73.796947,0
10,Western Ave Greyhound,0,East,30,249,WESTERN AVE & S MANNING BLVD,WESTERN AVE & S MANNING BLVD(00249),42.66769,-73.79575,0
10,Western Ave Greyhound,0,East,31,877,WESTERN AVE & ALLEN ST,WESTERN AVE & ALLEN ST(00877),42.66641,-73.79168,1
10,Western Ave Greyhound,0,East,32,1356,WESTERN AVE & W LAWRENCE ST,WESTERN AVE & W LAWRENCE ST(01356),42.66599,-73.79034,0
10,Western Ave Greyhound,0,East,33,3428,WESTERN AVE & N MAIN ST,WESTERN AVE & N MAIN AVE(03428),42.66528,-73.78803,0
10,Western Ave Greyhound,0,East,34,882,WESTERN AVE & PARTRIDGE ST,WESTERN AVE & PARTRIDGE ST(00882),42.6635,-73.78255,0
10,Western Ave Greyhound,0,East,35,257,WESTERN AVE & ONTARIO ST,WESTERN AVE & ONTARIO ST(00257),42.6627,-73.77996,1
10,Western Ave Greyhound,0,East,36,258,WESTERN AVE & QUAIL ST,WESTERN AVE & QUAIL ST(00258),42.66187,-73.77746,0
10,Western Ave Greyhound,0,East,37,259,WESTERN AVE & S LAKE AVE,WESTERN AVE & S LAKE AVE(00259),42.66092,-73.77441,1
10,Western Ave Greyhound,0,East,38,260,WESTERN AVE & THURLOW TERR,WESTERN AVE & THURLOW TERR(00260),42.66034,-73.77258,1
10,Western Ave Greyhound,0,East,39,261,WESTERN AVE & ROBIN ST,WESTERN AVE & ROBIN ST(00261),42.65961,-73.77008,0
10,Western Ave Greyhound,0,East,40,262,WESTERN AVE & SPRAGUE PL,WESTERN AVE & SPRAGUE PL(00262),42.65896,-73.76817,0
10,Western Ave Greyhound,0,East,41,263,WASHINGTON AVE & HENRY JOHNSON BLVD,WASHINGTON AVE & HENRY JOHNSON BLVD(00263),42.65804,-73.7655,0
10,Western Ave Greyhound,0,East,42,2663,WASHINGTON AVE & LARK ST,WASHINGTON AVE & LARK ST - LARK STATION(02663),42.656907,-73.76358,1
10,Western Ave Greyhound,0,East,43,1788,WASHINGTON AVE & DOVE ST,WASHINGTON AVE & DOVE ST(01788),42.65566,-73.76117,0
10,Western Ave Greyhound,0,East,44,1789,WASHINGTON AVE & S SWAN ST,WASHINGTON AVE & S SWAN ST(01789),42.65399,-73.75874,1
10,Western Ave Greyhound,0,East,45,2706,WASHINGTON AVE & HAWK ST,WASHINGTON AVE & HAWK ST - CAPITOL/HAWK STATION(02706),42.653175,-73.75717,1
10,Western Ave Greyhound,0,East,46,1787,STATE ST & EAGLE ST,STATE ST & EAGLE ST(01787),42.65083,-73.75509,0
10,Western Ave Greyhound,0,East,47,2509,STATE ST & LODGE ST,STATE ST & SO PEARL ST - SO PEARL STATION(02509),42.650082,-73.753475,1
10,Western Ave Greyhound,0,East,48,2589,STATE ST & PEARL ST,NULL,42.649842,-73.752734,0
10,Western Ave Greyhound,0,East,49,3937,BROADWAY & HUDSON AVE,BROADWAY & HUDSON AVE - BROADWAY STATION(03937),42.64812,-73.75066,0
10,Western Ave Greyhound,0,East,50,10502,MADISON AVE & GREEN ST,MADISON AVE & GREEN ST(10502),42.64492,-73.75236,0
10,Western Ave Greyhound,0,East,51,10503,GREYHOUND TERMINAL,ALBANY BUS TERMINAL(10503),42.64622,-73.75169,1
10,Western Ave Greyhound,1,West,1,10503,GREYHOUND TERMINAL,ALBANY BUS TERMINAL(10503),42.64622,-73.75169,1
10,Western Ave Greyhound,1,West,2,3248,BROADWAY & SUNY PLAZA,SUNY PLAZA - BROADWAY STATION(03248),42.647785,-73.750363,1
10,Western Ave Greyhound,1,West,3,3221,N PEARL ST & TEN EYCK PLAZA,N PEARL ST & TEN EYCK PLAZA(03221),42.65049,-73.75239,1
10,Western Ave Greyhound,1,West,4,2665,STATE ST & LODGE ST,STATE ST & LODGE ST - S.PEARL STATION(02665),42.650315,-73.753582,1
10,Western Ave Greyhound,1,West,5,10087,EAGLE ST & STATE ST (CITY HALL),STATE ST & EAGLE ST(10087),42.65143,-73.755,1
10,Western Ave Greyhound,1,West,6,3250,WASHINGTON AVE & HAWK ST,WASHINGTON AVE & HAWK ST - CAPITOL/HAWK STATION(03250),42.652927,-73.756527,1
10,Western Ave Greyhound,1,West,7,3301,WASHINGTON AVE & S SWAN ST,WASHINGTON AVE & S SWAN ST(03301),42.65418,-73.75886,1
10,Western Ave Greyhound,1,West,8,3241,WASHINGTON AVE & DOVE ST,WASHINGTON AVE & DOVE ST(03241),42.65558,-73.76086,1
10,Western Ave Greyhound,1,West,9,3239,WASHINGTON AVE & LARK ST (ARMORY),WASHINGTON AVE & LARK ST (ARMORY) - LARK STATION(03239),42.656373,-73.762598,1
10,Western Ave Greyhound,1,West,10,3455,CENTRAL AVE & HENRY JOHNSON BLVD,CENTRAL AVE & HENRY JOHNSON BLVD(03455),42.65868,-73.76543,1
10,Western Ave Greyhound,1,West,11,2169,WASHINGTON AVE & LEXINGTON AVE,LEXINGTON AVE & WASHINGTON AVE(02169),42.65951,-73.76829,1
10,Western Ave Greyhound,1,West,12,3313,ROBIN ST & WESTERN AVE,ROBIN ST & WESTERN AVE(03313),42.65973,-73.77038,0
10,Western Ave Greyhound,1,West,13,285,WESTERN AVE & THURLOW TERR,WESTERN AVE & THURLOW TERR(00285),42.66026,-73.77213,1
10,Western Ave Greyhound,1,West,14,286,WESTERN AVE & N LAKE AVE,WESTERN AVE & N LAKE AVE(00286),42.66098,-73.77425,1
10,Western Ave Greyhound,1,West,15,283,WESTERN AVE & QUAIL ST,WESTERN AVE & QUAIL ST(00283),42.66161,-73.77689,1
10,Western Ave Greyhound,1,West,16,883,WESTERN AVE & ONTARIO ST,WESTERN AVE & ONTARIO ST(00883),42.66268,-73.77968,1
10,Western Ave Greyhound,1,West,17,884,WESTERN AVE & PARTRIDGE ST,WESTERN AVE & PARTRIDGE ST(00884),42.66351,-73.78223,1
10,Western Ave Greyhound,1,West,18,887,WESTERN AVE & N MAIN AVE,WESTERN AVE & N MAIN AVE(00887),42.66538,-73.78797,0
10,Western Ave Greyhound,1,West,19,2112,WESTERN AVE & W LAWRENCE ST,WESTERN AVE & W LAWRENCE ST(02112),42.66597,-73.78992,0
10,Western Ave Greyhound,1,West,20,889,WESTERN AVE & ALLEN ST,WESTERN AVE & ALLEN ST(00889),42.66656,-73.7917,1
10,Western Ave Greyhound,1,West,21,277,WESTERN AVE & N PINE AVE,WESTERN AVE & N PINE AVE(00277),42.66708,-73.79346,0
10,Western Ave Greyhound,1,West,22,278,WESTERN AVE & MANNING BLVD,WESTERN AVE & MANNING BLVD(00278),42.66759,-73.79498,0
10,Western Ave Greyhound,1,West,23,279,WESTERN AVE & WINTHROP AVE,NULL,42.668363,-73.797559,0
10,Western Ave Greyhound,1,West,24,335,WESTERN AVE & HOMESTEAD AVE,WESTERN AVE & HOMESTEAD AVE(00335),42.66871,-73.79865,0
10,Western Ave Greyhound,1,West,25,298,WESTERN AVE & TERRACE AVE,NULL,42.6691,-73.79983,0
10,Western Ave Greyhound,1,West,26,288,WESTERN AVE & FAIRLAWN AVE,NULL,42.66944,-73.80086,0
10,Western Ave Greyhound,1,West,27,281,WESTERN AVE & BELVEDERE AVE,WESTERN AVE & BELVEDERE AVE(00281),42.66964,-73.80133,0
10,Western Ave Greyhound,1,West,28,289,WESTERN AVE & EILEEN ST,WESTERN AVE & EILEEN ST(00289),42.67033,-73.80341,0
10,Western Ave Greyhound,1,West,29,290,WESTERN AVE & CLERMONT ST,NULL,42.67083,-73.80467,0
10,Western Ave Greyhound,1,West,30,291,WESTERN AVE & ROSEMONT ST,WESTERN AVE & ROSEMONT ST(00291),42.6709,-73.80554,0
10,Western Ave Greyhound,1,West,31,865,WESTERN AVE & BREVATOR ST,WESTERN AVE & BREVATOR ST(00865),42.67131,-73.80675,0
10,Western Ave Greyhound,1,West,32,867,WESTERN AVE & SEMINOLE AVE,NULL,42.672,-73.8086,0
10,Western Ave Greyhound,1,West,33,10221,WESTERN AVE & DAYTONA AVE,WESTERN AVE & DAYTONA AVE(10221),42.67231,-73.81007,0
10,Western Ave Greyhound,1,West,34,866,WESTERN AVE & CAMPUS ACCESS RD,WESTERN AVE & CAMPUS ACCESS RD(00866),42.67309,-73.81232,0
10,Western Ave Greyhound,1,West,35,870,WESTERN AVE & RUSSELL RD,WESTERN AVE & RUSSELL RD(00870),42.67431,-73.81613,0
10,Western Ave Greyhound,1,West,36,872,WESTERN AVE & CAMBRIDGE RD,NULL,42.67486,-73.81746,0
10,Western Ave Greyhound,1,West,37,871,WESTERN AVE & CLAREDON RD,WESTERN AVE & CLAREDON RD(00871),42.67513,-73.8188,0
10,Western Ave Greyhound,1,West,38,873,WESTERN AVE & TUDOR RD,WESTERN AVE & TUDOR RD(00873),42.67553,-73.82003,0
10,Western Ave Greyhound,1,West,39,413,WESTERN AVE & UNIVERSITY PL,WESTERN AVE & UNIVERSITY PL(00413),42.67619,-73.82211,0
10,Western Ave Greyhound,1,West,40,874,WESTERN AVE & HOMESTEAD ST,WESTERN AVE & HOMESTEAD ST(00874),42.6767,-73.823256,0
10,Western Ave Greyhound,1,West,41,10217,WESTERN AVE & GLYNN ST,NULL,42.676942,-73.824612,0
10,Western Ave Greyhound,1,West,42,10616,WESTERN AVE & BEST WESTERN,WESTERN AVE & BEST WESTERN(10616),42.67799,-73.82765,0
10,Western Ave Greyhound,1,West,43,304,WESTERN AVE & ARCADIA AVE,NULL,42.67867,-73.82958,0
10,Western Ave Greyhound,1,West,44,305,WESTERN AVE & KNOWLES TERR,WESTERN AVE & KNOWLES TERR(00305),42.67897,-73.83073,0
10,Western Ave Greyhound,1,West,45,306,WESTERN AVE & WAVERLY PL,NULL,42.67958,-73.832733,0
10,Western Ave Greyhound,1,West,46,10193,WESTERN AVE & NORWOOD ST,WESTERN AVE & NORWOOD ST(10193),42.67989,-73.83363,0
10,Western Ave Greyhound,1,West,47,309,WESTERN AVE & GLENWOOD ST,NULL,42.680373,-73.835247,0
10,Western Ave Greyhound,1,West,48,308,WESTERN AVE & PARKWOOD ST,WESTERN AVE & PARKWOOD ST(00308),42.68077,-73.83635,0
10,Western Ave Greyhound,1,West,49,310,WESTERN AVE & ELMWOOD ST,NULL,42.681199,-73.83784,0
10,Western Ave Greyhound,1,West,50,10614,STUYVESANT PLAZA (CVS),NULL,42.68395,-73.84053,0
10,Western Ave Greyhound,1,West,51,10623,STUYVESANT PLAZA (US POST OFFICE),STUYVESANT PLAZA (US POST OFFICE)(10623),42.68394,-73.84052,0
10,Western Ave Greyhound,1,West,52,10622,STUYVESANT PLAZA (MANGIA),STUYVESANT PLAZA (CREO)(10622),42.6825,-73.83875,0
10,Western Ave Greyhound,1,West,53,10621,WESTERN AVE & STUYVESANT PLAZA,WESTERN AVE & STUYVESANT PLAZA(10621),42.68192,-73.83987,0
10,Western Ave Greyhound,1,West,54,374,WESTERN AVE & CHAPMAN DR,WESTERN AVE & CHAPMAN DR(00374),42.68477,-73.84883,0
10,Western Ave Greyhound,1,West,55,375,WESTERN AVE & CROSSGATES MALL RD,NULL,42.68569,-73.85149,0
10,Western Ave Greyhound,1,West,56,376,WESTERN AVE & ALTON RD,WESTERN AVE & ALTON RD(00376),42.68661,-73.85454,0
10,Western Ave Greyhound,1,West,57,10602,WESTERN AVE & LAWTON TERR,WESTERN AVE & LAWTON TERR(10602),42.68763,-73.8576,0
10,Western Ave Greyhound,1,West,58,378,WESTERN AVE & JOHSTON ST,WESTERN AVE & JOHNSTON ST(00378),42.6881,-73.85921,0
10,Western Ave Greyhound,1,West,59,7175,CROSSGATES MID-MALL,CROSSGATES MID-MALL(07175),42.68866,-73.85159,1
11,Route 11 Washington,0,East,1,7175,CROSSGATES MID-MALL,CROSSGATES MID-MALL(07175),42.68866,-73.85159,1
11,Route 11 Washington,0,East,2,10135,WASHINGTON AVE & MAIN SUNY ENTRANCE RD,WASHINGTON AVE & SUNY ENTRANCE RD(10135),42.68943,-73.82075,0
11,Route 11 Washington,0,East,3,7216,SUNY COLLINS CIRCLE,SUNY COLLINS CIRCLE(07216),42.68747,-73.8223,1
11,Route 11 Washington,0,East,4,10134,WASHINGTON AVE & SUNY EXIT RD,WASHINGTON AVE & SUNY EXIT RD(10134),42.68657,-73.81541,0
11,Route 11 Washington,0,East,5,3348,WASHINGTON AVE & BREVATOR ST,WASHINGTON AVE & BREVATOR ST(03348),42.67798,-73.80015,0
11,Route 11 Washington,0,East,6,3308,WASHINGTON AVE & ROSEMONT ST,NULL,42.677431,-73.798972,0
11,Route 11 Washington,0,East,7,3304,WASHINGTON AVE & CLERMONT ST,WASHINGTON AVE & CLERMONT ST(03304),42.67688,-73.79821,0
11,Route 11 Washington,0,East,8,3303,WASHINGTON AVE & EILEEN ST,NULL,42.676386,-73.797167,0
11,Route 11 Washington,0,East,9,3260,WASHINGTON AVE & EDGEWOOD AVE,NULL,42.675944,-73.796403,0
11,Route 11 Washington,0,East,10,2182,WASHINGTON AVE & HAWTHORNE ST,WASHINGTON AVE & HAWTHORNE ST(02182),42.67547,-73.79581,0
11,Route 11 Washington,0,East,11,2181,WASHINGTON AVE & FAIRLAWN AVE,NULL,42.675063,-73.794882,0
11,Route 11 Washington,0,East,12,2098,WASHINGTON AVE & TERRACE AVE,NULL,42.674532,-73.793959,0
11,Route 11 Washington,0,East,13,2180,WASHINGTON AVE & HOMESTEAD AVE,WASHINGTON AVE & HOMESTEAD AVE(02180),42.67399,-73.79326,0
11,Route 11 Washington,0,East,14,3259,WASHINGTON AVE & WINTHROP AVE,NULL,42.673485,-73.792162,0
11,Route 11 Washington,0,East,15,11581,WASHINGTON AVE & MANNING BLVD,WASHINGTON AVE & MANNING BLVD(11581),42.67271,-73.79105,1
11,Route 11 Washington,0,East,16,2205,WASHINGTON AVE & PINE ST,NULL,42.671604,-73.788874,0
11,Route 11 Washington,0,East,17,1796,WASHINGTON AVE & N ALLEN ST,WASHINGTON AVE & N ALLEN ST(01796),42.67078,-73.7877,0
11,Route 11 Washington,0,East,18,2108,WASHINGTON AVE & W LAWRENCE ST,WASHINGTON AVE & W LAWRENCE ST(02108),42.66985,-73.78612,0
11,Route 11 Washington,0,East,19,3257,WASHINGTON AVE & N MAIN AVE,WASHINGTON AVE & N MAIN AVE(03257),42.66894,-73.78455,0
11,Route 11 Washington,0,East,20,2107,WASHINGTON AVE & PARTRIDGE ST,WASHINGTON AVE & PARTRIDGE ST(02107),42.66621,-73.7798,0
11,Route 11 Washington,0,East,21,3256,WASHINGTON AVE & ONTARIO ST,WASHINGTON AVE & ONTARIO ST(03256),42.66496,-73.77765,0
11,Route 11 Washington,0,East,22,3255,WASHINGTON AVE & QUAIL ST,WASHINGTON AVE & QUAIL ST(03255),42.66375,-73.77549,0
11,Route 11 Washington,0,East,23,2109,WASHINGTON AVE & N LAKE AVE,WASHINGTON AVE & N LAKE AVE(02109),42.66231,-73.77303,0
11,Route 11 Washington,0,East,24,3253,WASHINGTON AVE & ROBIN ST (DRAPER HALL),WASHINGTON AVE & ROBIN ST (DRAPER HALL)(03253),42.66111,-73.77101,0
11,Route 11 Washington,1,West,1,3253,WASHINGTON AVE & ROBIN ST (DRAPER HALL),WASHINGTON AVE & ROBIN ST (DRAPER HALL)(03253),42.66111,-73.77101,0
11,Route 11 Washington,1,West,2,3313,ROBIN ST & WESTERN AVE,ROBIN ST & WESTERN AVE(03313),42.65973,-73.77038,0
11,Route 11 Washington,1,West,3,10610,BACKSIDE OF DRAPER ON WESTERN AVE,BACKSIDE OF DRAPER ON WESTERN AVE(10610),42.65995,-73.77107,0
11,Route 11 Washington,1,West,4,285,WESTERN AVE & THURLOW TERR,WESTERN AVE & THURLOW TERR(00285),42.66026,-73.77213,1
11,Route 11 Washington,1,West,5,286,WESTERN AVE & N LAKE AVE,WESTERN AVE & N LAKE AVE(00286),42.66098,-73.77425,1
11,Route 11 Washington,1,West,6,283,WESTERN AVE & QUAIL ST,WESTERN AVE & QUAIL ST(00283),42.66161,-73.77689,1
11,Route 11 Washington,1,West,7,883,WESTERN AVE & ONTARIO ST,WESTERN AVE & ONTARIO ST(00883),42.66268,-73.77968,1
11,Route 11 Washington,1,West,8,884,WESTERN AVE & PARTRIDGE ST,WESTERN AVE & PARTRIDGE ST(00884),42.66351,-73.78223,1
11,Route 11 Washington,1,West,9,887,WESTERN AVE & N MAIN AVE,WESTERN AVE & N MAIN AVE(00887),42.66538,-73.78797,0
11,Route 11 Washington,1,West,10,11436,N MAIN AVE & WASHINGTON AVE,N MAIN AVE & WASHINGTON AVE(11436),42.66879,-73.78469,0
11,Route 11 Washington,1,West,11,3263,WASHINGTON AVE & W LAWRENCE ST,NULL,42.66985,-73.78612,0
11,Route 11 Washington,1,West,12,3287,WASHINGTON AVE & N ALLEN ST,WASHINGTON AVE & ALLEN ST(03287),42.6707,-73.78725,1
11,Route 11 Washington,1,West,13,1997,WASHINGTON AVE & PINE ST,NULL,42.671604,-73.788874,0
11,Route 11 Washington,1,West,14,1846,WASHINGTON AVE & MANNING BLVD,WASHINGTON AVE & MANNING BLVD(01846),42.67262,-73.79062,0
11,Route 11 Washington,1,West,15,1847,WASHINGTON AVE & WINTHROP AVE,NULL,42.673485,-73.792162,0
11,Route 11 Washington,1,West,16,1849,WASHINGTON AVE & HOMESTEAD AVE,WASHINGTON AVE & HOMESTEAD AVE(01849),42.67386,-73.79277,0
11,Route 11 Washington,1,West,17,1850,WASHINGTON AVE & VER PLANCK ST,NULL,42.674406,-73.793731,0
11,Route 11 Washington,1,West,18,1851,WASHINGTON AVE & VAN BUREN ST,NULL,42.674836,-73.794509,0
11,Route 11 Washington,1,West,19,3399,WASHINGTON AVE & DANKER AVE,WASHINGTON AVE & DANKER AVE(03399),42.67522,-73.79512,0
11,Route 11 Washington,1,West,20,1874,WASHINGTON AVE & CROSSWELL AVE,NULL,42.675802,-73.796148,0
11,Route 11 Washington,1,West,21,1840,WASHINGTON AVE & BUELL ST,NULL,42.676265,-73.796929,0
11,Route 11 Washington,1,West,22,1959,WASHINGTON AVE & COLVIN AVE,WASHINGTON AVE & COLVIN AVE(01959),42.67657,-73.79748,0
11,Route 11 Washington,1,West,23,1852,WASHINGTON AVE & ROSEMONT ST,NULL,42.677431,-73.798972,0
11,Route 11 Washington,1,West,24,976,WASHINGTON AVE & BREVATOR ST,WASHINGTON AVE & BREVATOR ST(00976),42.67795,-73.79976,0
11,Route 11 Washington,1,West,25,1853,WASHINGTON AVE & VICTOR ST,NULL,42.678504,-73.800823,0
11,Route 11 Washington,1,West,26,979,WASHINGTON AVE & JERMAIN ST,NULL,42.67901,-73.801684,0
11,Route 11 Washington,1,West,27,3262,WASHINGTON AVE & FAIRFIELD INN,WASHINGTON AVE & FAIRFIELD INN(03262),42.68655,-73.81467,0
11,Route 11 Washington,1,West,28,10135,WASHINGTON AVE & MAIN SUNY ENTRANCE RD,WASHINGTON AVE & SUNY ENTRANCE RD(10135),42.68943,-73.82075,0
11,Route 11 Washington,1,West,29,7216,SUNY COLLINS CIRCLE,SUNY COLLINS CIRCLE(07216),42.68747,-73.8223,1
11,Route 11 Washington,1,West,30,7175,CROSSGATES MID-MALL,CROSSGATES MID-MALL(07175),42.68866,-73.85159,1
11,Route 11 Western,0,East,1,10615,UALBANY LIBRARY,UALBANY LIBRARY(10615),42.68504,-73.82618,0
11,Route 11 Western,0,East,2,231,WESTERN AVE & TRYON PL,WESTERN AVE & TRYON PL(00231),42.67721,-73.82577,0
11,Route 11 Western,0,East,3,233,WESTERN AVE & GLYNN ST,NULL,42.676942,-73.824612,0
11,Route 11 Western,0,East,4,232,WESTERN AVE & HOMESTEAD ST,WESTERN AVE & HOMESTEAD ST(00232),42.67648,-73.82349,0
11,Route 11 Western,0,East,5,234,WESTERN AVE & MAGAZINE ST,WESTERN AVE & MAGAZINE ST(00234),42.67554,-73.82053,0
11,Route 11 Western,0,East,6,235,WESTERN AVE & LOCUST ST,WESTERN AVE & LOCUST ST(00235),42.67491,-73.81852,0
11,Route 11 Western,0,East,7,236,WESTERN AVE & RUSSELL RD,WESTERN AVE & RUSSELL RD(00236),42.6741,-73.81604,0
11,Route 11 Western,0,East,8,228,WESTERN AVE & BEACON AVE,WESTERN AVE & BEACON AVE(00228),42.67351,-73.8141,0
11,Route 11 Western,0,East,9,10612,WESTERN AVE & HILLCREST AVE,WESTERN AVE & HILLCREST AVE(10612),42.67334,-73.81312,0
11,Route 11 Western,0,East,10,251,WESTERN AVE & PINEHURST AVE,NULL,42.672866,-73.81174,0
11,Route 11 Western,0,East,11,239,WESTERN AVE & ORLANDO AVE,NULL,42.67251,-73.81073,0
11,Route 11 Western,0,East,12,240,WESTERN AVE & DAYTONA AVE,WESTERN AVE & DAYTONA AVE(00240),42.67218,-73.8099,0
11,Route 11 Western,0,East,13,241,WESTERN AVE & SEMINOLE AVE,NULL,42.6722,-73.8086,0
11,Route 11 Western,0,East,14,242,WESTERN AVE & TAMPA AVE / ORMOND ST,WESTERN AVE & TAMPA AVE / ORMOND ST(00242),42.6713,-73.80715,0
11,Route 11 Western,0,East,15,243,WESTERN AVE & ORMOND ST / DAVIS AVE,WESTERN AVE & ORMOND ST / DAVIS AVE(00243),42.67088,-73.80575,0
11,Route 11 Western,0,East,16,244,WESTERN AVE & MILNER AVE,NULL,42.67079,-73.80431,0
11,Route 11 Western,0,East,17,245,WESTERN AVE & COLONIAL AVE,WESTERN AVE & COLONIAL AVE(00245),42.67007,-73.80322,0
11,Route 11 Western,0,East,18,238,WESTERN AVE & HOLMES DALE AVE,WESTERN AVE & HOLMESDALE AVE(00238),42.66966,-73.80202,0
11,Route 11 Western,0,East,19,296,WESTERN AVE & FAIRLAWN AVE,NULL,42.66938,-73.80062,0
11,Route 11 Western,0,East,20,297,WESTERN AVE & EUCLID AVE,NULL,42.66908,-73.79938,0
11,Route 11 Western,0,East,21,247,WESTERN AVE & BROOKLINE AVE,WESTERN AVE & BROOKLINE AVE(00247),42.66856,-73.79846,0
11,Route 11 Western,0,East,22,248,WESTERN AVE & MARION AVE,NULL,42.668166,-73.796947,0
11,Route 11 Western,0,East,23,249,WESTERN AVE & S MANNING BLVD,WESTERN AVE & S MANNING BLVD(00249),42.66769,-73.79575,0
11,Route 11 Western,0,East,24,877,WESTERN AVE & ALLEN ST,WESTERN AVE & ALLEN ST(00877),42.66641,-73.79168,1
11,Route 11 Western,0,East,25,1356,WESTERN AVE & W LAWRENCE ST,WESTERN AVE & W LAWRENCE ST(01356),42.66599,-73.79034,0
11,Route 11 Western,0,East,26,3428,WESTERN AVE & N MAIN ST,WESTERN AVE & N MAIN AVE(03428),42.66528,-73.78803,0
11,Route 11 Western,0,East,27,882,WESTERN AVE & PARTRIDGE ST,WESTERN AVE & PARTRIDGE ST(00882),42.6635,-73.78255,0
11,Route 11 Western,0,East,28,257,WESTERN AVE & ONTARIO ST,WESTERN AVE & ONTARIO ST(00257),42.6627,-73.77996,1
11,Route 11 Western,0,East,29,258,WESTERN AVE & QUAIL ST,WESTERN AVE & QUAIL ST(00258),42.66187,-73.77746,0
11,Route 11 Western,0,East,30,259,WESTERN AVE & S LAKE AVE,WESTERN AVE & S LAKE AVE(00259),42.66092,-73.77441,1
11,Route 11 Western,0,East,31,260,WESTERN AVE & THURLOW TERR,WESTERN AVE & THURLOW TERR(00260),42.66034,-73.77258,1
11,Route 11 Western,0,East,32,3253,WASHINGTON AVE & ROBIN ST (DRAPER HALL),WASHINGTON AVE & ROBIN ST (DRAPER HALL)(03253),42.66111,-73.77101,0
11,Route 11 Western,1,West,1,3253,WASHINGTON AVE & ROBIN ST (DRAPER HALL),WASHINGTON AVE & ROBIN ST (DRAPER HALL)(03253),42.66111,-73.77101,0
11,Route 11 Western,1,West,2,3313,ROBIN ST & WESTERN AVE,ROBIN ST & WESTERN AVE(03313),42.65973,-73.77038,0
11,Route 11 Western,1,West,3,10610,BACKSIDE OF DRAPER ON WESTERN AVE,BACKSIDE OF DRAPER ON WESTERN AVE(10610),42.65995,-73.77107,0
11,Route 11 Western,1,West,4,285,WESTERN AVE & THURLOW TERR,WESTERN AVE & THURLOW TERR(00285),42.66026,-73.77213,1
11,Route 11 Western,1,West,5,286,WESTERN AVE & N LAKE AVE,WESTERN AVE & N LAKE AVE(00286),42.66098,-73.77425,1
11,Route 11 Western,1,West,6,283,WESTERN AVE & QUAIL ST,WESTERN AVE & QUAIL ST(00283),42.66161,-73.77689,1
11,Route 11 Western,1,West,7,883,WESTERN AVE & ONTARIO ST,WESTERN AVE & ONTARIO ST(00883),42.66268,-73.77968,1
11,Route 11 Western,1,West,8,884,WESTERN AVE & PARTRIDGE ST,WESTERN AVE & PARTRIDGE ST(00884),42.66351,-73.78223,1
11,Route 11 Western,1,West,9,887,WESTERN AVE & N MAIN ST,WESTERN AVE & N MAIN AVE(00887),42.66538,-73.78797,0
11,Route 11 Western,1,West,10,2112,WESTERN AVE & W LAWRENCE ST,WESTERN AVE & W LAWRENCE ST(02112),42.66597,-73.78992,0
11,Route 11 Western,1,West,11,889,WESTERN AVE & ALLEN ST,WESTERN AVE & ALLEN ST(00889),42.66656,-73.7917,1
11,Route 11 Western,1,West,12,277,WESTERN AVE & N PINE AVE,WESTERN AVE & N PINE AVE(00277),42.66708,-73.79346,0
11,Route 11 Western,1,West,13,278,WESTERN AVE & MANNING BLVD,WESTERN AVE & MANNING BLVD(00278),42.66759,-73.79498,0
11,Route 11 Western,1,West,14,279,WESTERN AVE & WINTHROP AVE,NULL,42.668363,-73.797559,0
11,Route 11 Western,1,West,15,335,WESTERN AVE & HOMESTEAD AVE,WESTERN AVE & HOMESTEAD AVE(00335),42.66871,-73.79865,0
11,Route 11 Western,1,West,16,298,WESTERN AVE & TERRACE AVE,NULL,42.6691,-73.79983,0
11,Route 11 Western,1,West,17,288,WESTERN AVE & FAIRLAWN AVE,NULL,42.66944,-73.80086,0
11,Route 11 Western,1,West,18,281,WESTERN AVE & BELVEDERE AVE,WESTERN AVE & BELVEDERE AVE(00281),42.66964,-73.80133,0
11,Route 11 Western,1,West,19,289,WESTERN AVE & EILEEN ST,WESTERN AVE & EILEEN ST(00289),42.67033,-73.80341,0
11,Route 11 Western,1,West,20,290,WESTERN AVE & CLERMONT ST,NULL,42.67083,-73.80467,0
11,Route 11 Western,1,West,21,291,WESTERN AVE & ROSEMONT ST,WESTERN AVE & ROSEMONT ST(00291),42.6709,-73.80554,0
11,Route 11 Western,1,West,22,865,WESTERN AVE & BREVATOR ST,WESTERN AVE & BREVATOR ST(00865),42.67131,-73.80675,0
11,Route 11 Western,1,West,23,867,WESTERN AVE & SEMINOLE AVE,NULL,42.672,-73.8086,0
11,Route 11 Western,1,West,24,10221,WESTERN AVE & DAYTONA AVE,WESTERN AVE & DAYTONA AVE(10221),42.67231,-73.81007,0
11,Route 11 Western,1,West,25,866,WESTERN AVE & CAMPUS ACCESS RD,WESTERN AVE & CAMPUS ACCESS RD(00866),42.67309,-73.81232,0
11,Route 11 Western,1,West,26,870,WESTERN AVE & RUSSELL RD,WESTERN AVE & RUSSELL RD(00870),42.67431,-73.81613,0
11,Route 11 Western,1,West,27,872,WESTERN AVE & CAMBRIDGE RD,NULL,42.67486,-73.81746,0
11,Route 11 Western,1,West,28,871,WESTERN AVE & CLAREDON RD,WESTERN AVE & CLAREDON RD(00871),42.67513,-73.8188,0
11,Route 11 Western,1,West,29,873,WESTERN AVE & TUDOR RD,WESTERN AVE & TUDOR RD(00873),42.67553,-73.82003,0
11,Route 11 Western,1,West,30,413,WESTERN AVE & UNIVERSITY PL,WESTERN AVE & UNIVERSITY PL(00413),42.67619,-73.82211,0
11,Route 11 Western,1,West,31,874,WESTERN AVE & HOMESTEAD ST,WESTERN AVE & HOMESTEAD ST(00874),42.6767,-73.823256,0
11,Route 11 Western,1,West,32,10217,WESTERN AVE & GLYNN ST,NULL,42.676942,-73.824612,0
11,Route 11 Western,1,West,33,10613,UALBANY (RACC BUILDING),UALBANY (SEFCU CENTER)(10613),42.68282,-73.8286,0
11,Route 11 Western,1,West,34,10615,UALBANY LIBRARY,UALBANY LIBRARY(10615),42.68504,-73.82618,0
12,Route 12 Broadway,0,East,1,7175,CROSSGATES MID-MALL,CROSSGATES MID-MALL(07175),42.68866,-73.85159,1
12,Route 12 Broadway,0,East,2,10626,WALMART - CROSSGATES COMMONS (weekends only),WALMART GARDEN CENTER(10626),42.69438,-73.84781,0
12,Route 12 Broadway,0,East,3,10135,WASHINGTON AVE & MAIN SUNY ENTRANCE RD,WASHINGTON AVE & SUNY ENTRANCE RD(10135),42.68943,-73.82075,0
12,Route 12 Broadway,0,East,4,7216,SUNY COLLINS CIRCLE,SUNY COLLINS CIRCLE(07216),42.68747,-73.8223,1
12,Route 12 Broadway,0,East,5,10134,WASHINGTON AVE & SUNY EXIT RD,WASHINGTON AVE & SUNY EXIT RD(10134),42.68657,-73.81541,0
12,Route 12 Broadway,0,East,6,10627,BUILDING 22 (select trips),NULL,42.67912,-73.80932,0
12,Route 12 Broadway,0,East,7,10628,BUILDING 12 (select trips),NULL,42.67912,-73.80932,0
12,Route 12 Broadway,0,East,8,10629,BUILDING 8 (select trips),BUILDING 8(10629),42.67912,-73.80932,0
12,Route 12 Broadway,0,East,9,10630,BUILDING 2 (select trips),NULL,42.67912,-73.80932,0
12,Route 12 Broadway,0,East,10,10631,BUILDING 1 (select trips),NULL,42.67912,-73.80932,0
12,Route 12 Broadway,0,East,11,3348,WASHINGTON AVE & BREVATOR ST (select trips),WASHINGTON AVE & BREVATOR ST(03348),42.67798,-73.80015,0
12,Route 12 Broadway,0,East,12,3308,WASHINGTON AVE & ROSEMONT ST,NULL,42.677431,-73.798972,0
12,Route 12 Broadway,0,East,13,3304,WASHINGTON AVE & CLERMONT ST,WASHINGTON AVE & CLERMONT ST(03304),42.67688,-73.79821,0
12,Route 12 Broadway,0,East,14,3303,WASHINGTON AVE & EILEEN ST,NULL,42.676386,-73.797167,0
12,Route 12 Broadway,0,East,15,3260,WASHINGTON AVE & EDGEWOOD AVE,NULL,42.675944,-73.796403,0
12,Route 12 Broadway,0,East,16,2182,WASHINGTON AVE & HAWTHORNE ST,WASHINGTON AVE & HAWTHORNE ST(02182),42.67547,-73.79581,0
12,Route 12 Broadway,0,East,17,2181,WASHINGTON AVE & FAIRLAWN AVE,NULL,42.675063,-73.794882,0
12,Route 12 Broadway,0,East,18,2098,WASHINGTON AVE & TERRACE AVE,NULL,42.674532,-73.793959,0
12,Route 12 Broadway,0,East,19,2180,WASHINGTON AVE & HOMESTEAD AVE,WASHINGTON AVE & HOMESTEAD AVE(02180),42.67399,-73.79326,0
12,Route 12 Broadway,0,East,20,3259,WASHINGTON AVE & WINTHROP AVE,NULL,42.673485,-73.792162,0
12,Route 12 Broadway,0,East,21,11581,WASHINGTON AVE & MANNING BLVD,WASHINGTON AVE & MANNING BLVD(11581),42.67271,-73.79105,1
12,Route 12 Broadway,0,East,22,2205,WASHINGTON AVE & PINE ST,NULL,42.671604,-73.788874,0
12,Route 12 Broadway,0,East,23,1796,WASHINGTON AVE & N ALLEN ST,WASHINGTON AVE & N ALLEN ST(01796),42.67078,-73.7877,0
12,Route 12 Broadway,0,East,24,2108,WAHSINGTON AVE & W LAWRENCE ST,WASHINGTON AVE & W LAWRENCE ST(02108),42.66985,-73.78612,0
12,Route 12 Broadway,0,East,25,3257,WASHINGTON AVE & N MAIN AVE,WASHINGTON AVE & N MAIN AVE(03257),42.66894,-73.78455,0
12,Route 12 Broadway,0,East,26,2107,WASHINGTON AVE & PARTRIDGE ST,WASHINGTON AVE & PARTRIDGE ST(02107),42.66621,-73.7798,0
12,Route 12 Broadway,0,East,27,3256,WASHINGTON AVE & ONTARIO ST,WASHINGTON AVE & ONTARIO ST(03256),42.66496,-73.77765,0
12,Route 12 Broadway,0,East,28,3255,WASHINGTON AVE & QUAIL ST,WASHINGTON AVE & QUAIL ST(03255),42.66375,-73.77549,0
12,Route 12 Broadway,0,East,29,2109,WASHINGTON AVE & N LAKE AVE,WASHINGTON AVE & N LAKE AVE(02109),42.66231,-73.77303,0
12,Route 12 Broadway,0,East,30,3253,WASHINGTON AVE & ROBIN ST (DRAPER HALL),WASHINGTON AVE & ROBIN ST (DRAPER HALL)(03253),42.66111,-73.77101,0
12,Route 12 Broadway,0,East,31,3254,WASHINGTON AVE & ROBIN ST,WASHINGTON AVE & ROBIN ST(03254),42.66045,-73.76983,0
12,Route 12 Broadway,0,East,32,2096,WASHINGTON AVE & LEXINGTON AVE,WASHINGTON AVE & LEXINGTON AVE(02096),42.65948,-73.76855,0
12,Route 12 Broadway,0,East,33,263,WASHINGTON AVE & HENRY JOHNSON BLVD,WASHINGTON AVE & HENRY JOHNSON BLVD(00263),42.65804,-73.7655,0
12,Route 12 Broadway,0,East,34,2663,WASHINGTON AVE & LARK ST,WASHINGTON AVE & LARK ST - LARK STATION(02663),42.656907,-73.76358,1
12,Route 12 Broadway,0,East,35,1788,WASHINGTON AVE & DOVE ST,WASHINGTON AVE & DOVE ST(01788),42.65566,-73.76117,0
12,Route 12 Broadway,0,East,36,1789,WASHINGTON AVE & S SWAN ST,WASHINGTON AVE & S SWAN ST(01789),42.65399,-73.75874,1
12,Route 12 Broadway,0,East,37,2706,WASHINGTON AVE & HAWK ST (THE CAPITOL),WASHINGTON AVE & HAWK ST - CAPITOL/HAWK STATION(02706),42.653175,-73.75717,1
12,Route 12 Broadway,0,East,38,1787,STATE ST & EAGLE ST,STATE ST & EAGLE ST(01787),42.65083,-73.75509,0
12,Route 12 Broadway,0,East,39,2509,STATE ST & LODGE ST,STATE ST & SO PEARL ST - SO PEARL STATION(02509),42.650082,-73.753475,1
12,Route 12 Broadway,0,East,40,2589,STATE ST & PEARL ST,NULL,42.649842,-73.752734,0
12,Route 12 Broadway,0,East,41,3940,BROADWAY & PETER D KIERNAN PLAZA,BROADWAY & PETER D KIERNAN PLAZA(03940),42.65145,-73.74976,1
12,Route 12 Broadway,0,East,42,9018,BROADWAY & ORANGE ST,BROADWAY & ORANGE ST(09018),42.65344,-73.74883,1
12,Route 12 Broadway,1,West,1,9018,BROADWAY & ORANGE ST,BROADWAY & ORANGE ST(09018),42.65344,-73.74883,1
12,Route 12 Broadway,1,West,2,502,BROADWAY & QUACKENBUSH SQUARE ,NULL,42.65431,-73.74888,0
12,Route 12 Broadway,1,West,3,3234,WILSON ST & N PEARL ST,NULL,42.65613,-73.74966,0
12,Route 12 Broadway,1,West,4,2168,N PEARL ST & CLINTON AVE (CLINTON SQUARE),N PEARL ST & CLINTON AVE (CLINTON SQUARE)(02168),42.65457,-73.75085,1
12,Route 12 Broadway,1,West,5,10577,N PEARL ST & ORANGE ST,NULL,42.65361,-73.75018,0
12,Route 12 Broadway,1,West,6,3233,N PEARL ST & SHERIDAN AVE,N PEARL ST & SHERIDAN AVE(03233),42.6526,-73.75079,0
12,Route 12 Broadway,1,West,7,3221,N PEARL ST & TEN EYCK PLAZA,N PEARL ST & TEN EYCK PLAZA(03221),42.65049,-73.75239,1
12,Route 12 Broadway,1,West,8,2665,STATE ST & LODGE ST,STATE ST & LODGE ST - S.PEARL STATION(02665),42.650315,-73.753582,1
12,Route 12 Broadway,1,West,9,10087,EAGLE ST & STATE ST (CITY HALL),STATE ST & EAGLE ST(10087),42.65143,-73.755,1
12,Route 12 Broadway,1,West,10,3250,WASHINGTON AVE & HAWK ST,WASHINGTON AVE & HAWK ST - CAPITOL/HAWK STATION(03250),42.652927,-73.756527,1
12,Route 12 Broadway,1,West,11,3301,WASHINGTON AVE & S SWAN ST,WASHINGTON AVE & S SWAN ST(03301),42.65418,-73.75886,1
12,Route 12 Broadway,1,West,12,3241,WASHINGTON AVE & DOVE ST,WASHINGTON AVE & DOVE ST(03241),42.65558,-73.76086,1
12,Route 12 Broadway,1,West,13,3239,WASHINGTON AVE & LARK ST (ARMORY),WASHINGTON AVE & LARK ST (ARMORY) - LARK STATION(03239),42.656373,-73.762598,1
12,Route 12 Broadway,1,West,14,3455,CENTRAL AVE & HENRY JOHNSON BLVD,CENTRAL AVE & HENRY JOHNSON BLVD(03455),42.65868,-73.76543,1
12,Route 12 Broadway,1,West,15,2169,WASHINGTON AVE & LEXINGTON AVE,LEXINGTON AVE & WASHINGTON AVE(02169),42.65951,-73.76829,1
12,Route 12 Broadway,1,West,16,1843,WASHINGTON AVE & ROBIN ST,WASHINGTON AVE & ROBIN ST(01843),42.661,-73.77056,1
12,Route 12 Broadway,1,West,17,1837,WASHINGTON AVE & N LAKE AVE,WASHINGTON AVE & N LAKE AVE(01837),42.66224,-73.77264,0
12,Route 12 Broadway,1,West,18,1842,WAHSINGTON AVE & QUAIL ST,WASHINGTON AVE & QUAIL ST(01842),42.66367,-73.77504,0
12,Route 12 Broadway,1,West,19,1841,WASHINGTON AVE & ONTARIO ST,WASHINGTON AVE & ONTARIO ST(01841),42.66487,-73.77715,1
12,Route 12 Broadway,1,West,20,1839,WASHINGTON AVE & PARTRIDGE ST,WASHINGTON AVE & PARTRIDGE ST(01839),42.66619,-73.77942,0
12,Route 12 Broadway,1,West,21,3264,WASHINGTON AVE & N MAIN AVE,WASHINGTON AVE & N MAIN AVE(03264),42.66887,-73.78404,0
12,Route 12 Broadway,1,West,22,3263,WASHINGTON AVE & W LAWRENCE ST,NULL,42.66985,-73.78612,0
12,Route 12 Broadway,1,West,23,3287,WASHINGTON AVE & N ALLEN ST,WASHINGTON AVE & ALLEN ST(03287),42.6707,-73.78725,1
12,Route 12 Broadway,1,West,24,1997,WASHINGTON AVE & PINE ST,NULL,42.671604,-73.788874,0
12,Route 12 Broadway,1,West,25,1846,WASHINGTON AVE & MANNING BLVD,WASHINGTON AVE & MANNING BLVD(01846),42.67262,-73.79062,0
12,Route 12 Broadway,1,West,26,1847,WASHINGTON AVE & WINTHROP AVE,NULL,42.673485,-73.792162,0
12,Route 12 Broadway,1,West,27,1849,WASHINGTON AVE & HOMESTEAD AVE,WASHINGTON AVE & HOMESTEAD AVE(01849),42.67386,-73.79277,0
12,Route 12 Broadway,1,West,28,1850,WASHINGTON AVE & VER PLANCK ST,NULL,42.674406,-73.793731,0
12,Route 12 Broadway,1,West,29,1851,WASHINGTON AVE & VAN BUREN ST,NULL,42.674836,-73.794509,0
12,Route 12 Broadway,1,West,30,3399,WASHINGTON AVE & DANKER AVE,WASHINGTON AVE & DANKER AVE(03399),42.67522,-73.79512,0
12,Route 12 Broadway,1,West,31,1874,WASHINGTON AVE & CROSSWELL AVE,NULL,42.675802,-73.796148,0
12,Route 12 Broadway,1,West,32,1840,WASHINGTON AVE & BUELL ST,NULL,42.676265,-73.796929,0
12,Route 12 Broadway,1,West,33,1959,WASHINGTON AVE & COLVIN AVE,WASHINGTON AVE & COLVIN AVE(01959),42.67657,-73.79748,0
12,Route 12 Broadway,1,West,34,1852,WASHINGTON AVE & ROSEMONT ST,NULL,42.677431,-73.798972,0
12,Route 12 Broadway,1,West,35,976,WASHINGTON AVE & BREVATOR ST,WASHINGTON AVE & BREVATOR ST(00976),42.67795,-73.79976,0
12,Route 12 Broadway,1,West,36,1853,WASHINGTON AVE & VICTOR ST,NULL,42.678504,-73.800823,0
12,Route 12 Broadway,1,West,37,979,WASHINGTON AVE & JERMAIN ST,NULL,42.67901,-73.801684,0
12,Route 12 Broadway,1,West,38,3262,WASHINGTON AVE & FAIRFIELD INN,WASHINGTON AVE & FAIRFIELD INN(03262),42.68655,-73.81467,0
12,Route 12 Broadway,1,West,39,10627,BUILDING 22 (select trips),NULL,42.67912,-73.80932,0
12,Route 12 Broadway,1,West,40,10628,BUILDING 12 (select trips),NULL,42.67912,-73.80932,0
12,Route 12 Broadway,1,West,41,10629,BUILDING 8 (select trips),BUILDING 8(10629),42.67912,-73.80932,0
12,Route 12 Broadway,1,West,42,10630,BUILDING 2 (select trips),NULL,42.67912,-73.80932,0
12,Route 12 Broadway,1,West,43,10631,BUILDING 1 (select trips),NULL,42.67912,-73.80932,0
12,Route 12 Broadway,1,West,44,10135,WASHINGTON AVE & MAIN SUNY ENTRANCE RD,WASHINGTON AVE & SUNY ENTRANCE RD(10135),42.68943,-73.82075,0
12,Route 12 Broadway,1,West,45,7216,SUNY COLLINS CIRCLE,SUNY COLLINS CIRCLE(07216),42.68747,-73.8223,1
12,Route 12 Broadway,1,West,46,10626,WALMART - CROSSGATES COMMONS (weekends only),WALMART GARDEN CENTER(10626),42.69438,-73.84781,0
12,Route 12 Broadway,1,West,47,7175,CROSSGATES MID-MALL,CROSSGATES MID-MALL(07175),42.68866,-73.85159,1
12,Route 12 Greyhound,0,East,1,7175,CROSSGATES MID-MALL,CROSSGATES MID-MALL(07175),42.68866,-73.85159,1
12,Route 12 Greyhound,0,East,2,10626,WALMART - CROSSGATES COMMONS (weekends only),WALMART GARDEN CENTER(10626),42.69438,-73.84781,0
12,Route 12 Greyhound,0,East,3,10135,WASHINGTON AVE & MAIN SUNY ENTRANCE RD,WASHINGTON AVE & SUNY ENTRANCE RD(10135),42.68943,-73.82075,0
12,Route 12 Greyhound,0,East,4,7216,SUNY COLLINS CIRCLE,SUNY COLLINS CIRCLE(07216),42.68747,-73.8223,1
12,Route 12 Greyhound,0,East,5,10134,WASHINGTON AVE & SUNY EXIT RD,WASHINGTON AVE & SUNY EXIT RD(10134),42.68657,-73.81541,0
12,Route 12 Greyhound,0,East,6,10627,BUILDING 22 (select trips),NULL,42.67912,-73.80932,0
12,Route 12 Greyhound,0,East,7,10628,BUILDING 12 (select trips),NULL,42.67912,-73.80932,0
12,Route 12 Greyhound,0,East,8,10629,BUILDING 8 (select trips),BUILDING 8(10629),42.67912,-73.80932,0
12,Route 12 Greyhound,0,East,9,10630,BUILDING 2 (select trips),NULL,42.67912,-73.80932,0
12,Route 12 Greyhound,0,East,10,10631,BUILDING 1 (select trips),NULL,42.67912,-73.80932,0
12,Route 12 Greyhound,0,East,11,3348,WASHINGTON AVE & BREVATOR ST (select trips),WASHINGTON AVE & BREVATOR ST(03348),42.67798,-73.80015,0
12,Route 12 Greyhound,0,East,12,3308,WASHINGTON AVE & ROSEMONT ST,NULL,42.677431,-73.798972,0
12,Route 12 Greyhound,0,East,13,3304,WASHINGTON AVE & CLERMONT ST,WASHINGTON AVE & CLERMONT ST(03304),42.67688,-73.79821,0
12,Route 12 Greyhound,0,East,14,3303,WASHINGTON AVE & EILEEN ST,NULL,42.676386,-73.797167,0
12,Route 12 Greyhound,0,East,15,3260,WASHINGTON AVE & EDGEWOOD AVE,NULL,42.675944,-73.796403,0
12,Route 12 Greyhound,0,East,16,2182,WASHINGTON AVE & HAWTHORNE ST,WASHINGTON AVE & HAWTHORNE ST(02182),42.67547,-73.79581,0
12,Route 12 Greyhound,0,East,17,2181,WASHINGTON AVE & FAIRLAWN AVE,NULL,42.675063,-73.794882,0
12,Route 12 Greyhound,0,East,18,2098,WASHINGTON AVE & TERRACE AVE,NULL,42.674532,-73.793959,0
12,Route 12 Greyhound,0,East,19,2180,WASHINGTON AVE & HOMESTEAD AVE,WASHINGTON AVE & HOMESTEAD AVE(02180),42.67399,-73.79326,0
12,Route 12 Greyhound,0,East,20,3259,WASHINGTON AVE & WINTHROP AVE,NULL,42.673485,-73.792162,0
12,Route 12 Greyhound,0,East,21,11581,WASHINGTON AVE & MANNING BLVD,WASHINGTON AVE & MANNING BLVD(11581),42.67271,-73.79105,1
12,Route 12 Greyhound,0,East,22,2205,WASHINGTON AVE & PINE ST,NULL,42.671604,-73.788874,0
12,Route 12 Greyhound,0,East,23,1796,WASHINGTON AVE & N ALLEN ST,WASHINGTON AVE & N ALLEN ST(01796),42.67078,-73.7877,0
12,Route 12 Greyhound,0,East,24,2108,WAHSINGTON AVE & W LAWRENCE ST,WASHINGTON AVE & W LAWRENCE ST(02108),42.66985,-73.78612,0
12,Route 12 Greyhound,0,East,25,3257,WASHINGTON AVE & N MAIN AVE,WASHINGTON AVE & N MAIN AVE(03257),42.66894,-73.78455,0
12,Route 12 Greyhound,0,East,26,2107,WASHINGTON AVE & PARTRIDGE ST,WASHINGTON AVE & PARTRIDGE ST(02107),42.66621,-73.7798,0
12,Route 12 Greyhound,0,East,27,3256,WASHINGTON AVE & ONTARIO ST,WASHINGTON AVE & ONTARIO ST(03256),42.66496,-73.77765,0
12,Route 12 Greyhound,0,East,28,3255,WASHINGTON AVE & QUAIL ST,WASHINGTON AVE & QUAIL ST(03255),42.66375,-73.77549,0
12,Route 12 Greyhound,0,East,29,2109,WASHINGTON AVE & N LAKE AVE,WASHINGTON AVE & N LAKE AVE(02109),42.66231,-73.77303,0
12,Route 12 Greyhound,0,East,30,3253,WASHINGTON AVE & ROBIN ST (DRAPER HALL),WASHINGTON AVE & ROBIN ST (DRAPER HALL)(03253),42.66111,-73.77101,0
12,Route 12 Greyhound,0,East,31,3254,WASHINGTON AVE & ROBIN ST,WASHINGTON AVE & ROBIN ST(03254),42.66045,-73.76983,0
12,Route 12 Greyhound,0,East,32,2096,WASHINGTON AVE & LEXINGTON AVE,WASHINGTON AVE & LEXINGTON AVE(02096),42.65948,-73.76855,0
12,Route 12 Greyhound,0,East,33,263,WASHINGTON AVE & HENRY JOHNSON BLVD,WASHINGTON AVE & HENRY JOHNSON BLVD(00263),42.65804,-73.7655,0
12,Route 12 Greyhound,0,East,34,2663,WASHINGTON AVE & LARK ST,WASHINGTON AVE & LARK ST - LARK STATION(02663),42.656907,-73.76358,1
12,Route 12 Greyhound,0,East,35,1788,WASHINGTON AVE & DOVE ST,WASHINGTON AVE & DOVE ST(01788),42.65566,-73.76117,0
12,Route 12 Greyhound,0,East,36,1789,WASHINGTON AVE & S SWAN ST,WASHINGTON AVE & S SWAN ST(01789),42.65399,-73.75874,1
12,Route 12 Greyhound,0,East,37,2706,WASHINGTON AVE & HAWK ST (THE CAPITOL),WASHINGTON AVE & HAWK ST - CAPITOL/HAWK STATION(02706),42.653175,-73.75717,1
12,Route 12 Greyhound,0,East,38,1787,STATE ST & EAGLE ST,STATE ST & EAGLE ST(01787),42.65083,-73.75509,0
12,Route 12 Greyhound,0,East,39,2509,STATE ST & LODGE ST,STATE ST & SO PEARL ST - SO PEARL STATION(02509),42.650082,-73.753475,1
12,Route 12 Greyhound,0,East,40,2589,STATE ST & PEARL ST,NULL,42.649842,-73.752734,0
12,Route 12 Greyhound,0,East,41,3937,BROADWAY & HUDSON AVE,BROADWAY & HUDSON AVE - BROADWAY STATION(03937),42.64812,-73.75066,0
12,Route 12 Greyhound,0,East,42,10502,MADISON AVE & GREEN ST,MADISON AVE & GREEN ST(10502),42.64492,-73.75236,0
12,Route 12 Greyhound,0,East,43,10503,GREYHOUND TERMINAL,ALBANY BUS TERMINAL(10503),42.64622,-73.75169,1
12,Route 12 Greyhound,1,West,1,10503,GREYHOUND TERMINAL,ALBANY BUS TERMINAL(10503),42.64622,-73.75169,1
12,Route 12 Greyhound,1,West,2,3248,BROADWAY & SUNY PLAZA,SUNY PLAZA - BROADWAY STATION(03248),42.647785,-73.750363,1
12,Route 12 Greyhound,1,West,3,3221,N PEARL ST & TEN EYCK PLAZA,N PEARL ST & TEN EYCK PLAZA(03221),42.65049,-73.75239,1
12,Route 12 Greyhound,1,West,4,2665,STATE ST & LODGE ST,STATE ST & LODGE ST - S.PEARL STATION(02665),42.650315,-73.753582,1
12,Route 12 Greyhound,1,West,5,10087,EAGLE ST & STATE ST (CITY HALL),STATE ST & EAGLE ST(10087),42.65143,-73.755,1
12,Route 12 Greyhound,1,West,6,3250,WASHINGTON AVE & HAWK ST,WASHINGTON AVE & HAWK ST - CAPITOL/HAWK STATION(03250),42.652927,-73.756527,1
12,Route 12 Greyhound,1,West,7,3301,WASHINGTON AVE & S SWAN ST,WASHINGTON AVE & S SWAN ST(03301),42.65418,-73.75886,1
12,Route 12 Greyhound,1,West,8,3241,WASHINGTON AVE & DOVE ST,WASHINGTON AVE & DOVE ST(03241),42.65558,-73.76086,1
12,Route 12 Greyhound,1,West,9,3239,WASHINGTON AVE & LARK ST (ARMORY),WASHINGTON AVE & LARK ST (ARMORY) - LARK STATION(03239),42.656373,-73.762598,1
12,Route 12 Greyhound,1,West,10,3455,CENTRAL AVE & HENRY JOHNSON BLVD,CENTRAL AVE & HENRY JOHNSON BLVD(03455),42.65868,-73.76543,1
12,Route 12 Greyhound,1,West,11,2169,WASHINGTON AVE & LEXINGTON AVE,LEXINGTON AVE & WASHINGTON AVE(02169),42.65951,-73.76829,1
12,Route 12 Greyhound,1,West,12,1843,WASHINGTON AVE & ROBIN ST,WASHINGTON AVE & ROBIN ST(01843),42.661,-73.77056,1
12,Route 12 Greyhound,1,West,13,1837,WASHINGTON AVE & N LAKE AVE,WASHINGTON AVE & N LAKE AVE(01837),42.66224,-73.77264,0
12,Route 12 Greyhound,1,West,14,1842,WAHSINGTON AVE & QUAIL ST,WASHINGTON AVE & QUAIL ST(01842),42.66367,-73.77504,0
12,Route 12 Greyhound,1,West,15,1841,WASHINGTON AVE & ONTARIO ST,WASHINGTON AVE & ONTARIO ST(01841),42.66487,-73.77715,1
12,Route 12 Greyhound,1,West,16,1839,WASHINGTON AVE & PARTRIDGE ST,WASHINGTON AVE & PARTRIDGE ST(01839),42.66619,-73.77942,0
12,Route 12 Greyhound,1,West,17,3264,WASHINGTON AVE & N MAIN AVE,WASHINGTON AVE & N MAIN AVE(03264),42.66887,-73.78404,0
12,Route 12 Greyhound,1,West,18,3263,WASHINGTON AVE & W LAWRENCE ST,NULL,42.66985,-73.78612,0
12,Route 12 Greyhound,1,West,19,3287,WASHINGTON AVE & N ALLEN ST,WASHINGTON AVE & ALLEN ST(03287),42.6707,-73.78725,1
12,Route 12 Greyhound,1,West,20,1997,WASHINGTON AVE & PINE ST,NULL,42.671604,-73.788874,0
12,Route 12 Greyhound,1,West,21,1846,WASHINGTON AVE & MANNING BLVD,WASHINGTON AVE & MANNING BLVD(01846),42.67262,-73.79062,0
12,Route 12 Greyhound,1,West,22,1847,WASHINGTON AVE & WINTHROP AVE,NULL,42.673485,-73.792162,0
12,Route 12 Greyhound,1,West,23,1849,WASHINGTON AVE & HOMESTEAD AVE,WASHINGTON AVE & HOMESTEAD AVE(01849),42.67386,-73.79277,0
12,Route 12 Greyhound,1,West,24,1850,WASHINGTON AVE & VER PLANCK ST,NULL,42.674406,-73.793731,0
12,Route 12 Greyhound,1,West,25,1851,WASHINGTON AVE & VAN BUREN ST,NULL,42.674836,-73.794509,0
12,Route 12 Greyhound,1,West,26,3399,WASHINGTON AVE & DANKER AVE,WASHINGTON AVE & DANKER AVE(03399),42.67522,-73.79512,0
12,Route 12 Greyhound,1,West,27,1874,WASHINGTON AVE & CROSSWELL AVE,NULL,42.675802,-73.796148,0
12,Route 12 Greyhound,1,West,28,1840,WASHINGTON AVE & BUELL ST,NULL,42.676265,-73.796929,0
12,Route 12 Greyhound,1,West,29,1959,WASHINGTON AVE & COLVIN AVE,WASHINGTON AVE & COLVIN AVE(01959),42.67657,-73.79748,0
12,Route 12 Greyhound,1,West,30,1852,WASHINGTON AVE & ROSEMONT ST,NULL,42.677431,-73.798972,0
12,Route 12 Greyhound,1,West,31,976,WASHINGTON AVE & BREVATOR ST,WASHINGTON AVE & BREVATOR ST(00976),42.67795,-73.79976,0
12,Route 12 Greyhound,1,West,32,1853,WASHINGTON AVE & VICTOR ST,NULL,42.678504,-73.800823,0
12,Route 12 Greyhound,1,West,33,979,WASHINGTON AVE & JERMAIN ST,NULL,42.67901,-73.801684,0
12,Route 12 Greyhound,1,West,34,3262,WASHINGTON AVE & FAIRFIELD INN,WASHINGTON AVE & FAIRFIELD INN(03262),42.68655,-73.81467,0
12,Route 12 Greyhound,1,West,35,10627,BUILDING 22 (select trips),NULL,42.67912,-73.80932,0
12,Route 12 Greyhound,1,West,36,10628,BUILDING 12 (select trips),NULL,42.67912,-73.80932,0
12,Route 12 Greyhound,1,West,37,10629,BUILDING 8 (select trips),BUILDING 8(10629),42.67912,-73.80932,0
12,Route 12 Greyhound,1,West,38,10630,BUILDING 2 (select trips),NULL,42.67912,-73.80932,0
12,Route 12 Greyhound,1,West,39,10631,BUILDING 1 (select trips),NULL,42.67912,-73.80932,0
12,Route 12 Greyhound,1,West,40,10135,WASHINGTON AVE & MAIN SUNY ENTRANCE RD,WASHINGTON AVE & SUNY ENTRANCE RD(10135),42.68943,-73.82075,0
12,Route 12 Greyhound,1,West,41,7216,SUNY COLLINS CIRCLE,SUNY COLLINS CIRCLE(07216),42.68747,-73.8223,1
12,Route 12 Greyhound,1,West,42,10626,WALMART - CROSSGATES COMMONS,WALMART GARDEN CENTER(10626),42.69438,-73.84781,0
12,Route 12 Greyhound,1,West,43,7175,CROSSGATES MID-MALL,CROSSGATES MID-MALL(07175),42.68866,-73.85159,1
63,Route 63,0,East,1,10620,1450 WESTERN AVE,1450 WESTERN AVE(10620),42.68088,-73.83725,1
63,Route 63,0,East,2,2016,WESTERN AVE & MCKOWN RD,WESTERN AVE & MCKOWN RD(02016),42.67995,-73.83434,1
63,Route 63,0,East,3,2018,WESTERN AVE & WESTLYN CT,NULL,42.67945,-73.832315,0
63,Route 63,0,East,4,2017,WESTERN AVE & BROOKWOOD AVE,WESTERN AVE & BROOKWOOD AVE(02017),42.67891,-73.83099,0
63,Route 63,0,East,5,2015,WESTERN AVE & ARCADIA AVE,NULL,42.67867,-73.82958,0
63,Route 63,0,East,6,10617,WESTERN AVE & HILLCREST ST,WESTERN AVE & HILLCREST ST(10617),42.6781,-73.82848,1
63,Route 63,0,East,7,231,WESTERN AVE & TRYON PL,WESTERN AVE & TRYON PL(00231),42.67721,-73.82577,0
63,Route 63,0,East,8,233,WESTERN AVE & GLYNN ST,NULL,42.676942,-73.824612,0
63,Route 63,0,East,9,232,WESTERN AVE & HOMESTEAD ST,WESTERN AVE & HOMESTEAD ST(00232),42.67648,-73.82349,0
63,Route 63,0,East,10,234,WESTERN AVE & MAGAZINE ST,WESTERN AVE & MAGAZINE ST(00234),42.67554,-73.82053,0
63,Route 63,0,East,11,235,WESTERN AVE & LOCUST ST,WESTERN AVE & LOCUST ST(00235),42.67491,-73.81852,0
63,Route 63,0,East,12,11623,WESTERN AVE & RUSSELL RD,NULL,42.67431,-73.81613,0
63,Route 63,0,East,13,228,WESTERN AVE & BEACON AVE,WESTERN AVE & BEACON AVE(00228),42.67351,-73.8141,0
63,Route 63,0,East,14,10612,WESTERN AVE & HILLCREST AVE,WESTERN AVE & HILLCREST AVE(10612),42.67334,-73.81312,0
63,Route 63,0,East,15,251,WESTERN AVE & PINEHURST AVE,NULL,42.672866,-73.81174,0
63,Route 63,0,East,16,239,WESTERN AVE & ORLANDO AVE,NULL,42.67251,-73.81073,0
63,Route 63,0,East,17,240,WESTERN AVE & DAYTONA AVE,WESTERN AVE & DAYTONA AVE(00240),42.67218,-73.8099,0
63,Route 63,0,East,18,241,WESTERN AVE & SEMINOLE AVE,NULL,42.6722,-73.8086,0
63,Route 63,0,East,19,242,WESTERN AVE & TAMPA AVE / ORMOND ST,WESTERN AVE & TAMPA AVE / ORMOND ST(00242),42.6713,-73.80715,0
63,Route 63,0,East,20,243,WESTERN AVE & ORMOND ST / DAVIS AVE,WESTERN AVE & ORMOND ST / DAVIS AVE(00243),42.67088,-73.80575,0
63,Route 63,0,East,21,244,WESTERN AVE & MILNER AVE,NULL,42.67079,-73.80431,0
63,Route 63,0,East,22,245,WESTERN AVE & COLONIAL AVE,WESTERN AVE & COLONIAL AVE(00245),42.67007,-73.80322,0
63,Route 63,0,East,23,238,WESTERN AVE & HOLMES DALE AVE,WESTERN AVE & HOLMESDALE AVE(00238),42.66966,-73.80202,0
63,Route 63,0,East,24,296,WESTERN AVE & FAIRLAWN AVE,NULL,42.66938,-73.80062,0
63,Route 63,0,East,25,297,WESTERN AVE & EUCLID AVE,NULL,42.66908,-73.79938,0
63,Route 63,0,East,26,247,WESTERN AVE & BROOKLINE AVE,WESTERN AVE & BROOKLINE AVE(00247),42.66856,-73.79846,0
63,Route 63,0,East,27,248,WESTERN AVE & MARION AVE,NULL,42.668166,-73.796947,0
63,Route 63,0,East,28,249,WESTERN AVE & S MANNING BLVD,WESTERN AVE & S MANNING BLVD(00249),42.66769,-73.79575,0
63,Route 63,0,East,29,250,WESTERN AVE & S PINE AVE,WESTERN AVE & S PINE AVE(00250),42.66705,-73.79369,0
63,Route 63,0,East,30,337,S ALLEN ST & MADISON AVE,MADISON AVE & S ALLEN ST(00337),42.66647,-73.7923,0
63,Route 63,0,East,31,338,MADISON AVE & W LAWRENCE ST,MADISON AVE & W LAWRENCE ST(00338),42.66558,-73.79073,0
63,Route 63,0,East,32,339,MADSION AVE & S MAIN AVE,MADSION AVE & S MAIN AVE(00339),42.66468,-73.78919,0
63,Route 63,0,East,33,340,MADISON AVE & SAINT ROSE COLLEGE,MADISON AVE & SAINT ROSE COLLEGE(00340),42.66381,-73.78756,0
63,Route 63,0,East,34,341,MADISON AVE & PARTRIDGE ST,MADISON AVE & PARTRIDGE ST(00341),42.66192,-73.78432,0
63,Route 63,0,East,35,342,MADSION AVE & ONTARIO ST,MADSION AVE & ONTARIO ST(00342),42.66057,-73.78214,0
63,Route 63,0,East,36,343,MADSION AVE & QUAIL ST,MADISON AVE & QUAIL ST(00343),42.65935,-73.77995,0
63,Route 63,0,East,37,344,MADISON AVE & QUAIL ST/ S LAKE ST,NULL,42.658746,-73.778684,0
63,Route 63,0,East,38,345,MADISON AVE & S LAKE ST,MADISON AVE & S LAKE ST(00345),42.65795,-73.77741,0
63,Route 63,0,East,39,346,MADISON AVE & S LAKE / ROBIN ST,NULL,42.65715,-73.77594,0
63,Route 63,0,East,40,347,MADSION AVE & ROBIN ST,MADISON AVE & ROBIN ST(00347),42.65619,-73.77429,0
63,Route 63,0,East,41,348,MADISON AVE & NEW SCOTLAND AVE,MADISON AVE & NEW SCOTLAND AVE(00348),42.65499,-73.77228,0
63,Route 63,0,East,42,349,MADSION AVE & KNOX ST,NULL,42.65383,-73.76997,0
63,Route 63,0,East,43,350,MADSION AVE & WILLETT ST,MADISON AVE & WILLETT ST(00350),42.65321,-73.76923,0
63,Route 63,0,East,44,351,LARK ST & MADISON AVE,NULL,42.652507,-73.767711,0
63,Route 63,0,East,45,546,LARK ST & HUDSON AVE,LARK ST & HUDSON AVE(00546),42.65408,-73.76546,0
63,Route 63,0,East,46,3246,LARK ST & LANCASTER ST,LARK ST & LANCASTER ST(03246),42.65466,-73.76545,0
63,Route 63,0,East,47,2207,LARK ST & STATE ST,NULL,42.65595,-73.76414,0
63,Route 63,0,East,48,353,LARK ST & WASHINGTON AVE (KEY BANK),LARK ST & WASHINGTON AVE (KEY BANK)(00353),42.65668,-73.76331,0
63,Route 63,0,East,49,1788,WASHTINGTON AVE & DOVE ST,WASHINGTON AVE & DOVE ST(01788),42.65566,-73.76117,0
63,Route 63,0,East,50,1789,WASHINGTON AVE & S SWAN ST,WASHINGTON AVE & S SWAN ST(01789),42.65399,-73.75874,1
63,Route 63,0,East,51,2706,WASHINGTON AVE & HAWK ST (THE CAPITO,WASHINGTON AVE & HAWK ST - CAPITOL/HAWK STATION(02706),42.653175,-73.75717,1
63,Route 63,0,East,52,1787,STATE ST & EAGLE ST,STATE ST & EAGLE ST(01787),42.65083,-73.75509,0
63,Route 63,0,East,53,2509,STATE ST & LODGE ST,STATE ST & SO PEARL ST - SO PEARL STATION(02509),42.650082,-73.753475,1
63,Route 63,0,East,54,2589,STATE ST & PEARL ST,NULL,42.649842,-73.752734,0
63,Route 63,0,East,55,3937,BROADWAY & HUDSON AVE,BROADWAY & HUDSON AVE - BROADWAY STATION(03937),42.64812,-73.75066,0
63,Route 63,1,West,1,3248,BROADWAY & SUNY PLAZA,SUNY PLAZA - BROADWAY STATION(03248),42.647785,-73.750363,1
63,Route 63,1,West,2,2664,STATE ST & JAMES ST,NULL,42.649502,-73.75213,0
63,Route 63,1,West,3,2665,STATE ST & LODGE ST,STATE ST & LODGE ST - S.PEARL STATION(02665),42.650315,-73.753582,1
63,Route 63,1,West,4,10087,EAGLE ST & STATE ST (CITY HALL),STATE ST & EAGLE ST(10087),42.65143,-73.755,1
63,Route 63,1,West,5,3250,WASHINGTON AVE & HAWK ST,WASHINGTON AVE & HAWK ST - CAPITOL/HAWK STATION(03250),42.652927,-73.756527,1
63,Route 63,1,West,6,3301,WASHINGTON AVE & S SWAN ST,WASHINGTON AVE & S SWAN ST(03301),42.65418,-73.75886,1
63,Route 63,1,West,7,3241,WASHTINGTON AVE & DOVE ST,WASHINGTON AVE & DOVE ST(03241),42.65558,-73.76086,1
63,Route 63,1,West,8,3219,LARK ST & WASHINGTON AVE,LARK ST & WASHINGTON AVE(03219),42.65638,-73.76368,0
63,Route 63,1,West,9,10121,LARK ST & STATE ST,LARK ST & STATE ST(10121),42.65595,-73.76414,0
63,Route 63,1,West,10,564,LARK ST & LANCASTER ST,LARK ST & LANCASTER ST(00564),42.65492,-73.76523,0
63,Route 63,1,West,11,561,LARK ST & HUDSON AVE,LARK ST & HUDSON AVE(00561),42.65398,-73.76618,0
63,Route 63,1,West,12,589,LARK ST & MADISON AVE,LARK ST & MADISON AVE(00589),42.65264,-73.76755,0
63,Route 63,1,West,13,264,MADSION AVE & WILLETT ST,MADISON AVE & WILLETT ST(00264),42.65353,-73.76936,0
63,Route 63,1,West,14,265,MADISON AVE & NEW SCOTLAND AVE,MADISON AVE & NEW SCOTLAND AVE(00265),42.65493,-73.77178,1
63,Route 63,1,West,15,270,MADISON AVE & ROBIN ST,MADISON AVE & ROBIN ST(00270),42.65615,-73.774,0
63,Route 63,1,West,16,266,MADISON AVE &  ROBIN ST / S LAKE ST,NULL,42.65715,-73.77594,0
63,Route 63,1,West,17,267,MADSION AVE & S LAKE AVE,MADISON AVE & S LAKE AVE(00267),42.65806,-73.77726,0
63,Route 63,1,West,18,268,MADISON AVE & S LAKE ST / QUAIL ST,NULL,42.658746,-73.778684,0
63,Route 63,1,West,19,269,MADISON AVE & QUAIL ST,MADISON AVE & QUAIL ST(00269),42.65943,-73.77969,0
63,Route 63,1,West,20,3284,MADISON AVE & ONTARIO ST,MADISON AVE & ONTARIO ST(03284),42.66062,-73.78188,0
63,Route 63,1,West,21,272,MADISON AVE & PARTRIDGE ST,MADISON AVE & PARTRIDGE ST(00272),42.66185,-73.78397,0
63,Route 63,1,West,22,274,MADISON AVE & SAINT ROSE COLLEGE,MADISON AVE & SAINT ROSE COLLEGE(00274),42.66367,-73.78716,0
63,Route 63,1,West,23,3333,MADISON AVE & N MAIN ST & MADISON AVE,MADISON AVE & N MAIN ST(03333),42.66457,-73.78879,0
63,Route 63,1,West,24,275,MADISON AVE & W LAWRENCE ST,MADISON AVE & W LAWRENCE ST(00275),42.6655,-73.7904,0
63,Route 63,1,West,25,276,MADISON AVE & S ALLEN ST,MADISON AVE & S ALLEN ST(00276),42.66642,-73.79198,0
63,Route 63,1,West,26,277,WESTERN AVE & N PINE AVE,WESTERN AVE & N PINE AVE(00277),42.66708,-73.79346,0
63,Route 63,1,West,27,278,WESTERN AVE & MANNING BLVD,WESTERN AVE & MANNING BLVD(00278),42.66759,-73.79498,0
63,Route 63,1,West,28,279,WESTERN AVE & WINTHROP AVE,NULL,42.668363,-73.797559,0
63,Route 63,1,West,29,335,WESTERN AVE & HOMESTEAD AVE,WESTERN AVE & HOMESTEAD AVE(00335),42.66871,-73.79865,0
63,Route 63,1,West,30,298,WESTERN AVE & TERRACE AVE,NULL,42.6691,-73.79983,0
63,Route 63,1,West,31,288,WESTERN AVE & FAIRLAWN AVE,NULL,42.66944,-73.80086,0
63,Route 63,1,West,32,281,WESTERN AVE & BELVEDERE AVE,WESTERN AVE & BELVEDERE AVE(00281),42.66964,-73.80133,0
63,Route 63,1,West,33,289,WESTERN AVE & EILEEN ST,WESTERN AVE & EILEEN ST(00289),42.67033,-73.80341,0
63,Route 63,1,West,34,290,WESTERN AVE & CLERMONT ST,NULL,42.67083,-73.80467,0
63,Route 63,1,West,35,291,WESTERN AVE & ROSEMONT ST,WESTERN AVE & ROSEMONT ST(00291),42.6709,-73.80554,0
63,Route 63,1,West,36,865,WESTERN AVE & BREVATOR ST,WESTERN AVE & BREVATOR ST(00865),42.67131,-73.80675,0
63,Route 63,1,West,37,867,WESTERN AVE & SEMINOLE AVE,NULL,42.672,-73.8086,0
63,Route 63,1,West,38,10221,WESTERN AVE & DAYTONA AVE,WESTERN AVE & DAYTONA AVE(10221),42.67231,-73.81007,0
63,Route 63,1,West,39,866,WESTERN AVE & CAMPUS ACCESS RD,WESTERN AVE & CAMPUS ACCESS RD(00866),42.67309,-73.81232,0
63,Route 63,1,West,40,870,WESTERN AVE & RUSSELL RD,WESTERN AVE & RUSSELL RD(00870),42.67431,-73.81613,0
63,Route 63,1,West,41,872,WESTERN AVE & CAMBRIDGE RD,NULL,42.67486,-73.81746,0
63,Route 63,1,West,42,871,WESTERN AVE & CLAREDON RD,WESTERN AVE & CLAREDON RD(00871),42.67513,-73.8188,0
63,Route 63,1,West,43,873,WESTERN AVE & TUDOR RD,WESTERN AVE & TUDOR RD(00873),42.67553,-73.82003,0
63,Route 63,1,West,44,413,WESTERN AVE & UNIVERSITY PL,WESTERN AVE & UNIVERSITY PL(00413),42.67619,-73.82211,0
63,Route 63,1,West,45,874,WESTERN AVE & HOMESTEAD ST,WESTERN AVE & HOMESTEAD ST(00874),42.6767,-73.823256,0
63,Route 63,1,West,46,10217,WESTERN AVE & GLYNN ST,NULL,42.676942,-73.824612,0
63,Route 63,1,West,47,10616,WESTERN AVE & BEST WESTERN,WESTERN AVE & BEST WESTERN(10616),42.67799,-73.82765,0
63,Route 63,1,West,48,304,WESTERN AVE & ARCADIA AVE,NULL,42.67867,-73.82958,0
63,Route 63,1,West,49,305,WESTERN AVE & KNOWLES TERR,WESTERN AVE & KNOWLES TERR(00305),42.67897,-73.83073,0
63,Route 63,1,West,50,306,WESTERN AVE & WAVERLY PL,NULL,42.67973,-73.83274,0
63,Route 63,1,West,51,10193,WESTERN AVE & NORWOOD ST,WESTERN AVE & NORWOOD ST(10193),42.67989,-73.83363,0
63,Route 63,1,West,52,309,WESTERN AVE & GLENWOOD ST,NULL,42.680373,-73.835247,0
63,Route 63,1,West,53,308,WESTERN AVE & PARKWOOD ST,WESTERN AVE & PARKWOOD ST(00308),42.68077,-73.83635,0
63,Route 63,1,West,54,310,WESTERN AVE & ELMWOOD ST,NULL,42.681199,-73.83784,0
90,Albany - Troy,0,East,1,7175,CROSSGATES MID-MALL,CROSSGATES MID-MALL(07175),42.68866,-73.85159,1
90,Albany - Troy,0,East,2,7216,SUNY COLLINS CIRCLE,SUNY COLLINS CIRCLE(07216),42.68747,-73.8223,1
90,Albany - Troy,0,East,3,34,FULLER RD & RAILROAD AVE,FULLER RD & RAILROAD AVE(00034),42.69744,-73.82605,0
90,Albany - Troy,0,East,4,39,FULLER RD & WAREHOUSE ROW,FULLER RD & WAREHOUSE ROW(00039),42.6989,-73.82304,0
90,Albany - Troy,0,East,5,10266,CENTRAL AVE  & HACKET AVE (CEMETERY),CENTRAL AVE & HACKETT AVE  (CEMETERY)(10266),42.70518,-73.8186,0
90,Albany - Troy,0,East,6,165,CENTRAL AVE  & COLONIE CENTER,CENTRAL AVE & COLONIE CENTER - COLONIE STATION(00165),42.706813,-73.820343,1
90,Albany - Troy,0,East,7,31,WOLF RD & COLONIE CENTER,WOLF RD & COLONIE CENTER(00031),42.71143,-73.81786,1
90,Albany - Troy,0,East,8,10506,AT&T BUILDING & WOLF RD,WOLF RD & NEWBURY PLAZA(10506),42.71389,-73.81383,1
90,Albany - Troy,0,East,9,10507,105 WOLF RD,105 WOLF RD(10507),42.71619,-73.81015,0
90,Albany - Troy,0,East,10,10508,WOLF RD & WOLF PLAZA,WOLF RD & WOLF PLAZA(10508),42.71887,-73.80587,0
90,Albany - Troy,0,East,11,10509,WOLF RD & BELTRONE DR,WOLF RD & BELTRONE DR(10509),42.72217,-73.80191,0
90,Albany - Troy,0,East,12,10510,WOLF RD & MARCUS BLVD,WOLF RD & MARCUS BLVD(10510),42.72445,-73.79897,0
90,Albany - Troy,0,East,13,10511,WOLF RD & ULENSKI DR,WOLF RD & ULENSKI DR(10511),42.72539,-73.79773,0
90,Albany - Troy,0,East,14,11116,RTS 2 & 9 & LATHAM FARMS MALL,RTS 2 & 9 & LATHAM FARMS MALL(11116),42.75514,-73.76201,1
90,Albany - Troy,0,East,15,7167,HERBERT DR & LATHAM CIRCLE MALL,NULL,42.75001,-73.76371,0
90,Albany - Troy,0,East,16,11053,KLEINS SPORTS STORE & LATHAM CIRCLE MALL,NULL,42.748964,-73.762218,0
90,Albany - Troy,0,East,17,2913,RT 2 & OLD LOUDON RD,RT 2 & OLD LOUDON RD(02913),42.74693,-73.7592,0
90,Albany - Troy,0,East,18,2912,RT 2 & LINDGERGH DR,RT 2 & LINDBERGH DR(02912),42.74602,-73.75626,0
90,Albany - Troy,0,East,19,2911,RT 2 & SCHUYLER AVE,NULL,42.74593,-73.75539,0
90,Albany - Troy,0,East,20,2910,RT 2 & PARK AVE,RT 2 & PARK AVE(02910),42.74509,-73.75301,0
90,Albany - Troy,0,East,21,2909,RT 2 & ARAGON AVE,NULL,42.74458,-73.75096,0
90,Albany - Troy,0,East,22,2908,RT 2 & CARPET MASTER,RT 2 & DIRECT BUY(02908),42.74387,-73.74873,0
90,Albany - Troy,0,East,23,2907,RT 2 & MONROE AVE,RT 2 & MONROE AVE(02907),42.74246,-73.74271,0
90,Albany - Troy,0,East,24,8036,RT 2 & ARCADIA AVE,NULL,42.74212,-73.74061,0
90,Albany - Troy,0,East,25,2906,RT 2 & TAFT AVE,NULL,42.74092,-73.73837,0
90,Albany - Troy,0,East,26,2905,RT 2 & YOUNGS PL,RT 2 & YOUNGS PL(02905),42.73998,-73.73663,0
90,Albany - Troy,0,East,27,2904,RT 2 & K-MART,RT 2 & K-MART(02904),42.73854,-73.73286,0
90,Albany - Troy,0,East,28,2903,RT 2 & DELATOUR RD,RT 2 & DELATOUR RD(02903),42.73828,-73.73143,1
90,Albany - Troy,0,East,29,11117,RT 2 & CEMETERY,RT 2 & CEMETARY(11117),42.73735,-73.72521,0
90,Albany - Troy,0,East,30,2902,RT 2 & WESTERN AVE,NULL,42.736215,-73.721958,0
90,Albany - Troy,0,East,31,11118,19TH ST HIGHLAND CLUB APTS,19TH ST & HIGHLAND CLUB APTS(11118),42.73524,-73.72034,0
90,Albany - Troy,0,East,32,7194,19TH ST & FENIMORE APTS,19TH ST & FENIMORE APTS(07194),42.73428,-73.71695,0
90,Albany - Troy,0,East,33,2899,19TH ST & WISWALL AVE,NULL,42.73367,-73.71402,0
90,Albany - Troy,0,East,34,2898,19TH ST & 12TH AVE,19TH ST & 12TH AVE(02898),42.73325,-73.71283,0
90,Albany - Troy,0,East,35,3804,19TH ST & 10TH AVE,NULL,42.73271,-73.710503,0
90,Albany - Troy,0,East,36,3800,19TH ST & 9TH AVE,19TH ST & 9TH AVE(03800),42.73221,-73.70908,0
90,Albany - Troy,0,East,37,8033,19TH ST & 8TH AVE,NULL,42.731826,-73.707426,0
90,Albany - Troy,0,East,38,3799,19TH ST & 7TH AVE,NULL,42.731591,-73.706584,0
90,Albany - Troy,0,East,39,2897,19TH ST & 6TH AVE,19TH ST & 6TH AVE(02897),42.73125,-73.70555,0
90,Albany - Troy,0,East,40,3798,19TH ST & 4TH AVE,NULL,42.730792,-73.703821,0
90,Albany - Troy,0,East,41,2931,19TH ST & 3RD AVE,NULL,42.73045,-73.70255,0
90,Albany - Troy,0,East,42,2896,19TH ST & 2ND AVE,19TH ST & 2ND AVE(02896),42.73013,-73.70177,0
90,Albany - Troy,0,East,43,4493,FERRY ST & 4TH ST,NULL,42.72749,-73.69004,0
90,Albany - Troy,0,East,44,7125,4TH ST & CONGRESS ST,4TH ST & CONGRESS ST(07125),42.72853,-73.68958,0
90,Albany - Troy,0,East,45,7131,4TH ST & STATE ST,NULL,42.729909,-73.689316,0
90,Albany - Troy,0,East,46,7124,4TH ST & BROADWAY,NULL,42.731164,-73.689056,0
90,Albany - Troy,0,East,47,7130,4TH ST & FULTON ST,4TH ST & FULTON ST(07130),42.73273,-73.68861,1
90,Albany - Troy,0,East,48,10953,5TH AVE & FEDERAL ST,NULL,42.73414,-73.68687,0
90,Albany - Troy,0,East,49,11119,6TH AVE & FEDERAL ST,NULL,42.733713,-73.685689,1
90,Albany - Troy,0,East,50,11637,SAGE ST & 15TH ST,86 FIELD(11637),42.73081,-73.67739,0
90,Albany - Troy,0,East,51,10968,15TH ST & PEOPLES AVE,15TH ST & PEOPLES AVE(10968),42.73295,-73.67658,0
90,Albany - Troy,0,East,52,10969,PEOPLES AVE & BURDETT AVE,NULL,42.73238,-73.67173,0
90,Albany - Troy,0,East,53,12011,RPI FIELD HOUSE,NULL,42.7317,-73.66978,1
90,Albany - Troy,1,West,1,12011,RPI FIELD HOUSE,NULL,42.7317,-73.66978,1
90,Albany - Troy,1,West,2,10971,PEOPLES AVE & 15TH ST,PEOPLES AVE & 15TH ST(10971),42.73307,-73.67632,1
90,Albany - Troy,1,West,3,7266,15TH ST & SAGE AVE,15TH ST & SAGE AVE(07266),42.731,-73.67722,0
90,Albany - Troy,1,West,4,10080,FEDERAL ST & 6TH AVE,FEDERAL ST & 6TH AVE(10080),42.73372,-73.68549,0
90,Albany - Troy,1,West,5,4358,FEDERAL ST & 5TH AVE,FEDERAL ST & 5TH AVE(04358),42.73428,-73.68657,0
90,Albany - Troy,1,West,6,7118,RIVER ST & FRONT ST,RIVER ST & FRONT ST(07118),42.73191,-73.69022,0
90,Albany - Troy,1,West,7,7116,3RD ST & CONGRESS ST,3RD ST & CONGRESS ST(07116),42.72902,-73.69084,1
90,Albany - Troy,1,West,8,7161,CONGRESS ST & 2ND ST,NULL,42.728965,-73.692068,0
90,Albany - Troy,1,West,9,11112,19TH ST & 3RD AVE,19TH ST & 3RD AVE(11112),42.73045,-73.70255,1
90,Albany - Troy,1,West,10,3768,19TH ST & 4TH AVE,NULL,42.730792,-73.703821,0
90,Albany - Troy,1,West,11,3767,19TH ST & 6TH AVE,19TH ST & 6TH AVE(03767),42.73124,-73.70532,0
90,Albany - Troy,1,West,12,3766,19TH ST & 7TH AVE,NULL,42.731591,-73.706584,0
90,Albany - Troy,1,West,13,3765,19TH ST & 8TH AVE,NULL,42.731826,-73.707426,0
90,Albany - Troy,1,West,14,3764,19TH ST & 9TH AVE,19TH ST & 9TH AVE(03764),42.73222,-73.70872,0
90,Albany - Troy,1,West,15,3763,19TH ST & 10TH AVE,NULL,42.73271,-73.710503,0
90,Albany - Troy,1,West,16,3762,19TH ST & 12TH AVE,19TH ST & 12TH AVE(03762),42.73329,-73.71252,0
90,Albany - Troy,1,West,17,3761,19TH ST & GROTTO CT19TH ST & FENIMORE APTS,19TH ST & GROTTO CT(03761),42.73399,-73.71502,0
90,Albany - Troy,1,West,18,11113,19TH ST FENIMORE APTS,NULL,42.73428,-73.71695,0
90,Albany - Troy,1,West,19,11114,19TH ST HIGHLAND CLUB APTS,19TH ST & HIGHLAND CLUB APTS(11114),42.73535,-73.7202,0
90,Albany - Troy,1,West,20,3758,RT 2 & WESTERN AVE,NULL,42.736215,-73.721958,0
90,Albany - Troy,1,West,21,3757,RT 2 & U FIRST UNIFORM CO,RT 2 & U 1ST UNIFORM CO(03757),42.73755,-73.72527,0
90,Albany - Troy,1,West,22,3756,RT 2 & DELATOUR RD,RT 2 & DELATOUR RD(03756),42.73833,-73.73071,0
90,Albany - Troy,1,West,23,3755,RT 2 & K-MART,RT 2 & K-MART(03755),42.73869,-73.73256,0
90,Albany - Troy,1,West,24,3754,RT 2 & SWATLING RD,RT 2 & SWATLING RD(03754),42.73996,-73.73616,0
90,Albany - Troy,1,West,25,3753,RT 2 & PIERSON AVE,NULL,42.740634,-73.737732,0
90,Albany - Troy,1,West,26,3752,RT 2 & GOODRICH AVE,NULL,42.741347,-73.739012,0
90,Albany - Troy,1,West,27,3751,RT 2 & GROVE AVE / VISTA AVE,RT 2 & GROVE AVE / VISTA AVE(03751),42.74279,-73.74336,0
90,Albany - Troy,1,West,28,2921,RT 2 & SYLVAN AVE,NULL,42.743047,-73.744856,0
90,Albany - Troy,1,West,29,2920,RT 2 & GLENWOOD DR,RT 2 & GLENWOOD DR(02920),42.74351,-73.74658,0
90,Albany - Troy,1,West,30,2919,RT 2 & CARPET MASTER,357 TROY SCHENECTADY RD(02919),42.74416,-73.74914,0
90,Albany - Troy,1,West,31,2918,RT 2 & LATHAM VILLAGE LN,RT 2 & LATHAM VILLAGE LN(02918),42.74493,-73.75189,0
90,Albany - Troy,1,West,32,2917,RT 2 & 1ST AVE,NULL,42.745527,-73.754134,0
90,Albany - Troy,1,West,33,2916,RT 2 & SCULLY AVE,RT 2 & SCULLY AVE(02916),42.74593,-73.75539,0
90,Albany - Troy,1,West,34,2915,RT 2 & RUHTZ AVE,NULL,42.746364,-73.75713,0
90,Albany - Troy,1,West,35,2914,RT 2 & OLD LOUDON RD,RT 2 & OLD LOUDON RD(02914),42.7495,-73.75883,1
90,Albany - Troy,1,West,36,7167,HERBERT DR & LATHAM CIRCLE MALL,NULL,42.75001,-73.76371,0
90,Albany - Troy,1,West,37,11053,KLEINS SPORTS STORE & LATHAM CIRCLE MALL,NULL,42.748964,-73.762218,0
90,Albany - Troy,1,West,38,7168,RTS 2 & 9 & LATHAM FARMS MALL,LATHAM FARMS(07168),42.75532,-73.76204,1
90,Albany - Troy,1,West,39,10516,WOLF RD & ULENSKI DR,WOLF RD & ULENSKI DR(10516),42.72554,-73.79779,0
90,Albany - Troy,1,West,40,10517,WOLD RD & ALBANY AIRPORT INN / BEST WESTERN,WOLF RD & ALBANY AIRPORT INN / BEST WESTERN(10517),42.72421,-73.79965,0
90,Albany - Troy,1,West,41,10518,WOLF RD & HESS EXPRESS / PIER 1 IMPORTS,WOLF RD & HESS EXPRESS / PIER 1 IMPORTS(10518),42.72065,-73.80368,0
90,Albany - Troy,1,West,42,10519,WOLF RD & LAZARE LINCOLN / MERCURY DEALER,WOLF RD & LAZARE LINCOLN / MERCURY DEALER(10519),42.71929,-73.80553,0
90,Albany - Troy,1,West,43,10520,WOLF RD & COMPUTER DR,WOLF RD & COMPUTER DR(10520),42.71807,-73.80752,0
90,Albany - Troy,1,West,44,10521,WOLF RD & HANNAFORD PLAZA,WOLF RD & HANNAFORD PLAZA(10521),42.71636,-73.81029,0
90,Albany - Troy,1,West,45,10522,80 WOLF RD,80 WOLF RD(10522),42.71492,-73.81261,1
90,Albany - Troy,1,West,46,10523,50 WOLF RD,50 WOLF RD(10523),42.71349,-73.81499,1
90,Albany - Troy,1,West,47,32,WOLF RD & BED BATH AND BEYOND,WOLF RD & BED BATH AND BEYOND(00032),42.71094,-73.81892,1
90,Albany - Troy,1,West,48,10514,CENTRAL AVE & NORTHWAY MALL,CENTRAL AVE & NORTHWAY MALL - COLONIE STATION(10514),42.706703,-73.820587,1
90,Albany - Troy,1,West,49,3409,CENTRAL AVE  & NOLAN RD (OAK EXPRESS),CENTRAL AVE & NOLAN RD(03409),42.70498,-73.8186,0
90,Albany - Troy,1,West,50,37,FULLER RD & WAREHOUSE ROW,FULLER RD & WAREHOUSE ROW(00037),42.69921,-73.82277,0
90,Albany - Troy,1,West,51,38,FULLER RD & RAILROAD AVE,FULLER RD & RAILROAD AVE(00038),42.69778,-73.8257,0
90,Albany - Troy,1,West,52,10135,WASHINGTON AVE & MAIN SUNY ENTRANCE RD,WASHINGTON AVE & SUNY ENTRANCE RD(10135),42.68943,-73.82075,0
90,Albany - Troy,1,West,53,7216,SUNY COLLINS CIRCLE,SUNY COLLINS CIRCLE(07216),42.68747,-73.8223,1
90,Albany - Troy,1,West,54,7175,CROSSGATES MID-MALL,CROSSGATES MID-MALL(07175),42.68866,-73.85159,1
