nullRoute9,9018,BROADWAY & ORANGE ST
Route9,9018,BROADWAY & ORANGE ST
Route9,502,BROADWAY & QUACKENBUSH SQUARE
Route9,502,BROADWAY & QUACKENBUSH SQUARE
Route9,3234,WILSON ST & N PEARL ST
Route9,3234,WILSON ST & N PEARL ST
Route9,2168,N PEARL ST & CLINTON AVE 
Route9,2168,N PEARL ST & CLINTON AVE 
Route9,10577,N PEARL ST & ORANGE ST 
Route9,10577,N PEARL ST & ORANGE ST 
Route9,3233,N PEARL ST & SHERIDAN AVE 
Route9,3233,N PEARL ST & SHERIDAN AVE 
Route9,3221,N PEARL ST & TEN EYCK PLAZA
Route9,3221,N PEARL ST & TEN EYCK PLAZA
Route9,2665,STATE ST & LODGE ST
Route9,2665,STATE ST & LODGE ST
Route9,2665,STATE ST & LODGE ST
Route9,2509,STATE ST & LODGE ST
Route9,11638,EAGLE ST & MADISON AVE
Route9,3216,EAGLE ST & MADISON AVE
Route9,618,EAGLE ST & PARK AVE
Route9,1226,EAGLE ST & PARK AVE
Route9,619,EAGLE ST & WARREN ST
Route9,1227,EAGLE ST & WARREN ST
Route9,720,MORTON AVE & EAGLE ST
Route9,1228,MORTON AVE & EAGLE ST
Route9,689,MORTON AVE & S HAWK ST
Route9,1229,MORTON AVE & S HAWK ST
Route9,690,MORTON AVE & ONEIDA TERR
Route9,1231,MORTON AVE & ONEIDA TERR
Route9,417,DELAWARE AVE & MAGNOLIA TERR
Route9,481,DELAWARE AVE & MAGNOLIA TERR
Route9,475,DELAWARE AVE & BARCLAY ST
Route9,482,DELAWARE AVE & BARCLAY ST
Route9,9025,WHITEHALL RD & SARD RD
Route9,1233,WHITEHALL RD & SARD RD
Route9,633,WHITEHALL RD & EDGECOMB ST
Route9,1073,WHITEHALL RD & EDGECOMB ST
Route9,1072,WHITEHALL RD & ROSE CT
Route9,3954,WHITEHALL RD & ROSE CT
Route9,1061,CARDINAL AVE & HACKETT BLVD
Route9,1238,CARDINAL AVE & HACKETT BLVD
Route9,1059,CARDINAL AVE & HELDERBERG AVE
Route9,1240,CARDINAL AVE & HELDERBERG AVE
Route9,1058,CARDINAL AVE & NEW SCOTLAND AVE
Route9,3955,CARDINAL AVE & NEW SCOTLAND AVE
Route9,10328,ONTARIO ST & AVENUE B AVE
Route9,1242,ONTARIO ST & AVENUE B AVE
Route9,10329,ONTARIO ST & WOODLAWN AVE
Route9,628,ONTARIO ST & WOODLAWN AVE
Route9,258,WESTERN AVE & QUAIL ST
Route9,283,WESTERN AVE & QUAIL ST
Route9,260,WESTERN AVE & THURLOW TERR
Route9,285,WESTERN AVE & THURLOW TERR
Route9,1788,WASHINGTON AVE & DOVE ST
Route9,3241,WASHINGTON AVE & DOVE ST
Route9,2509,STATE ST & LODGE ST
Route9,2665,STATE ST & LODGE ST
Route9,2509,STATE ST & LODGE ST
Route9,2509,STATE ST & LODGE ST
Route9,2589,STATE ST & PEARL ST
Route9,2589,STATE ST & PEARL ST
Route9,3940,BROADWAY & PETER D KIERNAN PLAZA
Route9,3940,BROADWAY & PETER D KIERNAN PLAZA
Route10_Broadway,7175,CROSSGATES MID-MALL
Route10_Broadway,7175,CROSSGATES MID-MALL
Route10_Broadway,407,WESTERN AVE & ALTON RD
Route10_Broadway,376,WESTERN AVE & ALTON RD
Route10_Broadway,408,WESTERN AVE & CHAPMAN DR
Route10_Broadway,374,WESTERN AVE & CHAPMAN DR
Route10_Broadway,12021,2 EXECUTIVE PARK DR
Route10_Broadway,12021,2 EXECUTIVE PARK DR
Route10_Broadway,12022,EXECUTIVE PARK DRIVE @ STOP SIGN
Route10_Broadway,12022,EXECUTIVE PARK DRIVE @ STOP SIGN
Route10_Broadway,10623,STUYVESANT PLAZA (US POST OFFICE)
Route10_Broadway,10623,STUYVESANT PLAZA (US POST OFFICE)
Route10_Broadway,10622,STUYVESANT PLAZA (MANGIA)
Route10_Broadway,10622,STUYVESANT PLAZA (MANGIA)
Route10_Broadway,2015,WESTERN AVE & ARCADIA AVE
Route10_Broadway,304,WESTERN AVE & ARCADIA AVE
Route10_Broadway,233,WESTERN AVE & GLYNN ST
Route10_Broadway,10217,WESTERN AVE & GLYNN ST
Route10_Broadway,232,WESTERN AVE & HOMESTEAD ST
Route10_Broadway,874,WESTERN AVE & HOMESTEAD ST
Route10_Broadway,236,WESTERN AVE & RUSSELL RD
Route10_Broadway,870,WESTERN AVE & RUSSELL RD
Route10_Broadway,240,WESTERN AVE & DAYTONA AVE
Route10_Broadway,10221,WESTERN AVE & DAYTONA AVE
Route10_Broadway,241,WESTERN AVE & SEMINOLE AVE
Route10_Broadway,867,WESTERN AVE & SEMINOLE AVE
Route10_Broadway,296,WESTERN AVE & FAIRLAWN AVE
Route10_Broadway,288,WESTERN AVE & FAIRLAWN AVE
Route10_Broadway,877,WESTERN AVE & ALLEN ST
Route10_Broadway,889,WESTERN AVE & ALLEN ST
Route10_Broadway,1356,WESTERN AVE & W LAWRENCE ST
Route10_Broadway,2112,WESTERN AVE & W LAWRENCE ST
Route10_Broadway,882,WESTERN AVE & PARTRIDGE ST
Route10_Broadway,884,WESTERN AVE & PARTRIDGE ST
Route10_Broadway,257,WESTERN AVE & ONTARIO ST
Route10_Broadway,883,WESTERN AVE & ONTARIO ST
Route10_Broadway,258,WESTERN AVE & QUAIL ST
Route10_Broadway,283,WESTERN AVE & QUAIL ST
Route10_Broadway,260,WESTERN AVE & THURLOW TERR
Route10_Broadway,285,WESTERN AVE & THURLOW TERR
Route10_Broadway,1788,WASHINGTON AVE & DOVE ST
Route10_Broadway,3241,WASHINGTON AVE & DOVE ST
Route10_Broadway,1789,WASHINGTON AVE & S SWAN ST
Route10_Broadway,3301,WASHINGTON AVE & S SWAN ST
Route10_Broadway,2706,WASHINGTON AVE & HAWK ST
Route10_Broadway,3250,WASHINGTON AVE & HAWK ST
Route10_Broadway,2509,STATE ST & LODGE ST
Route10_Broadway,2665,STATE ST & LODGE ST
Route10_Broadway,9018,BROADWAY & ORANGE ST
Route10_Broadway,9018,BROADWAY & ORANGE ST
Route10_Greyhound,7175,CROSSGATES MID-MALL
Route10_Greyhound,7175,CROSSGATES MID-MALL
Route10_Greyhound,407,WESTERN AVE & ALTON RD
Route10_Greyhound,376,WESTERN AVE & ALTON RD
Route10_Greyhound,408,WESTERN AVE & CHAPMAN DR
Route10_Greyhound,374,WESTERN AVE & CHAPMAN DR
Route10_Greyhound,10623,STUYVESANT PLAZA (US POST OFFICE)
Route10_Greyhound,10623,STUYVESANT PLAZA (US POST OFFICE)
Route10_Greyhound,10622,STUYVESANT PLAZA (MANGIA)
Route10_Greyhound,10622,STUYVESANT PLAZA (MANGIA)
Route10_Greyhound,233,WESTERN AVE & GLYNN ST
Route10_Greyhound,10217,WESTERN AVE & GLYNN ST
Route10_Greyhound,232,WESTERN AVE & HOMESTEAD ST
Route10_Greyhound,874,WESTERN AVE & HOMESTEAD ST
Route10_Greyhound,236,WESTERN AVE & RUSSELL RD
Route10_Greyhound,870,WESTERN AVE & RUSSELL RD
Route10_Greyhound,240,WESTERN AVE & DAYTONA AVE
Route10_Greyhound,10221,WESTERN AVE & DAYTONA AVE
Route10_Greyhound,241,WESTERN AVE & SEMINOLE AVE
Route10_Greyhound,867,WESTERN AVE & SEMINOLE AVE
Route10_Greyhound,296,WESTERN AVE & FAIRLAWN AVE
Route10_Greyhound,288,WESTERN AVE & FAIRLAWN AVE
Route10_Greyhound,877,WESTERN AVE & ALLEN ST
Route10_Greyhound,889,WESTERN AVE & ALLEN ST
Route10_Greyhound,1356,WESTERN AVE & W LAWRENCE ST
Route10_Greyhound,2112,WESTERN AVE & W LAWRENCE ST
Route10_Greyhound,882,WESTERN AVE & PARTRIDGE ST
Route10_Greyhound,884,WESTERN AVE & PARTRIDGE ST
Route10_Greyhound,257,WESTERN AVE & ONTARIO ST
Route10_Greyhound,883,WESTERN AVE & ONTARIO ST
Route10_Greyhound,258,WESTERN AVE & QUAIL ST
Route10_Greyhound,283,WESTERN AVE & QUAIL ST
Route10_Greyhound,260,WESTERN AVE & THURLOW TERR
Route10_Greyhound,285,WESTERN AVE & THURLOW TERR
Route10_Greyhound,1788,WASHINGTON AVE & DOVE ST
Route10_Greyhound,3241,WASHINGTON AVE & DOVE ST
Route10_Greyhound,1789,WASHINGTON AVE & S SWAN ST
Route10_Greyhound,3301,WASHINGTON AVE & S SWAN ST
Route10_Greyhound,2706,WASHINGTON AVE & HAWK ST
Route10_Greyhound,3250,WASHINGTON AVE & HAWK ST
Route10_Greyhound,2509,STATE ST & LODGE ST
Route10_Greyhound,2665,STATE ST & LODGE ST
Route10_Greyhound,10503,GREYHOUND TERMINAL
Route10_Greyhound,10503,GREYHOUND TERMINAL
Route11_Washington,7175,CROSSGATES MID-MALL
Route11_Washington,7175,CROSSGATES MID-MALL
Route11_Washington,10135,WASHINGTON AVE & MAIN SUNY ENTRANCE RD
Route11_Washington,10135,WASHINGTON AVE & MAIN SUNY ENTRANCE RD
Route11_Washington,7216,SUNY COLLINS CIRCLE
Route11_Washington,7216,SUNY COLLINS CIRCLE
Route11_Washington,3348,WASHINGTON AVE & BREVATOR ST
Route11_Washington,976,WASHINGTON AVE & BREVATOR ST
Route11_Washington,3308,WASHINGTON AVE & ROSEMONT ST
Route11_Washington,1852,WASHINGTON AVE & ROSEMONT ST
Route11_Washington,2180,WASHINGTON AVE & HOMESTEAD AVE
Route11_Washington,1849,WASHINGTON AVE & HOMESTEAD AVE
Route11_Washington,3259,WASHINGTON AVE & WINTHROP AVE
Route11_Washington,1847,WASHINGTON AVE & WINTHROP AVE
Route11_Washington,11581,WASHINGTON AVE & MANNING BLVD
Route11_Washington,1846,WASHINGTON AVE & MANNING BLVD
Route11_Washington,2205,WASHINGTON AVE & PINE ST
Route11_Washington,1997,WASHINGTON AVE & PINE ST
Route11_Washington,1796,WASHINGTON AVE & N ALLEN ST
Route11_Washington,3287,WASHINGTON AVE & N ALLEN ST
Route11_Washington,2108,WASHINGTON AVE & W LAWRENCE ST
Route11_Washington,3263,WASHINGTON AVE & W LAWRENCE ST
Route11_Washington,3253,WASHINGTON AVE & ROBIN ST (DRAPER HALL)
Route11_Washington,3253,WASHINGTON AVE & ROBIN ST (DRAPER HALL)
Route11_Western,10615,UALBANY LIBRARY
Route11_Western,10615,UALBANY LIBRARY
Route11_Western,233,WESTERN AVE & GLYNN ST
Route11_Western,10217,WESTERN AVE & GLYNN ST
Route11_Western,232,WESTERN AVE & HOMESTEAD ST
Route11_Western,874,WESTERN AVE & HOMESTEAD ST
Route11_Western,236,WESTERN AVE & RUSSELL RD
Route11_Western,870,WESTERN AVE & RUSSELL RD
Route11_Western,240,WESTERN AVE & DAYTONA AVE
Route11_Western,10221,WESTERN AVE & DAYTONA AVE
Route11_Western,241,WESTERN AVE & SEMINOLE AVE
Route11_Western,867,WESTERN AVE & SEMINOLE AVE
Route11_Western,296,WESTERN AVE & FAIRLAWN AVE
Route11_Western,288,WESTERN AVE & FAIRLAWN AVE
Route11_Western,877,WESTERN AVE & ALLEN ST
Route11_Western,889,WESTERN AVE & ALLEN ST
Route11_Western,1356,WESTERN AVE & W LAWRENCE ST
Route11_Western,2112,WESTERN AVE & W LAWRENCE ST
Route11_Western,3428,WESTERN AVE & N MAIN ST
Route11_Western,887,WESTERN AVE & N MAIN ST
Route11_Western,882,WESTERN AVE & PARTRIDGE ST
Route11_Western,884,WESTERN AVE & PARTRIDGE ST
Route11_Western,257,WESTERN AVE & ONTARIO ST
Route11_Western,883,WESTERN AVE & ONTARIO ST
Route11_Western,258,WESTERN AVE & QUAIL ST
Route11_Western,283,WESTERN AVE & QUAIL ST
Route11_Western,260,WESTERN AVE & THURLOW TERR
Route11_Western,285,WESTERN AVE & THURLOW TERR
Route11_Western,3253,WASHINGTON AVE & ROBIN ST (DRAPER HALL)
Route11_Western,3253,WASHINGTON AVE & ROBIN ST (DRAPER HALL)
Route12_Washington,7175,CROSSGATES MID-MALL
Route12_Washington,7175,CROSSGATES MID-MALL
Route12_Washington,10626,WALMART - CROSSGATES COMMONS (weekends only)
Route12_Washington,10626,WALMART - CROSSGATES COMMONS (weekends only)
Route12_Washington,10135,WASHINGTON AVE & MAIN SUNY ENTRANCE RD
Route12_Washington,10135,WASHINGTON AVE & MAIN SUNY ENTRANCE RD
Route12_Washington,7216,SUNY COLLINS CIRCLE
Route12_Washington,7216,SUNY COLLINS CIRCLE
Route12_Washington,10627,BUILDING 22 (select trips)
Route12_Washington,10627,BUILDING 22 (select trips)
Route12_Washington,10628,BUILDING 12 (select trips)
Route12_Washington,10628,BUILDING 12 (select trips)
Route12_Washington,10629,BUILDING 8 (select trips)
Route12_Washington,10629,BUILDING 8 (select trips)
Route12_Washington,10630,BUILDING 2 (select trips)
Route12_Washington,10630,BUILDING 2 (select trips)
Route12_Washington,10631,BUILDING 1 (select trips)
Route12_Washington,10631,BUILDING 1 (select trips)
Route12_Washington,3308,WASHINGTON AVE & ROSEMONT ST
Route12_Washington,1852,WASHINGTON AVE & ROSEMONT ST
Route12_Washington,2180,WASHINGTON AVE & HOMESTEAD AVE
Route12_Washington,1849,WASHINGTON AVE & HOMESTEAD AVE
Route12_Washington,3259,WASHINGTON AVE & WINTHROP AVE
Route12_Washington,1847,WASHINGTON AVE & WINTHROP AVE
Route12_Washington,11581,WASHINGTON AVE & MANNING BLVD
Route12_Washington,1846,WASHINGTON AVE & MANNING BLVD
Route12_Washington,2205,WASHINGTON AVE & PINE ST
Route12_Washington,1997,WASHINGTON AVE & PINE ST
Route12_Washington,1796,WASHINGTON AVE & N ALLEN ST
Route12_Washington,3287,WASHINGTON AVE & N ALLEN ST
Route12_Washington,3257,WASHINGTON AVE & N MAIN AVE
Route12_Washington,3264,WASHINGTON AVE & N MAIN AVE
Route12_Washington,2107,WASHINGTON AVE & PARTRIDGE ST
Route12_Washington,1839,WASHINGTON AVE & PARTRIDGE ST
Route12_Washington,3256,WASHINGTON AVE & ONTARIO ST
Route12_Washington,1841,WASHINGTON AVE & ONTARIO ST
Route12_Washington,2109,WASHINGTON AVE & N LAKE AVE
Route12_Washington,1837,WASHINGTON AVE & N LAKE AVE
Route12_Washington,3254,WASHINGTON AVE & ROBIN ST
Route12_Washington,1843,WASHINGTON AVE & ROBIN ST
Route12_Washington,2096,WASHINGTON AVE & LEXINGTON AVE
Route12_Washington,2169,WASHINGTON AVE & LEXINGTON AVE
Route12_Washington,1788,WASHINGTON AVE & DOVE ST
Route12_Washington,3241,WASHINGTON AVE & DOVE ST
Route12_Washington,1789,WASHINGTON AVE & S SWAN ST
Route12_Washington,3301,WASHINGTON AVE & S SWAN ST
Route12_Washington,2509,STATE ST & LODGE ST
Route12_Washington,2665,STATE ST & LODGE ST
Route12_Washington,9018,BROADWAY & ORANGE ST
Route12_Washington,9018,BROADWAY & ORANGE ST
Route12_Western,7175,CROSSGATES MID-MALL
Route12_Western,7175,CROSSGATES MID-MALL
Route12_Western,10135,WASHINGTON AVE & MAIN SUNY ENTRANCE RD
Route12_Western,10135,WASHINGTON AVE & MAIN SUNY ENTRANCE RD
Route12_Western,7216,SUNY COLLINS CIRCLE
Route12_Western,7216,SUNY COLLINS CIRCLE
Route12_Western,10627,BUILDING 22 (select trips)
Route12_Western,10627,BUILDING 22 (select trips)
Route12_Western,10628,BUILDING 12 (select trips)
Route12_Western,10628,BUILDING 12 (select trips)
Route12_Western,10629,BUILDING 8 (select trips)
Route12_Western,10629,BUILDING 8 (select trips)
Route12_Western,10630,BUILDING 2 (select trips)
Route12_Western,10630,BUILDING 2 (select trips)
Route12_Western,10631,BUILDING 1 (select trips)
Route12_Western,10631,BUILDING 1 (select trips)
Route12_Western,3308,WASHINGTON AVE & ROSEMONT ST
Route12_Western,1852,WASHINGTON AVE & ROSEMONT ST
Route12_Western,2180,WASHINGTON AVE & HOMESTEAD AVE
Route12_Western,1849,WASHINGTON AVE & HOMESTEAD AVE
Route12_Western,3259,WASHINGTON AVE & WINTHROP AVE
Route12_Western,1847,WASHINGTON AVE & WINTHROP AVE
Route12_Western,11581,WASHINGTON AVE & MANNING BLVD
Route12_Western,1846,WASHINGTON AVE & MANNING BLVD
Route12_Western,2205,WASHINGTON AVE & PINE ST
Route12_Western,1997,WASHINGTON AVE & PINE ST
Route12_Western,1796,WASHINGTON AVE & N ALLEN ST
Route12_Western,3287,WASHINGTON AVE & N ALLEN ST
Route12_Western,3257,WASHINGTON AVE & N MAIN AVE
Route12_Western,3264,WASHINGTON AVE & N MAIN AVE
Route12_Western,2107,WASHINGTON AVE & PARTRIDGE ST
Route12_Western,1839,WASHINGTON AVE & PARTRIDGE ST
Route12_Western,3256,WASHINGTON AVE & ONTARIO ST
Route12_Western,1841,WASHINGTON AVE & ONTARIO ST
Route12_Western,2109,WASHINGTON AVE & N LAKE AVE
Route12_Western,1837,WASHINGTON AVE & N LAKE AVE
Route12_Western,3254,WASHINGTON AVE & ROBIN ST
Route12_Western,1843,WASHINGTON AVE & ROBIN ST
Route12_Western,2096,WASHINGTON AVE & LEXINGTON AVE
Route12_Western,2169,WASHINGTON AVE & LEXINGTON AVE
Route12_Western,1788,WASHINGTON AVE & DOVE ST
Route12_Western,3241,WASHINGTON AVE & DOVE ST
Route12_Western,1789,WASHINGTON AVE & S SWAN ST
Route12_Western,3301,WASHINGTON AVE & S SWAN ST
Route12_Western,2509,STATE ST & LODGE ST
Route12_Western,2665,STATE ST & LODGE ST
Route12_Western,10503,GREYHOUND TERMINAL
Route12_Western,10503,GREYHOUND TERMINAL
Route63,2015,WESTERN AVE & ARCADIA AVE
Route63,304,WESTERN AVE & ARCADIA AVE
Route63,233,WESTERN AVE & GLYNN ST
Route63,10217,WESTERN AVE & GLYNN ST
Route63,232,WESTERN AVE & HOMESTEAD ST
Route63,874,WESTERN AVE & HOMESTEAD ST
Route63,11623,WESTERN AVE & RUSSELL RD
Route63,870,WESTERN AVE & RUSSELL RD
Route63,240,WESTERN AVE & DAYTONA AVE
Route63,10221,WESTERN AVE & DAYTONA AVE
Route63,241,WESTERN AVE & SEMINOLE AVE
Route63,867,WESTERN AVE & SEMINOLE AVE
Route63,296,WESTERN AVE & FAIRLAWN AVE
Route63,288,WESTERN AVE & FAIRLAWN AVE
Route63,338,MADISON AVE & W LAWRENCE ST
Route63,275,MADISON AVE & W LAWRENCE ST
Route63,340,MADISON AVE & SAINT ROSE COLLEGE
Route63,274,MADISON AVE & SAINT ROSE COLLEGE
Route63,341,MADISON AVE & PARTRIDGE ST
Route63,272,MADISON AVE & PARTRIDGE ST
Route63,348,MADISON AVE & NEW SCOTLAND AVE
Route63,265,MADISON AVE & NEW SCOTLAND AVE
Route63,350,MADSION AVE & WILLETT ST
Route63,264,MADSION AVE & WILLETT ST
Route63,351,LARK ST & MADISON AVE
Route63,589,LARK ST & MADISON AVE
Route63,546,LARK ST & HUDSON AVE
Route63,561,LARK ST & HUDSON AVE
Route63,3246,LARK ST & LANCASTER ST
Route63,564,LARK ST & LANCASTER ST
Route63,2207,LARK ST & STATE ST
Route63,10121,LARK ST & STATE ST
Route63,1788,WASHTINGTON AVE & DOVE ST
Route63,3241,WASHTINGTON AVE & DOVE ST
Route63,1789,WASHINGTON AVE & S SWAN ST
Route63,3301,WASHINGTON AVE & S SWAN ST
Route63,2509,STATE ST & LODGE ST
Route63,2665,STATE ST & LODGE ST
Route90,7175,CROSSGATES MID-MALL
Route90,7175,CROSSGATES MID-MALL
Route90,7216,SUNY COLLINS CIRCLE
Route90,7216,SUNY COLLINS CIRCLE
Route90,34,FULLER RD & RAILROAD AVE
Route90,38,FULLER RD & RAILROAD AVE
Route90,39,FULLER RD & WAREHOUSE ROW
Route90,37,FULLER RD & WAREHOUSE ROW
Route90,10511,WOLF RD & ULENSKI DR
Route90,10516,WOLF RD & ULENSKI DR
Route90,11116,RTS 2 & 9 & LATHAM FARMS MALL
Route90,7168,RTS 2 & 9 & LATHAM FARMS MALL
Route90,7167,HERBERT DR & LATHAM CIRCLE MALL
Route90,7167,HERBERT DR & LATHAM CIRCLE MALL
Route90,11053,KLEINS SPORTS STORE & LATHAM CIRCLE MALL
Route90,11053,KLEINS SPORTS STORE & LATHAM CIRCLE MALL
Route90,2913,RT 2 & OLD LOUDON RD
Route90,2914,RT 2 & OLD LOUDON RD
Route90,2908,RT 2 & CARPET MASTER
Route90,2919,RT 2 & CARPET MASTER
Route90,2904,RT 2 & K-MART
Route90,3755,RT 2 & K-MART
Route90,2903,RT 2 & DELATOUR RD
Route90,3756,RT 2 & DELATOUR RD
Route90,2902,RT 2 & WESTERN AVE
Route90,3758,RT 2 & WESTERN AVE
Route90,11118,19TH ST HIGHLAND CLUB APTS
Route90,11114,19TH ST HIGHLAND CLUB APTS
Route90,2898,19TH ST & 12TH AVE
Route90,3762,19TH ST & 12TH AVE
Route90,3804,19TH ST & 10TH AVE
Route90,3763,19TH ST & 10TH AVE
Route90,3800,19TH ST & 9TH AVE
Route90,3764,19TH ST & 9TH AVE
Route90,8033,19TH ST & 8TH AVE
Route90,3765,19TH ST & 8TH AVE
Route90,3799,19TH ST & 7TH AVE
Route90,3766,19TH ST & 7TH AVE
Route90,2897,19TH ST & 6TH AVE
Route90,3767,19TH ST & 6TH AVE
Route90,3798,19TH ST & 4TH AVE
Route90,3768,19TH ST & 4TH AVE
Route90,2931,19TH ST & 3RD AVE
Route90,11112,19TH ST & 3RD AVE
Route90,12011,RPI FIELD HOUSE
Route90,12011,RPI FIELD HOUSE

