9,Clockwise,1,9018,BROADWAY & ORANGE ST,502,BROADWAY & QUACKENBUSH SQUARE,299 ft,0.1 km
9,Clockwise,2,502,BROADWAY & QUACKENBUSH SQUARE,3234,WILSON ST & N PEARL ST,0.2 mi,0.21 km
9,Clockwise,3,3234,WILSON ST & N PEARL ST,2168,N PEARL ST & CLINTON AVE ,0.2 mi,0.2 km
9,Clockwise,4,2168,N PEARL ST & CLINTON AVE ,10577,N PEARL ST & ORANGE ST ,482 ft,0.12 km
9,Clockwise,5,10577,N PEARL ST & ORANGE ST ,3233,N PEARL ST & SHERIDAN AVE ,404 ft,0.12 km
9,Clockwise,6,3233,N PEARL ST & SHERIDAN AVE ,3221,N PEARL ST & TEN EYCK PLAZA,0.2 mi,0.27 km
9,Clockwise,7,3221,N PEARL ST & TEN EYCK PLAZA,2665,STATE ST & LODGE ST,0.1 mi,0.1 km
9,Clockwise,8,2665,STATE ST & LODGE ST,540,STATE ST & HOWARD ST,0.2 mi,0.19 km
9,Clockwise,9,540,STATE ST & HOWARD ST,11638,EAGLE ST & MADISON AVE,0.3 mi,0.4 km
9,Clockwise,10,11638,EAGLE ST & MADISON AVE,618,EAGLE ST & PARK AVE,0.2 mi,0.32 km
9,Clockwise,11,618,EAGLE ST & PARK AVE,619,EAGLE ST & WARREN ST,351 ft,0.1 km
9,Clockwise,12,619,EAGLE ST & WARREN ST,720,MORTON AVE & EAGLE ST,0.1 mi,0.14 km
9,Clockwise,13,720,MORTON AVE & EAGLE ST,689,MORTON AVE & S HAWK ST,0.1 mi,0.22 km
9,Clockwise,14,689,MORTON AVE & S HAWK ST,688,MORTON AVE & MARTIN LUTHER KING JR BLVD,0.1 mi,0.18 km
9,Clockwise,15,688,MORTON AVE & MARTIN LUTHER KING JR BLVD,690,MORTON AVE & ONEIDA TERR,0.1 mi,0.2 km
9,Clockwise,16,690,MORTON AVE & ONEIDA TERR,477,DELAWARE AVE & BESCH ST,0.2 mi,0.24 km
9,Clockwise,17,477,DELAWARE AVE & BESCH ST,415,DELAWARE AVE & DELAWARE TERR,463 ft,0.14 km
9,Clockwise,18,415,DELAWARE AVE & DELAWARE TERR,417,DELAWARE AVE & MAGNOLIA TERR,233 ft,0.07 km
9,Clockwise,19,417,DELAWARE AVE & MAGNOLIA TERR,476,DELAWARE AVE & CARROLL TERR,335 ft,0.1 km
9,Clockwise,20,476,DELAWARE AVE & CARROLL TERR,475,DELAWARE AVE & BARCLAY ST,331 ft,0.1 km
9,Clockwise,21,475,DELAWARE AVE & BARCLAY ST,474,DELAWARE AVED & HURLBUT ST,276 ft,0.09 km
9,Clockwise,22,474,DELAWARE AVED & HURLBUT ST,473,DELAWARE AVE & FEDERAL ST,249 ft,0.08 km
9,Clockwise,23,473,DELAWARE AVE & FEDERAL ST,472,365 DELAWARE AVE,171 ft,0.05 km
9,Clockwise,24,472,365 DELAWARE AVE,471,DELAWARE AVE & JEANETTE ST,476 ft,0.14 km
9,Clockwise,25,471,DELAWARE AVE & JEANETTE ST,470,DELAWARE AVE & MARINELLO TERR,190 ft,0.06 km
9,Clockwise,26,470,DELAWARE AVE & MARINELLO TERR,469,DELAWARE AVE & CUYLER ST,0.1 mi,0.17 km
9,Clockwise,27,469,DELAWARE AVE & CUYLER ST,468,DELAWARE AVE & WHITEHALL RD,269 ft,0.08 km
9,Clockwise,28,468,DELAWARE AVE & WHITEHALL RD,9025,WHITEHALL RD & SARD RD,0.2 mi,0.29 km
9,Clockwise,29,9025,WHITEHALL RD & SARD RD,1219,WHITEHALL RD & MATILDA ST,335 ft,0.1 km
9,Clockwise,30,1219,WHITEHALL RD & MATILDA ST,1075,WHITEHALL RD & MARWILL ST,217 ft,0.07 km
9,Clockwise,31,1075,WHITEHALL RD & MARWILL ST,1074,WHITEHALL RD & FULLERTON ST,479 ft,0.15 km
9,Clockwise,32,1074,WHITEHALL RD & FULLERTON ST,633,WHITEHALL RD & EDGECOMB ST,203 ft,0.06 km
9,Clockwise,33,633,WHITEHALL RD & EDGECOMB ST,1072,WHITEHALL RD & ROSE CT,387 ft,0.12 km
9,Clockwise,34,1072,WHITEHALL RD & ROSE CT,1071,WHITEHALL RD & CLAYTON PL,312 ft,0.1 km
9,Clockwise,35,1071,WHITEHALL RD & CLAYTON PL,1070,WHITEHALL RD & JOELSON CT,367 ft,0.11 km
9,Clockwise,36,1070,WHITEHALL RD & JOELSON CT,1069,WHITEHALL RD & BETWOOD ST,302 ft,0.09 km
9,Clockwise,37,1069,WHITEHALL RD & BETWOOD ST,1068,WHITEHALL RD & RAMSEY PL,381 ft,0.11 km
9,Clockwise,38,1068,WHITEHALL RD & RAMSEY PL,1067,WHITEHALL RD & MARWOOD ST,220 ft,0.06 km
9,Clockwise,39,1067,WHITEHALL RD & MARWOOD ST,1066,WHITEHALL RD & HOLLYWOOD AVE,371 ft,0.11 km
9,Clockwise,40,1066,WHITEHALL RD & HOLLYWOOD AVE,2247,WHITEHALL RD & SYCAMORE ST,276 ft,0.08 km
9,Clockwise,41,2247,WHITEHALL RD & SYCAMORE ST,1064,WHITEHALL RD & TURNER PL,341 ft,0.1 km
9,Clockwise,42,1064,WHITEHALL RD & TURNER PL,1063,WHITEHALL RD & CARDINAL AVE,312 ft,0.09 km
9,Clockwise,43,1063,WHITEHALL RD & CARDINAL AVE,1062,125 CARDINAL AVE,0.2 mi,0.2 km
9,Clockwise,44,1062,125 CARDINAL AVE,1061,CARDINAL AVE & HACKETT BLVD,499 ft,0.15 km
9,Clockwise,45,1061,CARDINAL AVE & HACKETT BLVD,1060,59 CARDINAL AVE,0.1 mi,0.18 km
9,Clockwise,46,1060,59 CARDINAL AVE,1059,CARDINAL AVE & HELDERBERG AVE,430 ft,0.13 km
9,Clockwise,47,1059,CARDINAL AVE & HELDERBERG AVE,1058,CARDINAL AVE & NEW SCOTLAND AVE,0.1 mi,0.22 km
9,Clockwise,48,1058,CARDINAL AVE & NEW SCOTLAND AVE,1048,NEW SCOTLAND AVE & HOLLYWOOD AVE,0.1 mi,0.15 km
9,Clockwise,49,1048,NEW SCOTLAND AVE & HOLLYWOOD AVE,1031,NEW SCOTLAND AVE & PINEWOOD AVE,469 ft,0.14 km
9,Clockwise,50,1031,NEW SCOTLAND AVE & PINEWOOD AVE,1033,NEW SCOTLAND AVE & HARRIS AVE,0.1 mi,0.17 km
9,Clockwise,51,1033,NEW SCOTLAND AVE & HARRIS AVE,10328,ONTARIO ST & AVENUE B AVE,0.2 mi,0.22 km
9,Clockwise,52,10328,ONTARIO ST & AVENUE B AVE,10329,ONTARIO ST & WOODLAWN AVE,446 ft,0.14 km
9,Clockwise,53,10329,ONTARIO ST & WOODLAWN AVE,1128,WOODLAWN AVE & PARTRIDGE ST,0.1 mi,0.21 km
9,Clockwise,54,1128,WOODLAWN AVE & PARTRIDGE ST,1055,PARTRIDGE ST & PROVIDENCE ST,384 ft,0.11 km
9,Clockwise,55,1055,PARTRIDGE ST & PROVIDENCE ST,1127,PARTRIDGE ST & MERCER ST,305 ft,0.09 km
9,Clockwise,56,1127,PARTRIDGE ST & MERCER ST,1054,PARTRIDGE ST & WARREN ST,276 ft,0.08 km
9,Clockwise,57,1054,PARTRIDGE ST & WARREN ST,1053,PARTRIDGE ST & PARK AVE,285 ft,0.09 km
9,Clockwise,58,1053,PARTRIDGE ST & PARK AVE,3193,PARTRIDGE ST & MYRTLE AVE,318 ft,0.1 km
9,Clockwise,59,3193,PARTRIDGE ST & MYRTLE AVE,1051,PARTRIDGE ST & MORRIS ST,269 ft,0.08 km
9,Clockwise,60,1051,PARTRIDGE ST & MORRIS ST,3195,PARTRIDGE ST & MADISON AVE,449 ft,0.14 km
9,Clockwise,61,3195,PARTRIDGE ST & MADISON AVE,1217,PARTRIDGE ST & WestERN AVE,0.2 mi,0.27 km
9,Clockwise,62,1217,PARTRIDGE ST & WestERN AVE,257,WestERN AVE & ONTARIO ST,0.1 mi,0.21 km
9,Clockwise,63,257,WestERN AVE & ONTARIO ST,258,WestERN AVE & QUAIL ST,0.1 mi,0.22 km
9,Clockwise,64,258,WestERN AVE & QUAIL ST,259,WestERN AVE & S LAKE AVE,0.2 mi,0.27 km
9,Clockwise,65,259,WestERN AVE & S LAKE AVE,260,WestERN AVE & THURLOW TERR,0.1 mi,0.16 km
9,Clockwise,66,260,WestERN AVE & THURLOW TERR,261,WestERN AVE & ROBIN ST,0.1 mi,0.22 km
9,Clockwise,67,261,WestERN AVE & ROBIN ST,262,WestERN AVE & SPRAGUE PL,0.1 mi,0.17 km
9,Clockwise,68,262,WestERN AVE & SPRAGUE PL,263,Washington AVE & HENRY JOHNSON BLVD,0.2 mi,0.24 km
9,Clockwise,69,263,Washington AVE & HENRY JOHNSON BLVD,2663,Washington AVE & LARK ST,0.1 mi,0.2 km
9,Clockwise,70,2663,Washington AVE & LARK ST,1788,Washington AVE & DOVE ST,0.1 mi,0.24 km
9,Clockwise,71,1788,Washington AVE & DOVE ST,1789,Washington AVE & S SWAN ST,0.2 mi,0.27 km
9,Clockwise,72,1789,Washington AVE & S SWAN ST,2706,Washington AVE & HAWK ST (THE CAPITOL),0.1 mi,0.16 km
9,Clockwise,73,2706,Washington AVE & HAWK ST (THE CAPITOL),1787,STATE ST & EAGLE ST,0.2 mi,0.31 km
9,Clockwise,74,1787,STATE ST & EAGLE ST,2509,STATE ST & LODGE ST,0.1 mi,0.16 km
9,Clockwise,75,2509,STATE ST & LODGE ST,2589,STATE ST & PEARL ST,249 ft,0.07 km
9,Clockwise,76,2589,STATE ST & PEARL ST,3940,BROADWAY & PETER D KIERNAN PLAZA,0.2 mi,0.3 km
9,Counterclockwise,1,9018,BROADWAY & ORANGE ST,502,BROADWAY & QUACKENBUSH SQUARE,299 ft,0.1 km
9,Counterclockwise,2,502,BROADWAY & QUACKENBUSH SQUARE,3234,WILSON ST & N PEARL ST,0.2 mi,0.21 km
9,Counterclockwise,3,3234,WILSON ST & N PEARL ST,2168,N PEARL ST & CLINTON AVE ,0.2 mi,0.2 km
9,Counterclockwise,4,2168,N PEARL ST & CLINTON AVE ,10577,N PEARL ST & ORANGE ST ,482 ft,0.12 km
9,Counterclockwise,5,10577,N PEARL ST & ORANGE ST ,3233,N PEARL ST & SHERIDAN AVE ,404 ft,0.12 km
9,Counterclockwise,6,3233,N PEARL ST & SHERIDAN AVE ,3221,N PEARL ST & TEN EYCK PLAZA,0.2 mi,0.27 km
9,Counterclockwise,7,3221,N PEARL ST & TEN EYCK PLAZA,2665,STATE ST & LODGE ST,0.1 mi,0.1 km
9,Counterclockwise,8,2665,STATE ST & LODGE ST,10087,EAGLE ST & STATE ST (CITY HALL),0.1 mi,0.17 km
9,Counterclockwise,9,10087,EAGLE ST & STATE ST (CITY HALL),3250,Washington AVE & HAWK ST ,0.1 mi,0.21 km
9,Counterclockwise,10,3250,Washington AVE & HAWK ST ,3301,Washington AVE &S SWAN ST,0.1 mi,0.24 km
9,Counterclockwise,11,3301,Washington AVE &S SWAN ST,3241,Washington AVE & DOVE ST,0.2 mi,0.23 km
9,Counterclockwise,12,3241,Washington AVE & DOVE ST,3239,Washington AVE & LARK ST (ARMORY),0.1 mi,0.17 km
9,Counterclockwise,13,3239,Washington AVE & LARK ST (ARMORY),3455,CENTRAL AVE & HENRY JOHNSON BLVD,0.2 mi,0.35 km
9,Counterclockwise,14,3455,CENTRAL AVE & HENRY JOHNSON BLVD,2169,Washington AVE & LEXINGTON AVE,0.2 mi,0.25 km
9,Counterclockwise,15,2169,Washington AVE & LEXINGTON AVE,3313,ROBIN ST & WestERN AVE,0.2 mi,0.17 km
9,Counterclockwise,16,3313,ROBIN ST & WestERN AVE,285,WestERN AVE & THURLOW TERR,0.1 mi,0.15 km
9,Counterclockwise,17,285,WestERN AVE & THURLOW TERR,286,WestERN AVE & N LAKE AVE,0.1 mi,0.19 km
9,Counterclockwise,18,286,WestERN AVE & N LAKE AVE,283,WestERN AVE & QUAIL ST,0.1 mi,0.23 km
9,Counterclockwise,19,283,WestERN AVE & QUAIL ST,10591,ONTARIO ST & WestERN AVE,0.2 mi,0.28 km
9,Counterclockwise,20,10591,ONTARIO ST & WestERN AVE,1246,ONTARIO ST & HAMILTON ST,0.1 mi,0.17 km
9,Counterclockwise,21,1246,ONTARIO ST & HAMILTON ST,1245,ONTARION ST & MADISON AVE,407 ft,0.11 km
9,Counterclockwise,22,1245,ONTARION ST & MADISON AVE,624,ONTARIO ST & YATES ST,272 ft,0.08 km
9,Counterclockwise,23,624,ONTARIO ST & YATES ST,1244,ONTARIO ST & MORRIS ST,269 ft,0.08 km
9,Counterclockwise,24,1244,ONTARIO ST & MORRIS ST,625,ONTARIO ST & MYRTLE AVE,262 ft,0.08 km
9,Counterclockwise,25,625,ONTARIO ST & MYRTLE AVE,626,ONTARIO ST & PARK AVE,335 ft,0.09 km
9,Counterclockwise,26,626,ONTARIO ST & PARK AVE,1260,ONTARIO ST & WARREN ST,299 ft,0.09 km
9,Counterclockwise,27,1260,ONTARIO ST & WARREN ST,1243,ONTARIO ST & MERCER ST,279 ft,0.09 km
9,Counterclockwise,28,1243,ONTARIO ST & MERCER ST,627,ONTARIO ST & PROVIDENCE ST,253 ft,0.08 km
9,Counterclockwise,29,627,ONTARIO ST & PROVIDENCE ST,628,ONTARIO ST & WOODLAWN AVE,423 ft,0.13 km
9,Counterclockwise,30,628,ONTARIO ST & WOODLAWN AVE,1242,ONTARIO ST & AVENUE B AVE,479 ft,0.15 km
9,Counterclockwise,31,1242,ONTARIO ST & AVENUE B AVE,1241,ONTARIO ST & NEW SCOTLAND AVE,469 ft,0.14 km
9,Counterclockwise,32,1241,ONTARIO ST & NEW SCOTLAND AVE,453,NEW SCOTLAND AVE & NORWOOD AVE,0.1 mi,0.18 km
9,Counterclockwise,33,453,NEW SCOTLAND AVE & NORWOOD AVE,454,NEW SCOTLAND AVE & GLENWOOD ST,374 ft,0.11 km
9,Counterclockwise,34,454,NEW SCOTLAND AVE & GLENWOOD ST,455,NEW SCOTLAND AVE & PARKWOOD ST,361 ft,0.11 km
9,Counterclockwise,35,455,NEW SCOTLAND AVE & PARKWOOD ST,457,NEW SCOTLAND AVE & W ERIE ST,266 ft,0.07 km
9,Counterclockwise,36,457,NEW SCOTLAND AVE & W ERIE ST,3955,CARDINAL AVE & NEW SCOTLAND AVE,0.1 mi,0.17 km
9,Counterclockwise,37,3955,CARDINAL AVE & NEW SCOTLAND AVE,1240,CARDINAL AVE & HELDERBERG AVE,0.1 mi,0.19 km
9,Counterclockwise,38,1240,CARDINAL AVE & HELDERBERG AVE,1239,CARDINAL AVE (BTW HELDERBURG & HACKETT),430 ft,0.13 km
9,Counterclockwise,39,1239,CARDINAL AVE (BTW HELDERBURG & HACKETT),1238,CARDINAL AVE & HACKETT BLVD,354 ft,0.11 km
9,Counterclockwise,40,1238,CARDINAL AVE & HACKETT BLVD,1237,124 CARDINAL AVE,0.1 mi,0.23 km
9,Counterclockwise,41,1237,124 CARDINAL AVE,1236,CARDINAL AVE & WHITEHALL RD,0.1 mi,0.21 km
9,Counterclockwise,42,1236,CARDINAL AVE & WHITEHALL RD,629,WHITEHALL RD & MARLBOROUGH CT,0.1 mi,0.15 km
9,Counterclockwise,43,629,WHITEHALL RD & MARLBOROUGH CT,630,WHITEHALL RD & CARISLE CT,0.1 mi,0.19 km
9,Counterclockwise,44,630,WHITEHALL RD & CARISLE CT,631,WHITEHALL RD & SWARTSON CT,387 ft,0.11 km
9,Counterclockwise,45,631,WHITEHALL RD & SWARTSON CT,1235,WHITEHALL RD & MARIETTE PL,253 ft,0.08 km
9,Counterclockwise,46,1235,WHITEHALL RD & MARIETTE PL,1234,WHITEHALL RD & KELTON CT,387 ft,0.12 km
9,Counterclockwise,47,1234,WHITEHALL RD & KELTON CT,632,WHITEHALL RD & ELBEL CT,499 ft,0.15 km
9,Counterclockwise,48,632,WHITEHALL RD & ELBEL CT,3954,WHITEHALL RD & ROSE CT,276 ft,0.08 km
9,Counterclockwise,49,3954,WHITEHALL RD & ROSE CT,1073,WHITEHALL RD & EDGECOMB ST,295 ft,0.09 km
9,Counterclockwise,50,1073,WHITEHALL RD & EDGECOMB ST,634,WHITEHALL RD & HOLMES CT,371 ft,0.11 km
9,Counterclockwise,51,634,WHITEHALL RD & HOLMES CT,635,WHITEHALL RD & MCDONALD RD,0.1 mi,0.21 km
9,Counterclockwise,52,635,WHITEHALL RD & MCDONALD RD,1233,WHITEHALL RD & SARD RD,223 ft,0.07 km
9,Counterclockwise,53,1233,WHITEHALL RD & SARD RD,1232,WHITEHALL RD & DELAWARE AVE,0.1 mi,0.22 km
9,Counterclockwise,54,1232,WHITEHALL RD & DELAWARE AVE,487,DELAWARE AVE & BECKMAN ST,0.1 mi,0.21 km
9,Counterclockwise,55,487,DELAWARE AVE & BECKMAN ST,486,DELAWARE AVE & STANWIX ST,207 ft,0.06 km
9,Counterclockwise,56,486,DELAWARE AVE & STANWIX ST,485,DELAWARE AVE &JEANETTE ST,338 ft,0.1 km
9,Counterclockwise,57,485,DELAWARE AVE &JEANETTE ST,2955,DELAWARE AVE & MARSHALL ST,246 ft,0.07 km
9,Counterclockwise,58,2955,DELAWARE AVE & MARSHALL ST,484,DELAWARE AVE & BERTHA ST,318 ft,0.1 km
9,Counterclockwise,59,484,DELAWARE AVE & BERTHA ST,483,DELAWARE AVE & HURBLUT ST,230 ft,0.07 km
9,Counterclockwise,60,483,DELAWARE AVE & HURBLUT ST,482,DELAWARE AVE & BARCLAY ST,384 ft,0.12 km
9,Counterclockwise,61,482,DELAWARE AVE & BARCLAY ST,481,DELAWARE AVE & MAGNOLIA TERR,0.1 mi,0.17 km
9,Counterclockwise,62,481,DELAWARE AVE & MAGNOLIA TERR,480,DELAWARE AVE & MONA TERR,328 ft,0.1 km
9,Counterclockwise,63,480,DELAWARE AVE & MONA TERR,1969,DELAWARE AVE & BESCH AVE,466 ft,0.14 km
9,Counterclockwise,64,1969,DELAWARE AVE & BESCH AVE,2951,DELAWARE AVE & MORTON AVE,413 ft,0.12 km
9,Counterclockwise,65,2951,DELAWARE AVE & MORTON AVE,1231,MORTON AVE & ONEIDA TERR,459 ft,0.13 km
9,Counterclockwise,66,1231,MORTON AVE & ONEIDA TERR,1230,MORTON AVE & S SWAN ST,0.1 mi,0.19 km
9,Counterclockwise,67,1230,MORTON AVE & S SWAN ST,1229,MORTON AVE & S HAWK ST,0.1 mi,0.21 km
9,Counterclockwise,68,1229,MORTON AVE & S HAWK ST,1228,MORTON AVE & EAGLE ST,0.1 mi,0.2 km
9,Counterclockwise,69,1228,MORTON AVE & EAGLE ST,1227,EAGLE ST & WARREN ST,0.1 mi,0.15 km
9,Counterclockwise,70,1227,EAGLE ST & WARREN ST,1226,EAGLE ST & PARK AVE,351 ft,0.1 km
9,Counterclockwise,71,1226,EAGLE ST & PARK AVE,1225,EAGLE ST & MYRTLE AVE,282 ft,0.09 km
9,Counterclockwise,72,1225,EAGLE ST & MYRTLE AVE,1224,EAGLE ST & ELM ST,456 ft,0.14 km
9,Counterclockwise,73,1224,EAGLE ST & ELM ST,3216,EAGLE ST & MADISON AVE,325 ft,0.1 km
9,Counterclockwise,74,3216,EAGLE ST & MADISON AVE,10850,EAGLE ST & HOWARD ST,0.3 mi,0.4 km
9,Counterclockwise,75,10850,EAGLE ST & HOWARD ST,10592,EAGLE ST & STATE ST ,0.1 mi,0.16 km
9,Counterclockwise,76,10592,EAGLE ST & STATE ST ,2509,STATE ST & LODGE ST,0.2 mi,0.2 km
9,Counterclockwise,77,2509,STATE ST & LODGE ST,2589,STATE ST & PEARL ST,249 ft,0.07 km
9,Counterclockwise,78,2589,STATE ST & PEARL ST,3940,BROADWAY & PETER D KIERNAN PLAZA,0.2 mi,0.3 km
10,Broadway_East,1,7175,CROSSGATES MID-MALL,405,WestERN AVE & JOHNSTON ST,0.6 mi,0.57 km
10,Broadway_East,2,405,WestERN AVE & JOHNSTON ST,406,WestERN AVE & GARIEL TERR,0.1 mi,0.2 km
10,Broadway_East,3,406,WestERN AVE & GARIEL TERR,407,WestERN AVE & ALTON RD,469 ft,0.14 km
10,Broadway_East,4,407,WestERN AVE & ALTON RD,408,WestERN AVE & CHAPMAN DR,0.3 mi,0.46 km
10,Broadway_East,5,408,WestERN AVE & CHAPMAN DR,12021,2 EXECUTIVE PARK DR,0.8 mi,0.96 km
10,Broadway_East,6,12021,2 EXECUTIVE PARK DR,12022,EXECUTIVE PARK DRIVE @ STOP SIGN,0.2 mi,0.26 km
10,Broadway_East,7,12022,EXECUTIVE PARK DRIVE @ STOP SIGN,10623,STUYVESANT PLAZA (US POST OFFICE),0.2 mi,0.22 km
10,Broadway_East,8,10623,STUYVESANT PLAZA (US POST OFFICE),10622,STUYVESANT PLAZA (MANGIA),0.2 mi,0.22 km
10,Broadway_East,9,10622,STUYVESANT PLAZA (MANGIA),10620,1450 WestERN AVE,0.2 mi,0.22 km
10,Broadway_East,10,10620,1450 WestERN AVE,2016,WestERN AVE & MCKOWN RD,0.2 mi,0.26 km
10,Broadway_East,11,2016,WestERN AVE & MCKOWN RD,2018,WestERN AVE & WestLYN CT,0.1 mi,0.17 km
10,Broadway_East,12,2018,WestERN AVE & WestLYN CT,2017,WestERN AVE & BROOKWOOD AVE,397 ft,0.12 km
10,Broadway_East,13,2017,WestERN AVE & BROOKWOOD AVE,2015,WestERN AVE & ARCADIA AVE,404 ft,0.12 km
10,Broadway_East,14,2015,WestERN AVE & ARCADIA AVE,10617,WestERN AVE & HILLCREST ST,331 ft,0.11 km
10,Broadway_East,15,10617,WestERN AVE & HILLCREST ST,231,WestERN AVE & TRYON PL,0.2 mi,0.24 km
10,Broadway_East,16,231,WestERN AVE & TRYON PL,233,WestERN AVE & GLYNN ST,328 ft,0.1 km
10,Broadway_East,17,233,WestERN AVE & GLYNN ST,232,WestERN AVE & HOMESTEAD ST,338 ft,0.11 km
10,Broadway_East,18,232,WestERN AVE & HOMESTEAD ST,234,WestERN AVE & MAGAZINE ST,0.2 mi,0.26 km
10,Broadway_East,19,234,WestERN AVE & MAGAZINE ST,235,WestERN AVE & LOCUST ST,0.1 mi,0.18 km
10,Broadway_East,20,235,WestERN AVE & LOCUST ST,236,WestERN AVE & RUSSELL RD,0.1 mi,0.22 km
10,Broadway_East,21,236,WestERN AVE & RUSSELL RD,228,WestERN AVE & BEACON AVE,0.1 mi,0.17 km
10,Broadway_East,22,228,WestERN AVE & BEACON AVE,10612,WestERN AVE & HILLCREST AVE,276 ft,0.08 km
10,Broadway_East,23,10612,WestERN AVE & HILLCREST AVE,10619,BUILDING 8 (select trips),1.4 mi,0.71 km
10,Broadway_East,24,10619,BUILDING 8 (select trips),10618,BUILDING 9 (select trips),1 ft,0 km
10,Broadway_East,25,10618,BUILDING 9 (select trips),251,WestERN AVE & PINEHURST AVE,1.3 mi,0.72 km
10,Broadway_East,26,251,WestERN AVE & PINEHURST AVE,239,WestERN AVE & ORLANDO AVE,299 ft,0.09 km
10,Broadway_East,27,239,WestERN AVE & ORLANDO AVE,240,WestERN AVE & DAYTONA AVE,253 ft,0.08 km
10,Broadway_East,28,240,WestERN AVE & DAYTONA AVE,241,WestERN AVE & SEMINOLE AVE,318 ft,0.11 km
10,Broadway_East,29,241,WestERN AVE & SEMINOLE AVE,242,WestERN AVE & TAMPA AVE / ORMOND ST,486 ft,0.16 km
10,Broadway_East,30,242,WestERN AVE & TAMPA AVE / ORMOND ST,243,WestERN AVE & ORMOND ST / DAVIS AVE,407 ft,0.12 km
10,Broadway_East,31,243,WestERN AVE & ORMOND ST / DAVIS AVE,244,WestERN AVE & MILNER AVE,417 ft,0.12 km
10,Broadway_East,32,244,WestERN AVE & MILNER AVE,245,WestERN AVE & COLONIAL AVE,0.1 mi,0.12 km
10,Broadway_East,33,245,WestERN AVE & COLONIAL AVE,238,WestERN AVE & HOLMES DALE AVE,407 ft,0.11 km
10,Broadway_East,34,238,WestERN AVE & HOLMES DALE AVE,296,WestERN AVE & FAIRLAWN AVE,400 ft,0.12 km
10,Broadway_East,35,296,WestERN AVE & FAIRLAWN AVE,297,WestERN AVE & EUCLID AVE,361 ft,0.11 km
10,Broadway_East,36,297,WestERN AVE & EUCLID AVE,247,WestERN AVE & BROOKLINE AVE,289 ft,0.09 km
10,Broadway_East,37,247,WestERN AVE & BROOKLINE AVE,248,WestERN AVE & MARION AVE,430 ft,0.13 km
10,Broadway_East,38,248,WestERN AVE & MARION AVE,249,WestERN AVE & S MANNING BLVD,364 ft,0.11 km
10,Broadway_East,39,249,WestERN AVE & S MANNING BLVD,877,WestERN AVE & ALLEN ST,0.2 mi,0.36 km
10,Broadway_East,40,877,WestERN AVE & ALLEN ST,1356,WestERN AVE & W LAWRENCE ST,390 ft,0.12 km
10,Broadway_East,41,1356,WestERN AVE & W LAWRENCE ST,3428,WestERN AVE & N MAIN ST,0.1 mi,0.2 km
10,Broadway_East,42,3428,WestERN AVE & N MAIN ST,882,WestERN AVE & PARTRIDGE ST,0.3 mi,0.49 km
10,Broadway_East,43,882,WestERN AVE & PARTRIDGE ST,257,WestERN AVE & ONTARIO ST,0.1 mi,0.23 km
10,Broadway_East,44,257,WestERN AVE & ONTARIO ST,258,WestERN AVE & QUAIL ST,0.1 mi,0.22 km
10,Broadway_East,45,258,WestERN AVE & QUAIL ST,259,WestERN AVE & S LAKE AVE,0.2 mi,0.27 km
10,Broadway_East,46,259,WestERN AVE & S LAKE AVE,260,WestERN AVE & THURLOW TERR,0.1 mi,0.16 km
10,Broadway_East,47,260,WestERN AVE & THURLOW TERR,261,WestERN AVE & ROBIN ST,0.1 mi,0.22 km
10,Broadway_East,48,261,WestERN AVE & ROBIN ST,262,WestERN AVE & SPRAGUE PL,0.1 mi,0.17 km
10,Broadway_East,49,262,WestERN AVE & SPRAGUE PL,263,Washington AVE & HENRY JOHNSON BLVD,0.2 mi,0.24 km
10,Broadway_East,50,263,Washington AVE & HENRY JOHNSON BLVD,2663,Washington AVE & LARK ST,0.1 mi,0.2 km
10,Broadway_East,51,2663,Washington AVE & LARK ST,1788,Washington AVE & DOVE ST,0.1 mi,0.24 km
10,Broadway_East,52,1788,Washington AVE & DOVE ST,1789,Washington AVE & S SWAN ST,0.2 mi,0.27 km
10,Broadway_East,53,1789,Washington AVE & S SWAN ST,2706,Washington AVE & HAWK ST,0.1 mi,0.16 km
10,Broadway_East,54,2706,Washington AVE & HAWK ST,1787,STATE ST & EAGLE ST,0.2 mi,0.31 km
10,Broadway_East,55,1787,STATE ST & EAGLE ST,2509,STATE ST & LODGE ST,0.1 mi,0.16 km
10,Broadway_East,56,2509,STATE ST & LODGE ST,2589,STATE ST & PEARL ST,249 ft,0.07 km
10,Broadway_East,57,2589,STATE ST & PEARL ST,3940,BROADWAY & PETER D KIERNAN PLAZA,0.2 mi,0.3 km
10,Broadway_East,58,3940,BROADWAY & PETER D KIERNAN PLAZA,9018,BROADWAY & ORANGE ST,0.1 mi,0.23 km
10,Broadway_West,1,9018,BROADWAY & ORANGE ST,502,BROADWAY & QUACKENBUSH SQUARE,299 ft,0.1 km
10,Broadway_West,2,502,BROADWAY & QUACKENBUSH SQUARE,3234,WILSON ST & N PEARL ST,0.2 mi,0.21 km
10,Broadway_West,3,3234,WILSON ST & N PEARL ST,2168,N PEARL ST & CLINTON AVE,0.2 mi,0.2 km
10,Broadway_West,4,2168,N PEARL ST & CLINTON AVE,10577,N PEARL ST & ORANGE ST,482 ft,0.12 km
10,Broadway_West,5,10577,N PEARL ST & ORANGE ST,3233,N PEARL ST & SHERIDAN AVE,404 ft,0.12 km
10,Broadway_West,6,3233,N PEARL ST & SHERIDAN AVE,3221,N PEARL ST & TEN EYCK PLAZA,0.2 mi,0.27 km
10,Broadway_West,7,3221,N PEARL ST & TEN EYCK PLAZA,2665,STATE ST & LODGE ST,0.1 mi,0.1 km
10,Broadway_West,8,2665,STATE ST & LODGE ST,10087,EAGLE ST & STATE ST (CITY HALL),0.1 mi,0.17 km
10,Broadway_West,9,10087,EAGLE ST & STATE ST (CITY HALL),3250,Washington AVE & HAWK ST,0.1 mi,0.21 km
10,Broadway_West,10,3250,Washington AVE & HAWK ST,3301,Washington AVE & S SWAN ST,0.1 mi,0.24 km
10,Broadway_West,11,3301,Washington AVE & S SWAN ST,3241,Washington AVE & DOVE ST,0.2 mi,0.23 km
10,Broadway_West,12,3241,Washington AVE & DOVE ST,3239,Washington AVE & LARK ST (ARMORY),0.1 mi,0.17 km
10,Broadway_West,13,3239,Washington AVE & LARK ST (ARMORY),3455,CENTRAL AVE & HENRY JOHNSON BLVD,0.2 mi,0.35 km
10,Broadway_West,14,3455,CENTRAL AVE & HENRY JOHNSON BLVD,2169,Washington AVE & LEXINGTON AVE,0.2 mi,0.25 km
10,Broadway_West,15,2169,Washington AVE & LEXINGTON AVE,3313,ROBIN ST & WestERN AVE,0.2 mi,0.17 km
10,Broadway_West,16,3313,ROBIN ST & WestERN AVE,285,WestERN AVE & THURLOW TERR,0.1 mi,0.15 km
10,Broadway_West,17,285,WestERN AVE & THURLOW TERR,286,WestERN AVE & N LAKE AVE,0.1 mi,0.19 km
10,Broadway_West,18,286,WestERN AVE & N LAKE AVE,283,WestERN AVE & QUAIL ST,0.1 mi,0.23 km
10,Broadway_West,19,283,WestERN AVE & QUAIL ST,883,WestERN AVE & ONTARIO ST,0.2 mi,0.26 km
10,Broadway_West,20,883,WestERN AVE & ONTARIO ST,884,WestERN AVE & PARTRIDGE ST,0.1 mi,0.23 km
10,Broadway_West,21,884,WestERN AVE & PARTRIDGE ST,887,WestERN AVE & N MAIN AVE,0.3 mi,0.51 km
10,Broadway_West,22,887,WestERN AVE & N MAIN AVE,2112,WestERN AVE & W LAWRENCE ST,0.1 mi,0.17 km
10,Broadway_West,23,2112,WestERN AVE & W LAWRENCE ST,889,WestERN AVE & ALLEN ST,0.1 mi,0.16 km
10,Broadway_West,24,889,WestERN AVE & ALLEN ST,277,WestERN AVE & N PINE AVE,0.1 mi,0.16 km
10,Broadway_West,25,277,WestERN AVE & N PINE AVE,278,WestERN AVE & MANNING BLVD,449 ft,0.14 km
10,Broadway_West,26,278,WestERN AVE & MANNING BLVD,279,WestERN AVE & WINTHROP AVE,0.1 mi,0.23 km
10,Broadway_West,27,279,WestERN AVE & WINTHROP AVE,335,WestERN AVE & HOMESTEAD AVE,348 ft,0.1 km
10,Broadway_West,28,335,WestERN AVE & HOMESTEAD AVE,298,WestERN AVE & TERRACE AVE,358 ft,0.11 km
10,Broadway_West,29,298,WestERN AVE & TERRACE AVE,288,WestERN AVE & FAIRLAWN AVE,312 ft,0.09 km
10,Broadway_West,30,288,WestERN AVE & FAIRLAWN AVE,281,WestERN AVE & BELVEDERE AVE,167 ft,0.04 km
10,Broadway_West,31,281,WestERN AVE & BELVEDERE AVE,289,WestERN AVE & EILEEN ST,0.1 mi,0.19 km
10,Broadway_West,32,289,WestERN AVE & EILEEN ST,290,WestERN AVE & CLERMONT ST,443 ft,0.12 km
10,Broadway_West,33,290,WestERN AVE & CLERMONT ST,291,WestERN AVE & ROSEMONT ST,322 ft,0.07 km
10,Broadway_West,34,291,WestERN AVE & ROSEMONT ST,865,WestERN AVE & BREVATOR ST,358 ft,0.11 km
10,Broadway_West,35,865,WestERN AVE & BREVATOR ST,867,WestERN AVE & SEMINOLE AVE,0.1 mi,0.17 km
10,Broadway_West,36,867,WestERN AVE & SEMINOLE AVE,10221,WestERN AVE & DAYTONA AVE,407 ft,0.13 km
10,Broadway_West,37,10221,WestERN AVE & DAYTONA AVE,866,WestERN AVE & CAMPUS ACCESS RD,0.1 mi,0.2 km
10,Broadway_West,38,866,WestERN AVE & CAMPUS ACCESS RD,10619,BUILDING 8 (only certain trips),1.3 mi,0.71 km
10,Broadway_West,39,10619,BUILDING 8 (only certain trips),10618,BULDING 9 (only certain trips),1 ft,0 km
10,Broadway_West,40,10618,BULDING 9 (only certain trips),870,WestERN AVE & RUSSELL RD,1.5 mi,0.77 km
10,Broadway_West,41,870,WestERN AVE & RUSSELL RD,872,WestERN AVE & CAMBRIDGE RD,436 ft,0.12 km
10,Broadway_West,42,872,WestERN AVE & CAMBRIDGE RD,871,WestERN AVE & CLAREDON RD,466 ft,0.11 km
10,Broadway_West,43,871,WestERN AVE & CLAREDON RD,873,WestERN AVE & TUDOR RD,361 ft,0.11 km
10,Broadway_West,44,873,WestERN AVE & TUDOR RD,413,WestERN AVE & UNIVERSITY PL,0.1 mi,0.19 km
10,Broadway_West,45,413,WestERN AVE & UNIVERSITY PL,874,WestERN AVE & HOMESTEAD ST,358 ft,0.11 km
10,Broadway_West,46,874,WestERN AVE & HOMESTEAD ST,10217,WestERN AVE & GLYNN ST,364 ft,0.11 km
10,Broadway_West,47,10217,WestERN AVE & GLYNN ST,10616,WestERN AVE & BEST WestERN,0.2 mi,0.27 km
10,Broadway_West,48,10616,WestERN AVE & BEST WestERN,304,WestERN AVE & ARCADIA AVE,0.1 mi,0.17 km
10,Broadway_West,49,304,WestERN AVE & ARCADIA AVE,305,WestERN AVE & KNOWLES TERR,394 ft,0.1 km
10,Broadway_West,50,305,WestERN AVE & KNOWLES TERR,306,WestERN AVE & WAVERLY PL,0.1 mi,0.18 km
10,Broadway_West,51,306,WestERN AVE & WAVERLY PL,10193,WestERN AVE & NORWOOD ST,341 ft,0.07 km
10,Broadway_West,52,10193,WestERN AVE & NORWOOD ST,309,WestERN AVE & GLENWOOD ST,476 ft,0.14 km
10,Broadway_West,53,309,WestERN AVE & GLENWOOD ST,308,WestERN AVE & PARKWOOD ST,354 ft,0.1 km
10,Broadway_West,54,308,WestERN AVE & PARKWOOD ST,310,WestERN AVE & ELMWOOD ST,440 ft,0.13 km
10,Broadway_West,55,310,WestERN AVE & ELMWOOD ST,12021,2 EXECUTIVE PARK DR,0.3 mi,0.37 km
10,Broadway_West,56,12021,2 EXECUTIVE PARK DR,12022,EXECUTIVE PARK DRIVE @ STOP SIGN,0.2 mi,0.26 km
10,Broadway_West,57,12022,EXECUTIVE PARK DRIVE @ STOP SIGN,10623,STUYVESANT PLAZA (US POST OFFICE),0.2 mi,0.22 km
10,Broadway_West,58,10623,STUYVESANT PLAZA (US POST OFFICE),10622,STUYVESANT PLAZA (MANGIA),0.2 mi,0.22 km
10,Broadway_West,59,10622,STUYVESANT PLAZA (MANGIA),10621,WestERN AVE & STUYVESANT PLAZA,0.1 mi,0.11 km
10,Broadway_West,60,10621,WestERN AVE & STUYVESANT PLAZA,374,WestERN AVE & CHAPMAN DR,0.5 mi,0.8 km
10,Broadway_West,61,374,WestERN AVE & CHAPMAN DR,375,WestERN AVE & CROSSGATES MALL RD,0.2 mi,0.24 km
10,Broadway_West,62,375,WestERN AVE & CROSSGATES MALL RD,376,WestERN AVE & ALTON RD,0.2 mi,0.27 km
10,Broadway_West,63,376,WestERN AVE & ALTON RD,10602,WestERN AVE & LAWTON TERR,0.2 mi,0.27 km
10,Broadway_West,64,10602,WestERN AVE & LAWTON TERR,378,WestERN AVE & JOHSTON ST,479 ft,0.14 km
10,Broadway_West,65,378,WestERN AVE & JOHSTON ST,7175,CROSSGATES MID-MALL,0.6 mi,0.63 km
10,Greyhound_East,1,7175,CROSSGATES MID-MALL,405,WestERN AVE & JOHNSTON ST,0.6 mi,0.57 km
10,Greyhound_East,2,405,WestERN AVE & JOHNSTON ST,406,WestERN AVE & GARIEL TERR,0.1 mi,0.2 km
10,Greyhound_East,3,406,WestERN AVE & GARIEL TERR,407,WestERN AVE & ALTON RD,469 ft,0.14 km
10,Greyhound_East,4,407,WestERN AVE & ALTON RD,408,WestERN AVE & CHAPMAN DR,0.3 mi,0.46 km
10,Greyhound_East,5,408,WestERN AVE & CHAPMAN DR,12021,2 EXECUTIVE PARK DR,0.8 mi,0.96 km
10,Greyhound_East,6,12021,2 EXECUTIVE PARK DR,12022,EXECUTIVE PARK DRIVE @ STOP SIGN,0.2 mi,0.26 km
10,Greyhound_East,7,12022,EXECUTIVE PARK DRIVE @ STOP SIGN,10623,STUYVESANT PLAZA (US POST OFFICE),0.2 mi,0.22 km
10,Greyhound_East,8,10623,STUYVESANT PLAZA (US POST OFFICE),10622,STUYVESANT PLAZA (MANGIA),0.2 mi,0.22 km
10,Greyhound_East,9,10622,STUYVESANT PLAZA (MANGIA),233,WestERN AVE & GLYNN ST,0.9 mi,1.31 km
10,Greyhound_East,10,233,WestERN AVE & GLYNN ST,232,WestERN AVE & HOMESTEAD ST,338 ft,0.11 km
10,Greyhound_East,11,232,WestERN AVE & HOMESTEAD ST,234,WestERN AVE & MAGAZINE ST,0.2 mi,0.26 km
10,Greyhound_East,12,234,WestERN AVE & MAGAZINE ST,235,WestERN AVE & LOCUST ST,0.1 mi,0.18 km
10,Greyhound_East,13,235,WestERN AVE & LOCUST ST,236,WestERN AVE & RUSSELL RD,0.1 mi,0.22 km
10,Greyhound_East,14,236,WestERN AVE & RUSSELL RD,228,WestERN AVE & BEACON AVE,0.1 mi,0.17 km
10,Greyhound_East,15,228,WestERN AVE & BEACON AVE,10612,WestERN AVE & HILLCREST AVE,276 ft,0.08 km
10,Greyhound_East,16,10612,WestERN AVE & HILLCREST AVE,251,WestERN AVE & PINEHURST AVE,476 ft,0.12 km
10,Greyhound_East,17,251,WestERN AVE & PINEHURST AVE,239,WestERN AVE & ORLANDO AVE,299 ft,0.09 km
10,Greyhound_East,18,239,WestERN AVE & ORLANDO AVE,240,WestERN AVE & DAYTONA AVE,253 ft,0.08 km
10,Greyhound_East,19,240,WestERN AVE & DAYTONA AVE,241,WestERN AVE & SEMINOLE AVE,318 ft,0.11 km
10,Greyhound_East,20,241,WestERN AVE & SEMINOLE AVE,242,WestERN AVE & TAMPA AVE / ORMOND ST,486 ft,0.16 km
10,Greyhound_East,21,242,WestERN AVE & TAMPA AVE / ORMOND ST,243,WestERN AVE & ORMOND ST / DAVIS AVE,407 ft,0.12 km
10,Greyhound_East,22,243,WestERN AVE & ORMOND ST / DAVIS AVE,244,WestERN AVE & MILNER AVE,413 ft,0.12 km
10,Greyhound_East,23,244,WestERN AVE & MILNER AVE,245,WestERN AVE & COLONIAL AVE,328 ft,0.1 km
10,Greyhound_East,24,245,WestERN AVE & COLONIAL AVE,238,WestERN AVE & HOLMES DALE AVE,407 ft,0.11 km
10,Greyhound_East,25,238,WestERN AVE & HOLMES DALE AVE,296,WestERN AVE & FAIRLAWN AVE,400 ft,0.12 km
10,Greyhound_East,26,296,WestERN AVE & FAIRLAWN AVE,297,WestERN AVE & EUCLID AVE,361 ft,0.11 km
10,Greyhound_East,27,297,WestERN AVE & EUCLID AVE,247,WestERN AVE & BROOKLINE AVE,289 ft,0.09 km
10,Greyhound_East,28,247,WestERN AVE & BROOKLINE AVE,248,WestERN AVE & MARION AVE,430 ft,0.13 km
10,Greyhound_East,29,248,WestERN AVE & MARION AVE,249,WestERN AVE & S MANNING BLVD,364 ft,0.11 km
10,Greyhound_East,30,249,WestERN AVE & S MANNING BLVD,877,WestERN AVE & ALLEN ST,0.2 mi,0.36 km
10,Greyhound_East,31,877,WestERN AVE & ALLEN ST,1356,WestERN AVE & W LAWRENCE ST,390 ft,0.12 km
10,Greyhound_East,32,1356,WestERN AVE & W LAWRENCE ST,3428,WestERN AVE & N MAIN ST,0.1 mi,0.2 km
10,Greyhound_East,33,3428,WestERN AVE & N MAIN ST,882,WestERN AVE & PARTRIDGE ST,0.3 mi,0.49 km
10,Greyhound_East,34,882,WestERN AVE & PARTRIDGE ST,257,WestERN AVE & ONTARIO ST,0.1 mi,0.23 km
10,Greyhound_East,35,257,WestERN AVE & ONTARIO ST,258,WestERN AVE & QUAIL ST,0.1 mi,0.22 km
10,Greyhound_East,36,258,WestERN AVE & QUAIL ST,259,WestERN AVE & S LAKE AVE,0.2 mi,0.27 km
10,Greyhound_East,37,259,WestERN AVE & S LAKE AVE,260,WestERN AVE & THURLOW TERR,0.1 mi,0.16 km
10,Greyhound_East,38,260,WestERN AVE & THURLOW TERR,261,WestERN AVE & ROBIN ST,0.1 mi,0.22 km
10,Greyhound_East,39,261,WestERN AVE & ROBIN ST,262,WestERN AVE & SPRAGUE PL,0.1 mi,0.17 km
10,Greyhound_East,40,262,WestERN AVE & SPRAGUE PL,263,Washington AVE & HENRY JOHNSON BLVD,0.2 mi,0.24 km
10,Greyhound_East,41,263,Washington AVE & HENRY JOHNSON BLVD,2663,Washington AVE & LARK ST,0.1 mi,0.2 km
10,Greyhound_East,42,2663,Washington AVE & LARK ST,1788,Washington AVE & DOVE ST,0.1 mi,0.24 km
10,Greyhound_East,43,1788,Washington AVE & DOVE ST,1789,Washington AVE & S SWAN ST,0.2 mi,0.27 km
10,Greyhound_East,44,1789,Washington AVE & S SWAN ST,2706,Washington AVE & HAWK ST,0.1 mi,0.16 km
10,Greyhound_East,45,2706,Washington AVE & HAWK ST,1787,STATE ST & EAGLE ST,0.2 mi,0.31 km
10,Greyhound_East,46,1787,STATE ST & EAGLE ST,2509,STATE ST & LODGE ST,0.1 mi,0.16 km
10,Greyhound_East,47,2509,STATE ST & LODGE ST,2589,STATE ST & PEARL ST,256 ft,0.07 km
10,Greyhound_East,48,2589,STATE ST & PEARL ST,3937,BROADWAY & HUDSON AVE,0.2 mi,0.26 km
10,Greyhound_East,49,3937,BROADWAY & HUDSON AVE,10502,MADISON AVE & GREEN ST,0.3 mi,0.38 km
10,Greyhound_East,50,10502,MADISON AVE & GREEN ST,10503,GREYHOUND TERMINAL,0.1 mi,0.15 km
10,Greyhound_West,1,10503,GREYHOUND TERMINAL,3248,BROADWAY & SUNY PLAZA,0.2 mi,0.21 km
10,Greyhound_West,2,3248,BROADWAY & SUNY PLAZA,3221,N PEARL ST & TEN EYCK PLAZA,0.2 mi,0.34 km
10,Greyhound_West,3,3221,N PEARL ST & TEN EYCK PLAZA,2665,STATE ST & LODGE ST,0.1 mi,0.1 km
10,Greyhound_West,4,2665,STATE ST & LODGE ST,10087,EAGLE ST & STATE ST (CITY HALL),0.1 mi,0.17 km
10,Greyhound_West,5,10087,EAGLE ST & STATE ST (CITY HALL),3250,Washington AVE & HAWK ST,0.1 mi,0.21 km
10,Greyhound_West,6,3250,Washington AVE & HAWK ST,3301,Washington AVE & S SWAN ST,0.1 mi,0.24 km
10,Greyhound_West,7,3301,Washington AVE & S SWAN ST,3241,Washington AVE & DOVE ST,0.2 mi,0.23 km
10,Greyhound_West,8,3241,Washington AVE & DOVE ST,3239,Washington AVE & LARK ST (ARMORY),0.1 mi,0.17 km
10,Greyhound_West,9,3239,Washington AVE & LARK ST (ARMORY),3455,CENTRAL AVE & HENRY JOHNSON BLVD,0.2 mi,0.35 km
10,Greyhound_West,10,3455,CENTRAL AVE & HENRY JOHNSON BLVD,2169,Washington AVE & LEXINGTON AVE,0.2 mi,0.25 km
10,Greyhound_West,11,2169,Washington AVE & LEXINGTON AVE,3313,ROBIN ST & WestERN AVE,0.2 mi,0.17 km
10,Greyhound_West,12,3313,ROBIN ST & WestERN AVE,285,WestERN AVE & THURLOW TERR,0.1 mi,0.15 km
10,Greyhound_West,13,285,WestERN AVE & THURLOW TERR,286,WestERN AVE & N LAKE AVE,0.1 mi,0.19 km
10,Greyhound_West,14,286,WestERN AVE & N LAKE AVE,283,WestERN AVE & QUAIL ST,0.1 mi,0.23 km
10,Greyhound_West,15,283,WestERN AVE & QUAIL ST,883,WestERN AVE & ONTARIO ST,0.2 mi,0.26 km
10,Greyhound_West,16,883,WestERN AVE & ONTARIO ST,884,WestERN AVE & PARTRIDGE ST,0.1 mi,0.23 km
10,Greyhound_West,17,884,WestERN AVE & PARTRIDGE ST,887,WestERN AVE & N MAIN AVE,0.3 mi,0.51 km
10,Greyhound_West,18,887,WestERN AVE & N MAIN AVE,2112,WestERN AVE & W LAWRENCE ST,0.1 mi,0.17 km
10,Greyhound_West,19,2112,WestERN AVE & W LAWRENCE ST,889,WestERN AVE & ALLEN ST,0.1 mi,0.16 km
10,Greyhound_West,20,889,WestERN AVE & ALLEN ST,277,WestERN AVE & N PINE AVE,0.1 mi,0.16 km
10,Greyhound_West,21,277,WestERN AVE & N PINE AVE,278,WestERN AVE & MANNING BLVD,449 ft,0.14 km
10,Greyhound_West,22,278,WestERN AVE & MANNING BLVD,279,WestERN AVE & WINTHROP AVE,0.1 mi,0.23 km
10,Greyhound_West,23,279,WestERN AVE & WINTHROP AVE,335,WestERN AVE & HOMESTEAD AVE,348 ft,0.1 km
10,Greyhound_West,24,335,WestERN AVE & HOMESTEAD AVE,298,WestERN AVE & TERRACE AVE,358 ft,0.11 km
10,Greyhound_West,25,298,WestERN AVE & TERRACE AVE,288,WestERN AVE & FAIRLAWN AVE,312 ft,0.09 km
10,Greyhound_West,26,288,WestERN AVE & FAIRLAWN AVE,281,WestERN AVE & BELVEDERE AVE,167 ft,0.04 km
10,Greyhound_West,27,281,WestERN AVE & BELVEDERE AVE,289,WestERN AVE & EILEEN ST,0.1 mi,0.19 km
10,Greyhound_West,28,289,WestERN AVE & EILEEN ST,290,WestERN AVE & CLERMONT ST,443 ft,0.12 km
10,Greyhound_West,29,290,WestERN AVE & CLERMONT ST,291,WestERN AVE & ROSEMONT ST,322 ft,0.07 km
10,Greyhound_West,30,291,WestERN AVE & ROSEMONT ST,865,WestERN AVE & BREVATOR ST,358 ft,0.11 km
10,Greyhound_West,31,865,WestERN AVE & BREVATOR ST,867,WestERN AVE & SEMINOLE AVE,0.1 mi,0.17 km
10,Greyhound_West,32,867,WestERN AVE & SEMINOLE AVE,10221,WestERN AVE & DAYTONA AVE,407 ft,0.13 km
10,Greyhound_West,33,10221,WestERN AVE & DAYTONA AVE,866,WestERN AVE & CAMPUS ACCESS RD,0.1 mi,0.2 km
10,Greyhound_West,34,866,WestERN AVE & CAMPUS ACCESS RD,870,WestERN AVE & RUSSELL RD,0.2 mi,0.34 km
10,Greyhound_West,35,870,WestERN AVE & RUSSELL RD,872,WestERN AVE & CAMBRIDGE RD,436 ft,0.12 km
10,Greyhound_West,36,872,WestERN AVE & CAMBRIDGE RD,871,WestERN AVE & CLAREDON RD,466 ft,0.11 km
10,Greyhound_West,37,871,WestERN AVE & CLAREDON RD,873,WestERN AVE & TUDOR RD,361 ft,0.11 km
10,Greyhound_West,38,873,WestERN AVE & TUDOR RD,413,WestERN AVE & UNIVERSITY PL,0.1 mi,0.19 km
10,Greyhound_West,39,413,WestERN AVE & UNIVERSITY PL,874,WestERN AVE & HOMESTEAD ST,358 ft,0.11 km
10,Greyhound_West,40,874,WestERN AVE & HOMESTEAD ST,10217,WestERN AVE & GLYNN ST,364 ft,0.11 km
10,Greyhound_West,41,10217,WestERN AVE & GLYNN ST,10616,WestERN AVE & BEST WestERN,0.2 mi,0.27 km
10,Greyhound_West,42,10616,WestERN AVE & BEST WestERN,304,WestERN AVE & ARCADIA AVE,0.1 mi,0.17 km
10,Greyhound_West,43,304,WestERN AVE & ARCADIA AVE,305,WestERN AVE & KNOWLES TERR,374 ft,0.1 km
10,Greyhound_West,44,305,WestERN AVE & KNOWLES TERR,306,WestERN AVE & WAVERLY PL,0.1 mi,0.18 km
10,Greyhound_West,45,306,WestERN AVE & WAVERLY PL,10193,WestERN AVE & NORWOOD ST,292 ft,0.08 km
10,Greyhound_West,46,10193,WestERN AVE & NORWOOD ST,309,WestERN AVE & GLENWOOD ST,476 ft,0.14 km
10,Greyhound_West,47,309,WestERN AVE & GLENWOOD ST,308,WestERN AVE & PARKWOOD ST,354 ft,0.1 km
10,Greyhound_West,48,308,WestERN AVE & PARKWOOD ST,310,WestERN AVE & ELMWOOD ST,440 ft,0.13 km
10,Greyhound_West,49,310,WestERN AVE & ELMWOOD ST,10614,STUYVESANT PLAZA (CVS),0.3 mi,0.38 km
10,Greyhound_West,50,10614,STUYVESANT PLAZA (CVS),10623,STUYVESANT PLAZA (US POST OFFICE),3 ft,0 km
10,Greyhound_West,51,10623,STUYVESANT PLAZA (US POST OFFICE),10622,STUYVESANT PLAZA (MANGIA),0.2 mi,0.22 km
10,Greyhound_West,52,10622,STUYVESANT PLAZA (MANGIA),10621,WestERN AVE & STUYVESANT PLAZA,0.1 mi,0.11 km
10,Greyhound_West,53,10621,WestERN AVE & STUYVESANT PLAZA,374,WestERN AVE & CHAPMAN DR,0.5 mi,0.8 km
10,Greyhound_West,54,374,WestERN AVE & CHAPMAN DR,375,WestERN AVE & CROSSGATES MALL RD,0.2 mi,0.24 km
10,Greyhound_West,55,375,WestERN AVE & CROSSGATES MALL RD,376,WestERN AVE & ALTON RD,0.2 mi,0.27 km
10,Greyhound_West,56,376,WestERN AVE & ALTON RD,10602,WestERN AVE & LAWTON TERR,0.2 mi,0.27 km
10,Greyhound_West,57,10602,WestERN AVE & LAWTON TERR,378,WestERN AVE & JOHSTON ST,479 ft,0.14 km
10,Greyhound_West,58,378,WestERN AVE & JOHSTON ST,7175,CROSSGATES MID-MALL,0.6 mi,0.63 km
11,Washington_East,1,7175,CROSSGATES MID-MALL,10135,Washington AVE & MAIN SUNY ENTRANCE RD,2.3 mi,2.52 km
11,Washington_East,2,10135,Washington AVE & MAIN SUNY ENTRANCE RD,7216,SUNY COLLINS CIRCLE,0.2 mi,0.25 km
11,Washington_East,3,7216,SUNY COLLINS CIRCLE,10134,Washington AVE & SUNY EXIT RD,0.4 mi,0.57 km
11,Washington_East,4,10134,Washington AVE & SUNY EXIT RD,3348,Washington AVE & BREVATOR ST,1.0 mi,1.57 km
11,Washington_East,5,3348,Washington AVE & BREVATOR ST,3308,Washington AVE & ROSEMONT ST,371 ft,0.11 km
11,Washington_East,6,3308,Washington AVE & ROSEMONT ST,3304,Washington AVE & CLERMONT ST,285 ft,0.09 km
11,Washington_East,7,3304,Washington AVE & CLERMONT ST,3303,Washington AVE & EILEEN ST,331 ft,0.1 km
11,Washington_East,8,3303,Washington AVE & EILEEN ST,3260,Washington AVE & EDGEWOOD AVE,269 ft,0.08 km
11,Washington_East,9,3260,Washington AVE & EDGEWOOD AVE,2182,Washington AVE & HAWTHORNE ST,223 ft,0.07 km
11,Washington_East,10,2182,Washington AVE & HAWTHORNE ST,2181,Washington AVE & FAIRLAWN AVE,289 ft,0.09 km
11,Washington_East,11,2181,Washington AVE & FAIRLAWN AVE,2098,Washington AVE & TERRACE AVE,322 ft,0.1 km
11,Washington_East,12,2098,Washington AVE & TERRACE AVE,2180,Washington AVE & HOMESTEAD AVE,262 ft,0.08 km
11,Washington_East,13,2180,Washington AVE & HOMESTEAD AVE,3259,Washington AVE & WINTHROP AVE,358 ft,0.11 km
11,Washington_East,14,3259,Washington AVE & WINTHROP AVE,11581,Washington AVE & MANNING BLVD,397 ft,0.13 km
11,Washington_East,15,11581,Washington AVE & MANNING BLVD,2205,Washington AVE & PINE ST,0.1 mi,0.22 km
11,Washington_East,16,2205,Washington AVE & PINE ST,1796,Washington AVE & N ALLEN ST,423 ft,0.13 km
11,Washington_East,17,1796,Washington AVE & N ALLEN ST,2108,Washington AVE & W LAWRENCE ST,0.1 mi,0.17 km
11,Washington_East,18,2108,Washington AVE & W LAWRENCE ST,3257,Washington AVE & N MAIN AVE,0.1 mi,0.16 km
11,Washington_East,19,3257,Washington AVE & N MAIN AVE,2107,Washington AVE & PARTRIDGE ST,0.3 mi,0.49 km
11,Washington_East,20,2107,Washington AVE & PARTRIDGE ST,3256,Washington AVE & ONTARIO ST,0.1 mi,0.22 km
11,Washington_East,21,3256,Washington AVE & ONTARIO ST,3255,Washington AVE & QUAIL ST,0.1 mi,0.22 km
11,Washington_East,22,3255,Washington AVE & QUAIL ST,2109,Washington AVE & N LAKE AVE,0.2 mi,0.26 km
11,Washington_East,23,2109,Washington AVE & N LAKE AVE,3253,Washington AVE & ROBIN ST (DRAPER HALL),0.1 mi,0.21 km
11,Washington_West,1,3253,Washington AVE & ROBIN ST (DRAPER HALL),3313,ROBIN ST & WestERN AVE,0.1 mi,0.16 km
11,Washington_West,2,3313,ROBIN ST & WestERN AVE,10610,BACKSIDE OF DRAPER ON WestERN AVE,213 ft,0.06 km
11,Washington_West,3,10610,BACKSIDE OF DRAPER ON WestERN AVE,285,WestERN AVE & THURLOW TERR,305 ft,0.09 km
11,Washington_West,4,285,WestERN AVE & THURLOW TERR,286,WestERN AVE & N LAKE AVE,0.1 mi,0.19 km
11,Washington_West,5,286,WestERN AVE & N LAKE AVE,283,WestERN AVE & QUAIL ST,0.1 mi,0.23 km
11,Washington_West,6,283,WestERN AVE & QUAIL ST,883,WestERN AVE & ONTARIO ST,0.2 mi,0.26 km
11,Washington_West,7,883,WestERN AVE & ONTARIO ST,884,WestERN AVE & PARTRIDGE ST,0.1 mi,0.23 km
11,Washington_West,8,884,WestERN AVE & PARTRIDGE ST,887,WestERN AVE & N MAIN AVE,0.3 mi,0.51 km
11,Washington_West,9,887,WestERN AVE & N MAIN AVE,11436,N MAIN AVE & Washington AVE,0.3 mi,0.46 km
11,Washington_West,10,11436,N MAIN AVE & Washington AVE,3263,Washington AVE & W LAWRENCE ST,0.1 mi,0.17 km
11,Washington_West,11,3263,Washington AVE & W LAWRENCE ST,3287,Washington AVE & N ALLEN ST,430 ft,0.13 km
11,Washington_West,12,3287,Washington AVE & N ALLEN ST,1997,Washington AVE & PINE ST,0.1 mi,0.17 km
11,Washington_West,13,1997,Washington AVE & PINE ST,1846,Washington AVE & MANNING BLVD,0.1 mi,0.18 km
11,Washington_West,14,1846,Washington AVE & MANNING BLVD,1847,Washington AVE & WINTHROP AVE,0.1 mi,0.16 km
11,Washington_West,15,1847,Washington AVE & WINTHROP AVE,1849,Washington AVE & HOMESTEAD AVE,226 ft,0.06 km
11,Washington_West,16,1849,Washington AVE & HOMESTEAD AVE,1850,Washington AVE & VER PLANCK ST,325 ft,0.1 km
11,Washington_West,17,1850,Washington AVE & VER PLANCK ST,1851,Washington AVE & VAN BUREN ST,262 ft,0.08 km
11,Washington_West,18,1851,Washington AVE & VAN BUREN ST,3399,Washington AVE & DANKER AVE,217 ft,0.07 km
11,Washington_West,19,3399,Washington AVE & DANKER AVE,1874,Washington AVE & CROSSWELL AVE,354 ft,0.11 km
11,Washington_West,20,1874,Washington AVE & CROSSWELL AVE,1840,Washington AVE & BUELL ST,295 ft,0.08 km
11,Washington_West,21,1840,Washington AVE & BUELL ST,1959,Washington AVE & COLVIN AVE,184 ft,0.06 km
11,Washington_West,22,1959,Washington AVE & COLVIN AVE,1852,Washington AVE & ROSEMONT ST,0.1 mi,0.16 km
11,Washington_West,23,1852,Washington AVE & ROSEMONT ST,976,Washington AVE & BREVATOR ST,331 ft,0.09 km
11,Washington_West,24,976,Washington AVE & BREVATOR ST,1853,Washington AVE & VICTOR ST,361 ft,0.11 km
11,Washington_West,25,1853,Washington AVE & VICTOR ST,979,Washington AVE & JERMAIN ST,305 ft,0.09 km
11,Washington_West,26,979,Washington AVE & JERMAIN ST,3262,Washington AVE & FAIRFIELD INN,0.8 mi,1.35 km
11,Washington_West,27,3262,Washington AVE & FAIRFIELD INN,10135,Washington AVE & MAIN SUNY ENTRANCE RD,0.4 mi,0.59 km
11,Washington_West,28,10135,Washington AVE & MAIN SUNY ENTRANCE RD,7216,SUNY COLLINS CIRCLE,0.2 mi,0.25 km
11,Washington_West,29,7216,SUNY COLLINS CIRCLE,7175,CROSSGATES MID-MALL,2.2 mi,2.4 km
11,Western_East,1,10615,UALBANY LIBRARY,231,WestERN AVE & TRYON PL,1.1 mi,0.87 km
11,Western_East,2,231,WestERN AVE & TRYON PL,233,WestERN AVE & GLYNN ST,328 ft,0.1 km
11,Western_East,3,233,WestERN AVE & GLYNN ST,232,WestERN AVE & HOMESTEAD ST,338 ft,0.11 km
11,Western_East,4,232,WestERN AVE & HOMESTEAD ST,234,WestERN AVE & MAGAZINE ST,0.2 mi,0.26 km
11,Western_East,5,234,WestERN AVE & MAGAZINE ST,235,WestERN AVE & LOCUST ST,0.1 mi,0.18 km
11,Western_East,6,235,WestERN AVE & LOCUST ST,236,WestERN AVE & RUSSELL RD,0.1 mi,0.22 km
11,Western_East,7,236,WestERN AVE & RUSSELL RD,228,WestERN AVE & BEACON AVE,0.1 mi,0.17 km
11,Western_East,8,228,WestERN AVE & BEACON AVE,10612,WestERN AVE & HILLCREST AVE,276 ft,0.08 km
11,Western_East,9,10612,WestERN AVE & HILLCREST AVE,251,WestERN AVE & PINEHURST AVE,476 ft,0.12 km
11,Western_East,10,251,WestERN AVE & PINEHURST AVE,239,WestERN AVE & ORLANDO AVE,299 ft,0.09 km
11,Western_East,11,239,WestERN AVE & ORLANDO AVE,240,WestERN AVE & DAYTONA AVE,253 ft,0.08 km
11,Western_East,12,240,WestERN AVE & DAYTONA AVE,241,WestERN AVE & SEMINOLE AVE,318 ft,0.11 km
11,Western_East,13,241,WestERN AVE & SEMINOLE AVE,242,WestERN AVE & TAMPA AVE / ORMOND ST,486 ft,0.16 km
11,Western_East,14,242,WestERN AVE & TAMPA AVE / ORMOND ST,243,WestERN AVE & ORMOND ST / DAVIS AVE,407 ft,0.12 km
11,Western_East,15,243,WestERN AVE & ORMOND ST / DAVIS AVE,244,WestERN AVE & MILNER AVE,417 ft,0.12 km
11,Western_East,16,244,WestERN AVE & MILNER AVE,245,WestERN AVE & COLONIAL AVE,0.1 mi,0.12 km
11,Western_East,17,245,WestERN AVE & COLONIAL AVE,238,WestERN AVE & HOLMES DALE AVE,407 ft,0.11 km
11,Western_East,18,238,WestERN AVE & HOLMES DALE AVE,296,WestERN AVE & FAIRLAWN AVE,400 ft,0.12 km
11,Western_East,19,296,WestERN AVE & FAIRLAWN AVE,297,WestERN AVE & EUCLID AVE,338 ft,0.11 km
11,Western_East,20,297,WestERN AVE & EUCLID AVE,247,WestERN AVE & BROOKLINE AVE,302 ft,0.09 km
11,Western_East,21,247,WestERN AVE & BROOKLINE AVE,248,WestERN AVE & MARION AVE,430 ft,0.13 km
11,Western_East,22,248,WestERN AVE & MARION AVE,249,WestERN AVE & S MANNING BLVD,364 ft,0.11 km
11,Western_East,23,249,WestERN AVE & S MANNING BLVD,877,WestERN AVE & ALLEN ST,0.2 mi,0.36 km
11,Western_East,24,877,WestERN AVE & ALLEN ST,1356,WestERN AVE & W LAWRENCE ST,390 ft,0.12 km
11,Western_East,25,1356,WestERN AVE & W LAWRENCE ST,3428,WestERN AVE & N MAIN ST,0.1 mi,0.2 km
11,Western_East,26,3428,WestERN AVE & N MAIN ST,882,WestERN AVE & PARTRIDGE ST,0.3 mi,0.49 km
11,Western_East,27,882,WestERN AVE & PARTRIDGE ST,257,WestERN AVE & ONTARIO ST,0.1 mi,0.23 km
11,Western_East,28,257,WestERN AVE & ONTARIO ST,258,WestERN AVE & QUAIL ST,0.1 mi,0.22 km
11,Western_East,29,258,WestERN AVE & QUAIL ST,259,WestERN AVE & S LAKE AVE,0.2 mi,0.27 km
11,Western_East,30,259,WestERN AVE & S LAKE AVE,260,WestERN AVE & THURLOW TERR,0.1 mi,0.16 km
11,Western_East,31,260,WestERN AVE & THURLOW TERR,3253,Washington AVE & ROBIN ST (DRAPER HALL),0.3 mi,0.15 km
11,Western_West,1,3253,Washington AVE & ROBIN ST (DRAPER HALL),3313,ROBIN ST & WestERN AVE,0.1 mi,0.16 km
11,Western_West,2,3313,ROBIN ST & WestERN AVE,10610,BACKSIDE OF DRAPER ON WestERN AVE,213 ft,0.06 km
11,Western_West,3,10610,BACKSIDE OF DRAPER ON WestERN AVE,285,WestERN AVE & THURLOW TERR,305 ft,0.09 km
11,Western_West,4,285,WestERN AVE & THURLOW TERR,286,WestERN AVE & N LAKE AVE,0.1 mi,0.19 km
11,Western_West,5,286,WestERN AVE & N LAKE AVE,283,WestERN AVE & QUAIL ST,0.1 mi,0.23 km
11,Western_West,6,283,WestERN AVE & QUAIL ST,883,WestERN AVE & ONTARIO ST,0.2 mi,0.26 km
11,Western_West,7,883,WestERN AVE & ONTARIO ST,884,WestERN AVE & PARTRIDGE ST,0.1 mi,0.23 km
11,Western_West,8,884,WestERN AVE & PARTRIDGE ST,887,WestERN AVE & N MAIN AVE,0.3 mi,0.51 km
11,Western_West,9,887,WestERN AVE & N MAIN AVE,2112,WestERN AVE & W LAWRENCE ST,0.1 mi,0.17 km
11,Western_West,10,2112,WestERN AVE & W LAWRENCE ST,889,WestERN AVE & ALLEN ST,0.1 mi,0.16 km
11,Western_West,11,889,WestERN AVE & ALLEN ST,277,WestERN AVE & N PINE AVE,0.1 mi,0.16 km
11,Western_West,12,277,WestERN AVE & N PINE AVE,278,WestERN AVE & MANNING BLVD,449 ft,0.14 km
11,Western_West,13,278,WestERN AVE & MANNING BLVD,279,WestERN AVE & WINTHROP AVE,0.1 mi,0.23 km
11,Western_West,14,279,WestERN AVE & WINTHROP AVE,335,WestERN AVE & HOMESTEAD AVE,348 ft,0.1 km
11,Western_West,15,335,WestERN AVE & HOMESTEAD AVE,298,WestERN AVE & TERRACE AVE,358 ft,0.11 km
11,Western_West,16,298,WestERN AVE & TERRACE AVE,288,WestERN AVE & FAIRLAWN AVE,312 ft,0.09 km
11,Western_West,17,288,WestERN AVE & FAIRLAWN AVE,281,WestERN AVE & BELVEDERE AVE,167 ft,0.04 km
11,Western_West,18,281,WestERN AVE & BELVEDERE AVE,289,WestERN AVE & EILEEN ST,0.1 mi,0.19 km
11,Western_West,19,289,WestERN AVE & EILEEN ST,290,WestERN AVE & CLERMONT ST,443 ft,0.12 km
11,Western_West,20,290,WestERN AVE & CLERMONT ST,291,WestERN AVE & ROSEMONT ST,322 ft,0.07 km
11,Western_West,21,291,WestERN AVE & ROSEMONT ST,865,WestERN AVE & BREVATOR ST,358 ft,0.11 km
11,Western_West,22,865,WestERN AVE & BREVATOR ST,867,WestERN AVE & SEMINOLE AVE,0.1 mi,0.17 km
11,Western_West,23,867,WestERN AVE & SEMINOLE AVE,10221,WestERN AVE & DAYTONA AVE,407 ft,0.13 km
11,Western_West,24,10221,WestERN AVE & DAYTONA AVE,866,WestERN AVE & CAMPUS ACCESS RD,0.1 mi,0.2 km
11,Western_West,25,866,WestERN AVE & CAMPUS ACCESS RD,870,WestERN AVE & RUSSELL RD,0.2 mi,0.34 km
11,Western_West,26,870,WestERN AVE & RUSSELL RD,872,WestERN AVE & CAMBRIDGE RD,436 ft,0.12 km
11,Western_West,27,872,WestERN AVE & CAMBRIDGE RD,871,WestERN AVE & CLAREDON RD,466 ft,0.11 km
11,Western_West,28,871,WestERN AVE & CLAREDON RD,873,WestERN AVE & TUDOR RD,361 ft,0.11 km
11,Western_West,29,873,WestERN AVE & TUDOR RD,413,WestERN AVE & UNIVERSITY PL,0.1 mi,0.19 km
11,Western_West,30,413,WestERN AVE & UNIVERSITY PL,874,WestERN AVE & HOMESTEAD ST,358 ft,0.11 km
11,Western_West,31,874,WestERN AVE & HOMESTEAD ST,10217,WestERN AVE & GLYNN ST,364 ft,0.11 km
11,Western_West,32,10217,WestERN AVE & GLYNN ST,10613,UALBANY (RACC BUILDING),0.6 mi,0.73 km
11,Western_West,33,10613,UALBANY (RACC BUILDING),10615,UALBANY LIBRARY,0.6 mi,0.32 km
12,Broadway_East,1,7175,CROSSGATES MID-MALL,10626,WALMART - CROSSGATES COMMONS (weekends only),1.2 mi,0.71 km
12,Broadway_East,2,10626,WALMART - CROSSGATES COMMONS (weekends only),10135,Washington AVE & MAIN SUNY ENTRANCE RD,2.1 mi,2.28 km
12,Broadway_East,3,10135,Washington AVE & MAIN SUNY ENTRANCE RD,7216,SUNY COLLINS CIRCLE,0.2 mi,0.25 km
12,Broadway_East,4,7216,SUNY COLLINS CIRCLE,10134,Washington AVE & SUNY EXIT RD,0.4 mi,0.57 km
12,Broadway_East,5,10134,Washington AVE & SUNY EXIT RD,10627,BUILDING 22 (select trips),0.8 mi,0.97 km
12,Broadway_East,6,10627,BUILDING 22 (select trips),10628,BUILDING 12 (select trips),1 ft,0 km
12,Broadway_East,7,10628,BUILDING 12 (select trips),10629,BUILDING 8 (select trips),1 ft,0 km
12,Broadway_East,8,10629,BUILDING 8 (select trips),10630,BUILDING 2 (select trips),1 ft,0 km
12,Broadway_East,9,10630,BUILDING 2 (select trips),10631,BUILDING 1 (select trips),1 ft,0 km
12,Broadway_East,10,10631,BUILDING 1 (select trips),3348,Washington AVE & BREVATOR ST (select trips),0.7 mi,0.76 km
12,Broadway_East,11,3348,Washington AVE & BREVATOR ST (select trips),3308,Washington AVE & ROSEMONT ST,371 ft,0.11 km
12,Broadway_East,12,3308,Washington AVE & ROSEMONT ST,3304,Washington AVE & CLERMONT ST,285 ft,0.09 km
12,Broadway_East,13,3304,Washington AVE & CLERMONT ST,3303,Washington AVE & EILEEN ST,341 ft,0.1 km
12,Broadway_East,14,3303,Washington AVE & EILEEN ST,3260,Washington AVE & EDGEWOOD AVE,253 ft,0.08 km
12,Broadway_East,15,3260,Washington AVE & EDGEWOOD AVE,2182,Washington AVE & HAWTHORNE ST,233 ft,0.07 km
12,Broadway_East,16,2182,Washington AVE & HAWTHORNE ST,2181,Washington AVE & FAIRLAWN AVE,289 ft,0.09 km
12,Broadway_East,17,2181,Washington AVE & FAIRLAWN AVE,2098,Washington AVE & TERRACE AVE,322 ft,0.1 km
12,Broadway_East,18,2098,Washington AVE & TERRACE AVE,2180,Washington AVE & HOMESTEAD AVE,262 ft,0.08 km
12,Broadway_East,19,2180,Washington AVE & HOMESTEAD AVE,3259,Washington AVE & WINTHROP AVE,344 ft,0.11 km
12,Broadway_East,20,3259,Washington AVE & WINTHROP AVE,11581,Washington AVE & MANNING BLVD,410 ft,0.13 km
12,Broadway_East,21,11581,Washington AVE & MANNING BLVD,2205,Washington AVE & PINE ST,0.1 mi,0.22 km
12,Broadway_East,22,2205,Washington AVE & PINE ST,1796,Washington AVE & N ALLEN ST,433 ft,0.13 km
12,Broadway_East,23,1796,Washington AVE & N ALLEN ST,2108,WAHSINGTON AVE & W LAWRENCE ST,0.1 mi,0.17 km
12,Broadway_East,24,2108,WAHSINGTON AVE & W LAWRENCE ST,3257,Washington AVE & N MAIN AVE,0.1 mi,0.16 km
12,Broadway_East,25,3257,Washington AVE & N MAIN AVE,2107,Washington AVE & PARTRIDGE ST,0.3 mi,0.49 km
12,Broadway_East,26,2107,Washington AVE & PARTRIDGE ST,3256,Washington AVE & ONTARIO ST,0.1 mi,0.22 km
12,Broadway_East,27,3256,Washington AVE & ONTARIO ST,3255,Washington AVE & QUAIL ST,0.1 mi,0.22 km
12,Broadway_East,28,3255,Washington AVE & QUAIL ST,2109,Washington AVE & N LAKE AVE,0.2 mi,0.26 km
12,Broadway_East,29,2109,Washington AVE & N LAKE AVE,3253,Washington AVE & ROBIN ST (DRAPER HALL),0.1 mi,0.21 km
12,Broadway_East,30,3253,Washington AVE & ROBIN ST (DRAPER HALL),3254,Washington AVE & ROBIN ST,397 ft,0.12 km
12,Broadway_East,31,3254,Washington AVE & ROBIN ST,2096,Washington AVE & LEXINGTON AVE,495 ft,0.15 km
12,Broadway_East,32,2096,Washington AVE & LEXINGTON AVE,263,Washington AVE & HENRY JOHNSON BLVD,0.2 mi,0.3 km
12,Broadway_East,33,263,Washington AVE & HENRY JOHNSON BLVD,2663,Washington AVE & LARK ST,0.1 mi,0.2 km
12,Broadway_East,34,2663,Washington AVE & LARK ST,1788,Washington AVE & DOVE ST,0.1 mi,0.24 km
12,Broadway_East,35,1788,Washington AVE & DOVE ST,1789,Washington AVE & S SWAN ST,0.2 mi,0.27 km
12,Broadway_East,36,1789,Washington AVE & S SWAN ST,2706,Washington AVE & HAWK ST (THE CAPITOL),0.1 mi,0.16 km
12,Broadway_East,37,2706,Washington AVE & HAWK ST (THE CAPITOL),1787,STATE ST & EAGLE ST,0.2 mi,0.31 km
12,Broadway_East,38,1787,STATE ST & EAGLE ST,2509,STATE ST & LODGE ST,0.1 mi,0.16 km
12,Broadway_East,39,2509,STATE ST & LODGE ST,2589,STATE ST & PEARL ST,249 ft,0.07 km
12,Broadway_East,40,2589,STATE ST & PEARL ST,3940,BROADWAY & PETER D KIERNAN PLAZA,0.2 mi,0.3 km
12,Broadway_East,41,3940,BROADWAY & PETER D KIERNAN PLAZA,9018,BROADWAY & ORANGE ST,0.1 mi,0.23 km
12,Broadway_West,1,9018,BROADWAY & ORANGE ST,502,BROADWAY & QUACKENBUSH SQUARE ,299 ft,0.1 km
12,Broadway_West,2,502,BROADWAY & QUACKENBUSH SQUARE ,3234,WILSON ST & N PEARL ST,0.2 mi,0.21 km
12,Broadway_West,3,3234,WILSON ST & N PEARL ST,2168,N PEARL ST & CLINTON AVE (CLINTON SQUARE),0.2 mi,0.2 km
12,Broadway_West,4,2168,N PEARL ST & CLINTON AVE (CLINTON SQUARE),10577,N PEARL ST & ORANGE ST,482 ft,0.12 km
12,Broadway_West,5,10577,N PEARL ST & ORANGE ST,3233,N PEARL ST & SHERIDAN AVE,404 ft,0.12 km
12,Broadway_West,6,3233,N PEARL ST & SHERIDAN AVE,3221,N PEARL ST & TEN EYCK PLAZA,0.2 mi,0.27 km
12,Broadway_West,7,3221,N PEARL ST & TEN EYCK PLAZA,2665,STATE ST & LODGE ST,0.1 mi,0.1 km
12,Broadway_West,8,2665,STATE ST & LODGE ST,10087,EAGLE ST & STATE ST (CITY HALL),0.1 mi,0.17 km
12,Broadway_West,9,10087,EAGLE ST & STATE ST (CITY HALL),3250,Washington AVE & HAWK ST,0.1 mi,0.21 km
12,Broadway_West,10,3250,Washington AVE & HAWK ST,3301,Washington AVE & S SWAN ST,0.1 mi,0.24 km
12,Broadway_West,11,3301,Washington AVE & S SWAN ST,3241,Washington AVE & DOVE ST,0.2 mi,0.23 km
12,Broadway_West,12,3241,Washington AVE & DOVE ST,3239,Washington AVE & LARK ST (ARMORY),0.1 mi,0.17 km
12,Broadway_West,13,3239,Washington AVE & LARK ST (ARMORY),3455,CENTRAL AVE & HENRY JOHNSON BLVD,0.2 mi,0.35 km
12,Broadway_West,14,3455,CENTRAL AVE & HENRY JOHNSON BLVD,2169,Washington AVE & LEXINGTON AVE,0.2 mi,0.25 km
12,Broadway_West,15,2169,Washington AVE & LEXINGTON AVE,1843,Washington AVE & ROBIN ST,0.2 mi,0.25 km
12,Broadway_West,16,1843,Washington AVE & ROBIN ST,1837,Washington AVE & N LAKE AVE,0.1 mi,0.22 km
12,Broadway_West,17,1837,Washington AVE & N LAKE AVE,1842,WAHSINGTON AVE & QUAIL ST,0.2 mi,0.25 km
12,Broadway_West,18,1842,WAHSINGTON AVE & QUAIL ST,1841,Washington AVE & ONTARIO ST,0.1 mi,0.22 km
12,Broadway_West,19,1841,Washington AVE & ONTARIO ST,1839,Washington AVE & PARTRIDGE ST,0.1 mi,0.24 km
12,Broadway_West,20,1839,Washington AVE & PARTRIDGE ST,3264,Washington AVE & N MAIN AVE,0.3 mi,0.48 km
12,Broadway_West,21,3264,Washington AVE & N MAIN AVE,3263,Washington AVE & W LAWRENCE ST,0.1 mi,0.2 km
12,Broadway_West,22,3263,Washington AVE & W LAWRENCE ST,3287,Washington AVE & N ALLEN ST,430 ft,0.13 km
12,Broadway_West,23,3287,Washington AVE & N ALLEN ST,1997,Washington AVE & PINE ST,0.1 mi,0.17 km
12,Broadway_West,24,1997,Washington AVE & PINE ST,1846,Washington AVE & MANNING BLVD,0.1 mi,0.18 km
12,Broadway_West,25,1846,Washington AVE & MANNING BLVD,1847,Washington AVE & WINTHROP AVE,0.1 mi,0.16 km
12,Broadway_West,26,1847,Washington AVE & WINTHROP AVE,1849,Washington AVE & HOMESTEAD AVE,226 ft,0.06 km
12,Broadway_West,27,1849,Washington AVE & HOMESTEAD AVE,1850,Washington AVE & VER PLANCK ST,325 ft,0.1 km
12,Broadway_West,28,1850,Washington AVE & VER PLANCK ST,1851,Washington AVE & VAN BUREN ST,249 ft,0.08 km
12,Broadway_West,29,1851,Washington AVE & VAN BUREN ST,3399,Washington AVE & DANKER AVE,226 ft,0.07 km
12,Broadway_West,30,3399,Washington AVE & DANKER AVE,1874,Washington AVE & CROSSWELL AVE,354 ft,0.11 km
12,Broadway_West,31,1874,Washington AVE & CROSSWELL AVE,1840,Washington AVE & BUELL ST,295 ft,0.08 km
12,Broadway_West,32,1840,Washington AVE & BUELL ST,1959,Washington AVE & COLVIN AVE,184 ft,0.06 km
12,Broadway_West,33,1959,Washington AVE & COLVIN AVE,1852,Washington AVE & ROSEMONT ST,0.1 mi,0.16 km
12,Broadway_West,34,1852,Washington AVE & ROSEMONT ST,976,Washington AVE & BREVATOR ST,331 ft,0.09 km
12,Broadway_West,35,976,Washington AVE & BREVATOR ST,1853,Washington AVE & VICTOR ST,361 ft,0.11 km
12,Broadway_West,36,1853,Washington AVE & VICTOR ST,979,Washington AVE & JERMAIN ST,305 ft,0.09 km
12,Broadway_West,37,979,Washington AVE & JERMAIN ST,3262,Washington AVE & FAIRFIELD INN,0.8 mi,1.35 km
12,Broadway_West,38,3262,Washington AVE & FAIRFIELD INN,10627,BUILDING 22 (select trips),0.8 mi,0.93 km
12,Broadway_West,39,10627,BUILDING 22 (select trips),10628,BUILDING 12 (select trips),1 ft,0 km
12,Broadway_West,40,10628,BUILDING 12 (select trips),10629,BUILDING 8 (select trips),1 ft,0 km
12,Broadway_West,41,10629,BUILDING 8 (select trips),10630,BUILDING 2 (select trips),1 ft,0 km
12,Broadway_West,42,10630,BUILDING 2 (select trips),10631,BUILDING 1 (select trips),1 ft,0 km
12,Broadway_West,43,10631,BUILDING 1 (select trips),10135,Washington AVE & MAIN SUNY ENTRANCE RD,1.2 mi,1.48 km
12,Broadway_West,44,10135,Washington AVE & MAIN SUNY ENTRANCE RD,7216,SUNY COLLINS CIRCLE,0.2 mi,0.25 km
12,Broadway_West,45,7216,SUNY COLLINS CIRCLE,10626,WALMART - CROSSGATES COMMONS (weekends only),2.3 mi,2.22 km
12,Broadway_West,46,10626,WALMART - CROSSGATES COMMONS (weekends only),7175,CROSSGATES MID-MALL,1.2 mi,0.71 km
63,East,1,10620,1450 WestERN AVE,2016,WestERN AVE & MCKOWN RD,0.2 mi,0.26 km
63,East,2,2016,WestERN AVE & MCKOWN RD,2018,WestERN AVE & WestLYN CT,0.1 mi,0.17 km
63,East,3,2018,WestERN AVE & WestLYN CT,2017,WestERN AVE & BROOKWOOD AVE,397 ft,0.12 km
63,East,4,2017,WestERN AVE & BROOKWOOD AVE,2015,WestERN AVE & ARCADIA AVE,404 ft,0.12 km
63,East,5,2015,WestERN AVE & ARCADIA AVE,10617,WestERN AVE & HILLCREST ST,331 ft,0.11 km
63,East,6,10617,WestERN AVE & HILLCREST ST,231,WestERN AVE & TRYON PL,0.2 mi,0.24 km
63,East,7,231,WestERN AVE & TRYON PL,233,WestERN AVE & GLYNN ST,328 ft,0.1 km
63,East,8,233,WestERN AVE & GLYNN ST,232,WestERN AVE & HOMESTEAD ST,338 ft,0.11 km
63,East,9,232,WestERN AVE & HOMESTEAD ST,234,WestERN AVE & MAGAZINE ST,0.2 mi,0.26 km
63,East,10,234,WestERN AVE & MAGAZINE ST,235,WestERN AVE & LOCUST ST,0.1 mi,0.18 km
63,East,11,235,WestERN AVE & LOCUST ST,11623,WestERN AVE & RUSSELL RD,0.1 mi,0.21 km
63,East,12,11623,WestERN AVE & RUSSELL RD,228,WestERN AVE & BEACON AVE,0.1 mi,0.19 km
63,East,13,228,WestERN AVE & BEACON AVE,10612,WestERN AVE & HILLCREST AVE,276 ft,0.08 km
63,East,14,10612,WestERN AVE & HILLCREST AVE,251,WestERN AVE & PINEHURST AVE,476 ft,0.12 km
63,East,15,251,WestERN AVE & PINEHURST AVE,239,WestERN AVE & ORLANDO AVE,299 ft,0.09 km
63,East,16,239,WestERN AVE & ORLANDO AVE,240,WestERN AVE & DAYTONA AVE,253 ft,0.08 km
63,East,17,240,WestERN AVE & DAYTONA AVE,241,WestERN AVE & SEMINOLE AVE,318 ft,0.11 km
63,East,18,241,WestERN AVE & SEMINOLE AVE,242,WestERN AVE & TAMPA AVE / ORMOND ST,486 ft,0.16 km
63,East,19,242,WestERN AVE & TAMPA AVE / ORMOND ST,243,WestERN AVE & ORMOND ST / DAVIS AVE,407 ft,0.12 km
63,East,20,243,WestERN AVE & ORMOND ST / DAVIS AVE,244,WestERN AVE & MILNER AVE,417 ft,0.12 km
63,East,21,244,WestERN AVE & MILNER AVE,245,WestERN AVE & COLONIAL AVE,0.1 mi,0.12 km
63,East,22,245,WestERN AVE & COLONIAL AVE,238,WestERN AVE & HOLMES DALE AVE,407 ft,0.11 km
63,East,23,238,WestERN AVE & HOLMES DALE AVE,296,WestERN AVE & FAIRLAWN AVE,400 ft,0.12 km
63,East,24,296,WestERN AVE & FAIRLAWN AVE,297,WestERN AVE & EUCLID AVE,361 ft,0.11 km
63,East,25,297,WestERN AVE & EUCLID AVE,247,WestERN AVE & BROOKLINE AVE,289 ft,0.09 km
63,East,26,247,WestERN AVE & BROOKLINE AVE,248,WestERN AVE & MARION AVE,440 ft,0.13 km
63,East,27,248,WestERN AVE & MARION AVE,249,WestERN AVE & S MANNING BLVD,354 ft,0.11 km
63,East,28,249,WestERN AVE & S MANNING BLVD,250,WestERN AVE & S PINE AVE,0.1 mi,0.18 km
63,East,29,250,WestERN AVE & S PINE AVE,337,S ALLEN ST & MADISON AVE,443 ft,0.13 km
63,East,30,337,S ALLEN ST & MADISON AVE,338,MADISON AVE & W LAWRENCE ST,0.1 mi,0.16 km
63,East,31,338,MADISON AVE & W LAWRENCE ST,339,MADSION AVE & S MAIN AVE,0.1 mi,0.16 km
63,East,32,339,MADSION AVE & S MAIN AVE,340,MADISON AVE & SAINT ROSE COLLEGE,0.1 mi,0.16 km
63,East,33,340,MADISON AVE & SAINT ROSE COLLEGE,341,MADISON AVE & PARTRIDGE ST,0.2 mi,0.34 km
63,East,34,341,MADISON AVE & PARTRIDGE ST,342,MADSION AVE & ONTARIO ST,0.2 mi,0.23 km
63,East,35,342,MADSION AVE & ONTARIO ST,343,MADSION AVE & QUAIL ST,0.2 mi,0.22 km
63,East,36,343,MADSION AVE & QUAIL ST,344,MADISON AVE & QUAIL ST/ S LAKE ST,430 ft,0.12 km
63,East,37,344,MADISON AVE & QUAIL ST/ S LAKE ST,345,MADISON AVE & S LAKE ST,436 ft,0.14 km
63,East,38,345,MADISON AVE & S LAKE ST,346,MADISON AVE & S LAKE / ROBIN ST,0.1 mi,0.15 km
63,East,39,346,MADISON AVE & S LAKE / ROBIN ST,347,MADSION AVE & ROBIN ST,0.1 mi,0.17 km
63,East,40,347,MADSION AVE & ROBIN ST,348,MADISON AVE & NEW SCOTLAND AVE,0.1 mi,0.21 km
63,East,41,348,MADISON AVE & NEW SCOTLAND AVE,349,MADSION AVE & KNOX ST,0.2 mi,0.23 km
63,East,42,349,MADSION AVE & KNOX ST,350,MADSION AVE & WILLETT ST,302 ft,0.09 km
63,East,43,350,MADSION AVE & WILLETT ST,351,LARK ST & MADISON AVE,479 ft,0.15 km
63,East,44,351,LARK ST & MADISON AVE,546,LARK ST & HUDSON AVE,0.2 mi,0.25 km
63,East,45,546,LARK ST & HUDSON AVE,3246,LARK ST & LANCASTER ST,279 ft,0.06 km
63,East,46,3246,LARK ST & LANCASTER ST,2207,LARK ST & STATE ST,0.1 mi,0.18 km
63,East,47,2207,LARK ST & STATE ST,353,LARK ST & Washington AVE (KEY BANK),348 ft,0.11 km
63,East,48,353,LARK ST & Washington AVE (KEY BANK),1788,WASHTINGTON AVE & DOVE ST,0.1 mi,0.21 km
63,East,49,1788,WASHTINGTON AVE & DOVE ST,1789,Washington AVE & S SWAN ST,0.2 mi,0.27 km
63,East,50,1789,Washington AVE & S SWAN ST,2706,Washington AVE & HAWK ST (THE CAPITO,0.1 mi,0.16 km
63,East,51,2706,Washington AVE & HAWK ST (THE CAPITO,1787,STATE ST & EAGLE ST,0.2 mi,0.31 km
63,East,52,1787,STATE ST & EAGLE ST,2509,STATE ST & LODGE ST,0.1 mi,0.16 km
63,East,53,2509,STATE ST & LODGE ST,2589,STATE ST & PEARL ST,256 ft,0.07 km
63,East,54,2589,STATE ST & PEARL ST,3937,BROADWAY & HUDSON AVE,0.2 mi,0.26 km
63,West,1,3248,BROADWAY & SUNY PLAZA,2664,STATE ST & JAMES ST,0.2 mi,0.24 km
63,West,2,2664,STATE ST & JAMES ST,2665,STATE ST & LODGE ST,0.1 mi,0.15 km
63,West,3,2665,STATE ST & LODGE ST,10087,EAGLE ST & STATE ST (CITY HALL),0.1 mi,0.17 km
63,West,4,10087,EAGLE ST & STATE ST (CITY HALL),3250,Washington AVE & HAWK ST,0.1 mi,0.21 km
63,West,5,3250,Washington AVE & HAWK ST,3301,Washington AVE & S SWAN ST,0.1 mi,0.24 km
63,West,6,3301,Washington AVE & S SWAN ST,3241,WASHTINGTON AVE & DOVE ST,0.2 mi,0.23 km
63,West,7,3241,WASHTINGTON AVE & DOVE ST,3219,LARK ST & Washington AVE,0.2 mi,0.25 km
63,West,8,3219,LARK ST & Washington AVE,10121,LARK ST & STATE ST,200 ft,0.06 km
63,West,9,10121,LARK ST & STATE ST,564,LARK ST & LANCASTER ST,476 ft,0.15 km
63,West,10,564,LARK ST & LANCASTER ST,561,LARK ST & HUDSON AVE,427 ft,0.13 km
63,West,11,561,LARK ST & HUDSON AVE,589,LARK ST & MADISON AVE,0.1 mi,0.19 km
63,West,12,589,LARK ST & MADISON AVE,264,MADSION AVE & WILLETT ST,0.1 mi,0.18 km
63,West,13,264,MADSION AVE & WILLETT ST,265,MADISON AVE & NEW SCOTLAND AVE,0.2 mi,0.25 km
63,West,14,265,MADISON AVE & NEW SCOTLAND AVE,270,MADISON AVE & ROBIN ST,0.1 mi,0.23 km
63,West,15,270,MADISON AVE & ROBIN ST,266,MADISON AVE &  ROBIN ST / S LAKE ST,0.1 mi,0.19 km
63,West,16,266,MADISON AVE &  ROBIN ST / S LAKE ST,267,MADSION AVE & S LAKE AVE,0.1 mi,0.15 km
63,West,17,267,MADSION AVE & S LAKE AVE,268,MADISON AVE & S LAKE ST / QUAIL ST,479 ft,0.14 km
63,West,18,268,MADISON AVE & S LAKE ST / QUAIL ST,269,MADISON AVE & QUAIL ST,367 ft,0.11 km
63,West,19,269,MADISON AVE & QUAIL ST,3284,MADISON AVE & ONTARIO ST,0.1 mi,0.22 km
63,West,20,3284,MADISON AVE & ONTARIO ST,272,MADISON AVE & PARTRIDGE ST,0.1 mi,0.22 km
63,West,21,272,MADISON AVE & PARTRIDGE ST,274,MADISON AVE & SAINT ROSE COLLEGE,0.2 mi,0.33 km
63,West,22,274,MADISON AVE & SAINT ROSE COLLEGE,3333,MADISON AVE & N MAIN ST & MADISON AVE,0.1 mi,0.17 km
63,West,23,3333,MADISON AVE & N MAIN ST & MADISON AVE,275,MADISON AVE & W LAWRENCE ST,0.1 mi,0.17 km
63,West,24,275,MADISON AVE & W LAWRENCE ST,276,MADISON AVE & S ALLEN ST,0.1 mi,0.16 km
63,West,25,276,MADISON AVE & S ALLEN ST,277,WestERN AVE & N PINE AVE,463 ft,0.14 km
63,West,26,277,WestERN AVE & N PINE AVE,278,WestERN AVE & MANNING BLVD,449 ft,0.14 km
63,West,27,278,WestERN AVE & MANNING BLVD,279,WestERN AVE & WINTHROP AVE,0.1 mi,0.23 km
63,West,28,279,WestERN AVE & WINTHROP AVE,335,WestERN AVE & HOMESTEAD AVE,348 ft,0.1 km
63,West,29,335,WestERN AVE & HOMESTEAD AVE,298,WestERN AVE & TERRACE AVE,358 ft,0.11 km
63,West,30,298,WestERN AVE & TERRACE AVE,288,WestERN AVE & FAIRLAWN AVE,312 ft,0.09 km
63,West,31,288,WestERN AVE & FAIRLAWN AVE,281,WestERN AVE & BELVEDERE AVE,167 ft,0.04 km
63,West,32,281,WestERN AVE & BELVEDERE AVE,289,WestERN AVE & EILEEN ST,0.1 mi,0.19 km
63,West,33,289,WestERN AVE & EILEEN ST,290,WestERN AVE & CLERMONT ST,443 ft,0.12 km
63,West,34,290,WestERN AVE & CLERMONT ST,291,WestERN AVE & ROSEMONT ST,322 ft,0.07 km
63,West,35,291,WestERN AVE & ROSEMONT ST,865,WestERN AVE & BREVATOR ST,358 ft,0.11 km
63,West,36,865,WestERN AVE & BREVATOR ST,867,WestERN AVE & SEMINOLE AVE,0.1 mi,0.17 km
63,West,37,867,WestERN AVE & SEMINOLE AVE,10221,WestERN AVE & DAYTONA AVE,407 ft,0.13 km
63,West,38,10221,WestERN AVE & DAYTONA AVE,866,WestERN AVE & CAMPUS ACCESS RD,0.1 mi,0.2 km
63,West,39,866,WestERN AVE & CAMPUS ACCESS RD,870,WestERN AVE & RUSSELL RD,0.2 mi,0.34 km
63,West,40,870,WestERN AVE & RUSSELL RD,872,WestERN AVE & CAMBRIDGE RD,436 ft,0.12 km
63,West,41,872,WestERN AVE & CAMBRIDGE RD,871,WestERN AVE & CLAREDON RD,466 ft,0.11 km
63,West,42,871,WestERN AVE & CLAREDON RD,873,WestERN AVE & TUDOR RD,361 ft,0.11 km
63,West,43,873,WestERN AVE & TUDOR RD,413,WestERN AVE & UNIVERSITY PL,0.1 mi,0.19 km
63,West,44,413,WestERN AVE & UNIVERSITY PL,874,WestERN AVE & HOMESTEAD ST,358 ft,0.11 km
63,West,45,874,WestERN AVE & HOMESTEAD ST,10217,WestERN AVE & GLYNN ST,364 ft,0.11 km
63,West,46,10217,WestERN AVE & GLYNN ST,10616,WestERN AVE & BEST WestERN,0.2 mi,0.27 km
63,West,47,10616,WestERN AVE & BEST WestERN,304,WestERN AVE & ARCADIA AVE,0.1 mi,0.17 km
63,West,48,304,WestERN AVE & ARCADIA AVE,305,WestERN AVE & KNOWLES TERR,374 ft,0.1 km
63,West,49,305,WestERN AVE & KNOWLES TERR,306,WestERN AVE & WAVERLY PL,0.1 mi,0.18 km
63,West,50,306,WestERN AVE & WAVERLY PL,10193,WestERN AVE & NORWOOD ST,341 ft,0.07 km
63,West,51,10193,WestERN AVE & NORWOOD ST,309,WestERN AVE & GLENWOOD ST,476 ft,0.14 km
63,West,52,309,WestERN AVE & GLENWOOD ST,308,WestERN AVE & PARKWOOD ST,354 ft,0.1 km
63,West,53,308,WestERN AVE & PARKWOOD ST,310,WestERN AVE & ELMWOOD ST,440 ft,0.13 km
90,East,1,7175,CROSSGATES MID-MALL,7216,SUNY COLLINS CIRCLE,2.2 mi,2.4 km
90,East,2,7216,SUNY COLLINS CIRCLE,34,FULLER RD & RAILROAD AVE,1.3 mi,1.15 km
90,East,3,34,FULLER RD & RAILROAD AVE,39,FULLER RD & WAREHOUSE ROW,0.2 mi,0.29 km
90,East,4,39,FULLER RD & WAREHOUSE ROW,10266,CENTRAL AVE  & HACKET AVE (CEMETERY),0.6 mi,0.79 km
90,East,5,10266,CENTRAL AVE  & HACKET AVE (CEMETERY),165,CENTRAL AVE  & COLONIE CENTER,0.1 mi,0.23 km
90,East,6,165,CENTRAL AVE  & COLONIE CENTER,31,WOLF RD & COLONIE CENTER,0.4 mi,0.55 km
90,East,7,31,WOLF RD & COLONIE CENTER,10506,AT&T BUILDING & WOLF RD,0.3 mi,0.43 km
90,East,8,10506,AT&T BUILDING & WOLF RD,10507,105 WOLF RD,0.2 mi,0.39 km
90,East,9,10507,105 WOLF RD,10508,WOLF RD & WOLF PLAZA,0.3 mi,0.46 km
90,East,10,10508,WOLF RD & WOLF PLAZA,10509,WOLF RD & BELTRONE DR,0.3 mi,0.49 km
90,East,11,10509,WOLF RD & BELTRONE DR,10510,WOLF RD & MARCUS BLVD,0.2 mi,0.35 km
90,East,12,10510,WOLF RD & MARCUS BLVD,10511,WOLF RD & ULENSKI DR,479 ft,0.15 km
90,East,13,10511,WOLF RD & ULENSKI DR,11116,RTS 2 & 9 & LATHAM FARMS MALL,3.7 mi,4.41 km
90,East,14,11116,RTS 2 & 9 & LATHAM FARMS MALL,7167,HERBERT DR & LATHAM CIRCLE MALL,0.6 mi,0.59 km
90,East,15,7167,HERBERT DR & LATHAM CIRCLE MALL,11053,KLEIN'S SPORTS STORE & LATHAM CIRCLE MALL,0.1 mi,0.17 km
90,East,16,11053,KLEIN'S SPORTS STORE & LATHAM CIRCLE MALL,2913,RT 2 & OLD LOUDON RD,0.2 mi,0.33 km
90,East,17,2913,RT 2 & OLD LOUDON RD,2912,RT 2 & LINDGERGH DR,0.2 mi,0.26 km
90,East,18,2912,RT 2 & LINDGERGH DR,2911,RT 2 & SCHUYLER AVE,240 ft,0.07 km
90,East,19,2911,RT 2 & SCHUYLER AVE,2910,RT 2 & PARK AVE,0.1 mi,0.22 km
90,East,20,2910,RT 2 & PARK AVE,2909,RT 2 & ARAGON AVE,0.1 mi,0.18 km
90,East,21,2909,RT 2 & ARAGON AVE,2908,RT 2 & CARPET MASTER,0.1 mi,0.2 km
90,East,22,2908,RT 2 & CARPET MASTER,2907,RT 2 & MONROE AVE,0.3 mi,0.52 km
90,East,23,2907,RT 2 & MONROE AVE,8036,RT 2 & ARCADIA AVE,0.1 mi,0.18 km
90,East,24,8036,RT 2 & ARCADIA AVE,2906,RT 2 & TAFT AVE,0.1 mi,0.23 km
90,East,25,2906,RT 2 & TAFT AVE,2905,RT 2 & YOUNGS PL,0.1 mi,0.18 km
90,East,26,2905,RT 2 & YOUNGS PL,2904,RT 2 & K-MART,0.2 mi,0.35 km
90,East,27,2904,RT 2 & K-MART,2903,RT 2 & DELATOUR RD,394 ft,0.12 km
90,East,28,2903,RT 2 & DELATOUR RD,11117,RT 2 & CEMETERY,0.3 mi,0.52 km
90,East,29,11117,RT 2 & CEMETERY,2902,RT 2 & WestERN AVE,0.2 mi,0.29 km
90,East,30,2902,RT 2 & WestERN AVE,11118,19TH ST HIGHLAND CLUB APTS,0.1 mi,0.17 km
90,East,31,11118,19TH ST HIGHLAND CLUB APTS,7194,19TH ST & FENIMORE APTS,0.2 mi,0.3 km
90,East,32,7194,19TH ST & FENIMORE APTS,2899,19TH ST & WISWALL AVE,0.2 mi,0.25 km
90,East,33,2899,19TH ST & WISWALL AVE,2898,19TH ST & 12TH AVE,384 ft,0.11 km
90,East,34,2898,19TH ST & 12TH AVE,3804,19TH ST & 10TH AVE,0.1 mi,0.2 km
90,East,35,3804,19TH ST & 10TH AVE,3800,19TH ST & 9TH AVE,430 ft,0.13 km
90,East,36,3800,19TH ST & 9TH AVE,8033,19TH ST & 8TH AVE,469 ft,0.14 km
90,East,37,8033,19TH ST & 8TH AVE,3799,19TH ST & 7TH AVE,266 ft,0.07 km
90,East,38,3799,19TH ST & 7TH AVE,2897,19TH ST & 6TH AVE,315 ft,0.09 km
90,East,39,2897,19TH ST & 6TH AVE,3798,19TH ST & 4TH AVE,0.1 mi,0.15 km
90,East,40,3798,19TH ST & 4TH AVE,2931,19TH ST & 3RD AVE,374 ft,0.11 km
90,East,41,2931,19TH ST & 3RD AVE,2896,19TH ST & 2ND AVE,243 ft,0.07 km
90,East,42,2896,19TH ST & 2ND AVE,4493,FERRY ST & 4TH ST,0.8 mi,1 km
90,East,43,4493,FERRY ST & 4TH ST,7125,4TH ST & CONGRESS ST,420 ft,0.12 km
90,East,44,7125,4TH ST & CONGRESS ST,7131,4TH ST & STATE ST,0.1 mi,0.15 km
90,East,45,7131,4TH ST & STATE ST,7124,4TH ST & BROADWAY,463 ft,0.14 km
90,East,46,7124,4TH ST & BROADWAY,7130,4TH ST & FULTON ST,0.1 mi,0.18 km
90,East,47,7130,4TH ST & FULTON ST,10953,5TH AVE & FEDERAL ST,0.2 mi,0.21 km
90,East,48,10953,5TH AVE & FEDERAL ST,11119,6TH AVE & FEDERAL ST,358 ft,0.11 km
90,East,49,11119,6TH AVE & FEDERAL ST,11637,SAGE ST & 15TH ST,0.5 mi,0.75 km
90,East,50,11637,SAGE ST & 15TH ST,10968,15TH ST & PEOPLES AVE,0.2 mi,0.25 km
90,East,51,10968,15TH ST & PEOPLES AVE,10969,PEOPLES AVE & BURDETT AVE,0.3 mi,0.4 km
90,East,52,10969,PEOPLES AVE & BURDETT AVE,12011,RPI FIELD HOUSE,0.1 mi,0.18 km
90,West,1,12011,RPI FIELD HOUSE,10971,PEOPLES AVE & 15TH ST,0.4 mi,0.56 km
90,West,2,10971,PEOPLES AVE & 15TH ST,7266,15TH ST & SAGE AVE,0.2 mi,0.24 km
90,West,3,7266,15TH ST & SAGE AVE,10080,FEDERAL ST & 6TH AVE,0.5 mi,0.74 km
90,West,4,10080,FEDERAL ST & 6TH AVE,4358,FEDERAL ST & 5TH AVE,469 ft,0.11 km
90,West,5,4358,FEDERAL ST & 5TH AVE,7118,RIVER ST & FRONT ST,0.3 mi,0.4 km
90,West,6,7118,RIVER ST & FRONT ST,7116,3RD ST & CONGRESS ST,0.2 mi,0.33 km
90,West,7,7116,3RD ST & CONGRESS ST,7161,CONGRESS ST & 2ND ST,420 ft,0.1 km
90,West,8,7161,CONGRESS ST & 2ND ST,11112,19TH ST & 3RD AVE,0.6 mi,0.87 km
90,West,9,11112,19TH ST & 3RD AVE,3768,19TH ST & 4TH AVE,374 ft,0.11 km
90,West,10,3768,19TH ST & 4TH AVE,3767,19TH ST & 6TH AVE,463 ft,0.13 km
90,West,11,3767,19TH ST & 6TH AVE,3766,19TH ST & 7TH AVE,374 ft,0.11 km
90,West,12,3766,19TH ST & 7TH AVE,3765,19TH ST & 8TH AVE,266 ft,0.07 km
90,West,13,3765,19TH ST & 8TH AVE,3764,19TH ST & 9TH AVE,381 ft,0.11 km
90,West,14,3764,19TH ST & 9TH AVE,3763,19TH ST & 10TH AVE,0.1 mi,0.16 km
90,West,15,3763,19TH ST & 10TH AVE,3762,19TH ST & 12TH AVE,0.1 mi,0.18 km
90,West,16,3762,19TH ST & 12TH AVE,3761,19TH ST & GROTTO CT19TH ST & FENIMORE APTS,0.1 mi,0.22 km
90,West,17,3761,19TH ST & GROTTO CT19TH ST & FENIMORE APTS,11113,19TH ST FENIMORE APTS,0.1 mi,0.16 km
90,West,18,11113,19TH ST FENIMORE APTS,11114,19TH ST HIGHLAND CLUB APTS,0.2 mi,0.29 km
90,West,19,11114,19TH ST HIGHLAND CLUB APTS,3758,RT 2 & WestERN AVE,0.1 mi,0.17 km
90,West,20,3758,RT 2 & WestERN AVE,3757,RT 2 & U FIRST UNIFORM CO,0.2 mi,0.31 km
90,West,21,3757,RT 2 & U FIRST UNIFORM CO,3756,RT 2 & DELATOUR RD,0.3 mi,0.45 km
90,West,22,3756,RT 2 & DELATOUR RD,3755,RT 2 & K-MART,0.1 mi,0.16 km
90,West,23,3755,RT 2 & K-MART,3754,RT 2 & SWATLING RD,0.2 mi,0.33 km
90,West,24,3754,RT 2 & SWATLING RD,3753,RT 2 & PIERSON AVE,495 ft,0.15 km
90,West,25,3753,RT 2 & PIERSON AVE,3752,RT 2 & GOODRICH AVE,453 ft,0.13 km
90,West,26,3752,RT 2 & GOODRICH AVE,3751,RT 2 & GROVE AVE / VISTA AVE,0.2 mi,0.39 km
90,West,27,3751,RT 2 & GROVE AVE / VISTA AVE,2921,RT 2 & SYLVAN AVE,407 ft,0.13 km
90,West,28,2921,RT 2 & SYLVAN AVE,2920,RT 2 & GLENWOOD DR,0.1 mi,0.15 km
90,West,29,2920,RT 2 & GLENWOOD DR,2919,RT 2 & CARPET MASTER,0.1 mi,0.22 km
90,West,30,2919,RT 2 & CARPET MASTER,2918,RT 2 & LATHAM VILLAGE LN,0.1 mi,0.24 km
90,West,31,2918,RT 2 & LATHAM VILLAGE LN,2917,RT 2 & 1ST AVE,0.1 mi,0.19 km
90,West,32,2917,RT 2 & 1ST AVE,2916,RT 2 & SCULLY AVE,394 ft,0.11 km
90,West,33,2916,RT 2 & SCULLY AVE,2915,RT 2 & RUHTZ AVE,0.1 mi,0.15 km
90,West,34,2915,RT 2 & RUHTZ AVE,2914,RT 2 & OLD LOUDON RD,0.3 mi,0.38 km
90,West,35,2914,RT 2 & OLD LOUDON RD,7167,HERBERT DR & LATHAM CIRCLE MALL,0.4 mi,0.4 km
90,West,36,7167,HERBERT DR & LATHAM CIRCLE MALL,11053,KLEIN'S SPORTS STORE & LATHAM CIRCLE MALL,0.1 mi,0.17 km
90,West,37,11053,KLEIN'S SPORTS STORE & LATHAM CIRCLE MALL,7168,RTS 2 & 9 & LATHAM FARMS MALL,0.7 mi,0.71 km
90,West,38,7168,RTS 2 & 9 & LATHAM FARMS MALL,10516,WOLF RD & ULENSKI DR,3.7 mi,4.41 km
90,West,39,10516,WOLF RD & ULENSKI DR,10517,WOLD RD & ALBANY AIRPORT INN / BEST WestERN,0.1 mi,0.21 km
90,West,40,10517,WOLD RD & ALBANY AIRPORT INN / BEST WestERN,10518,WOLF RD & HESS EXPRESS / PIER 1 IMPORTS,0.3 mi,0.51 km
90,West,41,10518,WOLF RD & HESS EXPRESS / PIER 1 IMPORTS,10519,WOLF RD & LAZARE LINCOLN / MERCURY DEALER,0.1 mi,0.21 km
90,West,42,10519,WOLF RD & LAZARE LINCOLN / MERCURY DEALER,10520,WOLF RD & COMPUTER DR,0.1 mi,0.21 km
90,West,43,10520,WOLF RD & COMPUTER DR,10521,WOLF RD & HANNAFORD PLAZA,0.2 mi,0.3 km
90,West,44,10521,WOLF RD & HANNAFORD PLAZA,10522,80 WOLF RD,0.2 mi,0.25 km
90,West,45,10522,80 WOLF RD,10523,50 WOLF RD,0.2 mi,0.25 km
90,West,46,10523,50 WOLF RD,32,WOLF RD & BED BATH AND BEYOND,0.3 mi,0.43 km
90,West,47,32,WOLF RD & BED BATH AND BEYOND,10514,CENTRAL AVE & NORTHWAY MALL,0.4 mi,0.49 km
90,West,48,10514,CENTRAL AVE & NORTHWAY MALL,3409,CENTRAL AVE  & NOLAN RD (OAK EXPRESS),0.2 mi,0.25 km
90,West,49,3409,CENTRAL AVE  & NOLAN RD (OAK EXPRESS),37,FULLER RD & WAREHOUSE ROW,0.6 mi,0.73 km
90,West,50,37,FULLER RD & WAREHOUSE ROW,38,FULLER RD & RAILROAD AVE,0.2 mi,0.29 km
90,West,51,38,FULLER RD & RAILROAD AVE,10135,Washington AVE & MAIN SUNY ENTRANCE RD,1.4 mi,1.01 km
90,West,52,10135,Washington AVE & MAIN SUNY ENTRANCE RD,7216,SUNY COLLINS CIRCLE,0.2 mi,0.25 km
90,West,53,7216,SUNY COLLINS CIRCLE,7175,CROSSGATES MID-MALL,2.2 mi,2.4 km
12,Greyhound_East,1,7175,CROSSGATES MID-MALL,10626,WALMART - CROSSGATES COMMONS (weekends only),1.2 mi,0.71 km
12,Greyhound_East,2,10626,WALMART - CROSSGATES COMMONS (weekends only),10135,Washington AVE & MAIN SUNY ENTRANCE RD,2.1 mi,2.28 km
12,Greyhound_East,3,10135,Washington AVE & MAIN SUNY ENTRANCE RD,7216,SUNY COLLINS CIRCLE,0.2 mi,0.25 km
12,Greyhound_East,4,7216,SUNY COLLINS CIRCLE,10134,Washington AVE & SUNY EXIT RD,0.4 mi,0.57 km
12,Greyhound_East,5,10134,Washington AVE & SUNY EXIT RD,10627,BUILDING 22 (select trips),0.8 mi,0.97 km
12,Greyhound_East,6,10627,BUILDING 22 (select trips),10628,BUILDING 12 (select trips),1 ft,0 km
12,Greyhound_East,7,10628,BUILDING 12 (select trips),10629,BUILDING 8 (select trips),1 ft,0 km
12,Greyhound_East,8,10629,BUILDING 8 (select trips),10630,BUILDING 2 (select trips),1 ft,0 km
12,Greyhound_East,9,10630,BUILDING 2 (select trips),10631,BUILDING 1 (select trips),1 ft,0 km
12,Greyhound_East,10,10631,BUILDING 1 (select trips),3348,Washington AVE & BREVATOR ST (select trips),0.7 mi,0.76 km
12,Greyhound_East,11,3348,Washington AVE & BREVATOR ST (select trips),3308,Washington AVE & ROSEMONT ST,371 ft,0.11 km
12,Greyhound_East,12,3308,Washington AVE & ROSEMONT ST,3304,Washington AVE & CLERMONT ST,285 ft,0.09 km
12,Greyhound_East,13,3304,Washington AVE & CLERMONT ST,3303,Washington AVE & EILEEN ST,341 ft,0.1 km
12,Greyhound_East,14,3303,Washington AVE & EILEEN ST,3260,Washington AVE & EDGEWOOD AVE,253 ft,0.08 km
12,Greyhound_East,15,3260,Washington AVE & EDGEWOOD AVE,2182,Washington AVE & HAWTHORNE ST,233 ft,0.07 km
12,Greyhound_East,16,2182,Washington AVE & HAWTHORNE ST,2181,Washington AVE & FAIRLAWN AVE,289 ft,0.09 km
12,Greyhound_East,17,2181,Washington AVE & FAIRLAWN AVE,2098,Washington AVE & TERRACE AVE,322 ft,0.1 km
12,Greyhound_East,18,2098,Washington AVE & TERRACE AVE,2180,Washington AVE & HOMESTEAD AVE,262 ft,0.08 km
12,Greyhound_East,19,2180,Washington AVE & HOMESTEAD AVE,3259,Washington AVE & WINTHROP AVE,344 ft,0.11 km
12,Greyhound_East,20,3259,Washington AVE & WINTHROP AVE,11581,Washington AVE & MANNING BLVD,410 ft,0.13 km
12,Greyhound_East,21,11581,Washington AVE & MANNING BLVD,2205,Washington AVE & PINE ST,0.1 mi,0.22 km
12,Greyhound_East,22,2205,Washington AVE & PINE ST,1796,Washington AVE & N ALLEN ST,433 ft,0.13 km
12,Greyhound_East,23,1796,Washington AVE & N ALLEN ST,2108,WAHSINGTON AVE & W LAWRENCE ST,0.1 mi,0.17 km
12,Greyhound_East,24,2108,WAHSINGTON AVE & W LAWRENCE ST,3257,Washington AVE & N MAIN AVE,0.1 mi,0.16 km
12,Greyhound_East,25,3257,Washington AVE & N MAIN AVE,2107,Washington AVE & PARTRIDGE ST,0.3 mi,0.49 km
12,Greyhound_East,26,2107,Washington AVE & PARTRIDGE ST,3256,Washington AVE & ONTARIO ST,0.1 mi,0.22 km
12,Greyhound_East,27,3256,Washington AVE & ONTARIO ST,3255,Washington AVE & QUAIL ST,0.1 mi,0.22 km
12,Greyhound_East,28,3255,Washington AVE & QUAIL ST,2109,Washington AVE & N LAKE AVE,0.2 mi,0.26 km
12,Greyhound_East,29,2109,Washington AVE & N LAKE AVE,3253,Washington AVE & ROBIN ST (DRAPER HALL),0.1 mi,0.21 km
12,Greyhound_East,30,3253,Washington AVE & ROBIN ST (DRAPER HALL),3254,Washington AVE & ROBIN ST,397 ft,0.12 km
12,Greyhound_East,31,3254,Washington AVE & ROBIN ST,2096,Washington AVE & LEXINGTON AVE,495 ft,0.15 km
12,Greyhound_East,32,2096,Washington AVE & LEXINGTON AVE,263,Washington AVE & HENRY JOHNSON BLVD,0.2 mi,0.3 km
12,Greyhound_East,33,263,Washington AVE & HENRY JOHNSON BLVD,2663,Washington AVE & LARK ST,0.1 mi,0.2 km
12,Greyhound_East,34,2663,Washington AVE & LARK ST,1788,Washington AVE & DOVE ST,0.1 mi,0.24 km
12,Greyhound_East,35,1788,Washington AVE & DOVE ST,1789,Washington AVE & S SWAN ST,0.2 mi,0.27 km
12,Greyhound_East,36,1789,Washington AVE & S SWAN ST,2706,Washington AVE & HAWK ST (THE CAPITOL),0.1 mi,0.16 km
12,Greyhound_East,37,2706,Washington AVE & HAWK ST (THE CAPITOL),1787,STATE ST & EAGLE ST,0.2 mi,0.31 km
12,Greyhound_East,38,1787,STATE ST & EAGLE ST,2509,STATE ST & LODGE ST,0.1 mi,0.16 km
12,Greyhound_East,39,2509,STATE ST & LODGE ST,2589,STATE ST & PEARL ST,249 ft,0.07 km
12,Greyhound_East,40,2589,STATE ST & PEARL ST,3937,BROADWAY & HUDSON AVE,0.2 mi,0.26 km
12,Greyhound_East,41,3937,BROADWAY & HUDSON AVE,10502,MADISON AVE & GREEN ST,0.3 mi,0.38 km
12,Greyhound_East,42,10502,MADISON AVE & GREEN ST,10503,GREYHOUND TERMINAL,0.1 mi,0.15 km
12,Greyhound_West,1,10503,GREYHOUND TERMINAL,3248,BROADWAY & SUNY PLAZA,0.2 mi,0.21 km
12,Greyhound_West,2,3248,BROADWAY & SUNY PLAZA,3221,N PEARL ST & TEN EYCK PLAZA,0.2 mi,0.34 km
12,Greyhound_West,3,3221,N PEARL ST & TEN EYCK PLAZA,2665,STATE ST & LODGE ST,0.1 mi,0.1 km
12,Greyhound_West,4,2665,STATE ST & LODGE ST,10087,EAGLE ST & STATE ST (CITY HALL),0.1 mi,0.17 km
12,Greyhound_West,5,10087,EAGLE ST & STATE ST (CITY HALL),3250,Washington AVE & HAWK ST,0.1 mi,0.21 km
12,Greyhound_West,6,3250,Washington AVE & HAWK ST,3301,Washington AVE & S SWAN ST,0.1 mi,0.24 km
12,Greyhound_West,7,3301,Washington AVE & S SWAN ST,3241,Washington AVE & DOVE ST,0.2 mi,0.23 km
12,Greyhound_West,8,3241,Washington AVE & DOVE ST,3239,Washington AVE & LARK ST (ARMORY),0.1 mi,0.17 km
12,Greyhound_West,9,3239,Washington AVE & LARK ST (ARMORY),3455,CENTRAL AVE & HENRY JOHNSON BLVD,0.2 mi,0.35 km
12,Greyhound_West,10,3455,CENTRAL AVE & HENRY JOHNSON BLVD,2169,Washington AVE & LEXINGTON AVE,0.2 mi,0.25 km
12,Greyhound_West,11,2169,Washington AVE & LEXINGTON AVE,1843,Washington AVE & ROBIN ST,0.2 mi,0.25 km
12,Greyhound_West,12,1843,Washington AVE & ROBIN ST,1837,Washington AVE & N LAKE AVE,0.1 mi,0.22 km
12,Greyhound_West,13,1837,Washington AVE & N LAKE AVE,1842,WAHSINGTON AVE & QUAIL ST,0.2 mi,0.25 km
12,Greyhound_West,14,1842,WAHSINGTON AVE & QUAIL ST,1841,Washington AVE & ONTARIO ST,0.1 mi,0.22 km
12,Greyhound_West,15,1841,Washington AVE & ONTARIO ST,1839,Washington AVE & PARTRIDGE ST,0.1 mi,0.24 km
12,Greyhound_West,16,1839,Washington AVE & PARTRIDGE ST,3264,Washington AVE & N MAIN AVE,0.3 mi,0.48 km
12,Greyhound_West,17,3264,Washington AVE & N MAIN AVE,3263,Washington AVE & W LAWRENCE ST,0.1 mi,0.2 km
12,Greyhound_West,18,3263,Washington AVE & W LAWRENCE ST,3287,Washington AVE & N ALLEN ST,430 ft,0.13 km
12,Greyhound_West,19,3287,Washington AVE & N ALLEN ST,1997,Washington AVE & PINE ST,0.1 mi,0.17 km
12,Greyhound_West,20,1997,Washington AVE & PINE ST,1846,Washington AVE & MANNING BLVD,0.1 mi,0.18 km
12,Greyhound_West,21,1846,Washington AVE & MANNING BLVD,1847,Washington AVE & WINTHROP AVE,0.1 mi,0.16 km
12,Greyhound_West,22,1847,Washington AVE & WINTHROP AVE,1849,Washington AVE & HOMESTEAD AVE,226 ft,0.06 km
12,Greyhound_West,23,1849,Washington AVE & HOMESTEAD AVE,1850,Washington AVE & VER PLANCK ST,325 ft,0.1 km
12,Greyhound_West,24,1850,Washington AVE & VER PLANCK ST,1851,Washington AVE & VAN BUREN ST,262 ft,0.08 km
12,Greyhound_West,25,1851,Washington AVE & VAN BUREN ST,3399,Washington AVE & DANKER AVE,217 ft,0.07 km
12,Greyhound_West,26,3399,Washington AVE & DANKER AVE,1874,Washington AVE & CROSSWELL AVE,354 ft,0.11 km
12,Greyhound_West,27,1874,Washington AVE & CROSSWELL AVE,1840,Washington AVE & BUELL ST,295 ft,0.08 km
12,Greyhound_West,28,1840,Washington AVE & BUELL ST,1959,Washington AVE & COLVIN AVE,184 ft,0.06 km
12,Greyhound_West,29,1959,Washington AVE & COLVIN AVE,1852,Washington AVE & ROSEMONT ST,0.1 mi,0.16 km
12,Greyhound_West,30,1852,Washington AVE & ROSEMONT ST,976,Washington AVE & BREVATOR ST,331 ft,0.09 km
12,Greyhound_West,31,976,Washington AVE & BREVATOR ST,1853,Washington AVE & VICTOR ST,361 ft,0.11 km
12,Greyhound_West,32,1853,Washington AVE & VICTOR ST,979,Washington AVE & JERMAIN ST,305 ft,0.09 km
12,Greyhound_West,33,979,Washington AVE & JERMAIN ST,3262,Washington AVE & FAIRFIELD INN,0.8 mi,1.35 km
12,Greyhound_West,34,3262,Washington AVE & FAIRFIELD INN,10627,BUILDING 22 (select trips),0.8 mi,0.93 km
12,Greyhound_West,35,10627,BUILDING 22 (select trips),10628,BUILDING 12 (select trips),1 ft,0 km
12,Greyhound_West,36,10628,BUILDING 12 (select trips),10629,BUILDING 8 (select trips),1 ft,0 km
12,Greyhound_West,37,10629,BUILDING 8 (select trips),10630,BUILDING 2 (select trips),1 ft,0 km
12,Greyhound_West,38,10630,BUILDING 2 (select trips),10631,BUILDING 1 (select trips),1 ft,0 km
12,Greyhound_West,39,10631,BUILDING 1 (select trips),10135,Washington AVE & MAIN SUNY ENTRANCE RD,1.2 mi,1.48 km
12,Greyhound_West,40,10135,Washington AVE & MAIN SUNY ENTRANCE RD,7216,SUNY COLLINS CIRCLE,0.2 mi,0.25 km
12,Greyhound_West,41,7216,SUNY COLLINS CIRCLE,10626,WALMART - CROSSGATES COMMONS,2.3 mi,2.22 km
12,Greyhound_West,42,10626,WALMART - CROSSGATES COMMONS,7175,CROSSGATES MID-MALL,1.2 mi,0.71 km
