9,Circle Route,Clockwise,1,9018,BROADWAY & ORANGE ST,1.438829177,
9,Circle Route,Clockwise,2,502,BROADWAY & QUACKENBUSH SQUARE,0.554222334,0.124368294
9,Circle Route,Clockwise,3,3234,WILSON ST & N PEARL ST,1.463247742,0.378586134
9,Circle Route,Clockwise,4,2168,N PEARL ST & CLINTON AVE ,0.847562506,0.194056267
9,Circle Route,Clockwise,5,10577,N PEARL ST & ORANGE ST ,1.056801875,0.297778653
9,Circle Route,Clockwise,6,3233,N PEARL ST & SHERIDAN AVE ,0.644586705,0.079671628
9,Circle Route,Clockwise,7,3221,N PEARL ST & TEN EYCK PLAZA,5.38915404,0.476047416
9,Circle Route,Clockwise,8,2665,STATE ST & LODGE ST,4.286883758,0.395520353
9,Circle Route,Clockwise,9,540,STATE ST & HOWARD ST,0.162554263,0.027643768
9,Circle Route,Clockwise,10,11638,EAGLE ST & MADISON AVE,0.430884188,0.244544978
9,Circle Route,Clockwise,11,618,EAGLE ST & PARK AVE,0.168544932,0.103888286
9,Circle Route,Clockwise,12,619,EAGLE ST & WARREN ST,0.022937927,0.012040833
9,Circle Route,Clockwise,13,720,MORTON AVE & EAGLE ST,0.713528822,0.319784761
9,Circle Route,Clockwise,14,689,MORTON AVE & S HAWK ST,0.494811628,0.201484227
9,Circle Route,Clockwise,15,688,MORTON AVE & MARTIN LUTHER KING JR BLVD,0.247492626,0.133416097
9,Circle Route,Clockwise,16,690,MORTON AVE & ONEIDA TERR,0.112738959,0.073095163
9,Circle Route,Clockwise,17,477,DELAWARE AVE & BESCH ST,0.182127087,0.128924723
9,Circle Route,Clockwise,18,415,DELAWARE AVE & DELAWARE TERR,0.117796187,0.087803421
9,Circle Route,Clockwise,19,417,DELAWARE AVE & MAGNOLIA TERR,0.041666667,0.032592161
9,Circle Route,Clockwise,20,476,DELAWARE AVE & CARROLL TERR,0.118963181,0.089784857
9,Circle Route,Clockwise,21,475,DELAWARE AVE & BARCLAY ST,0.164350605,0.099034648
9,Circle Route,Clockwise,22,474,DELAWARE AVED & HURLBUT ST,0.37621254,0.236417754
9,Circle Route,Clockwise,23,473,DELAWARE AVE & FEDERAL ST,0.050740947,0.030503213
9,Circle Route,Clockwise,24,472,365 DELAWARE AVE,0.236508909,0.169949578
9,Circle Route,Clockwise,25,471,DELAWARE AVE & JEANETTE ST,0.10439178,0.06360134
9,Circle Route,Clockwise,26,470,DELAWARE AVE & MARINELLO TERR,0.30044492,0.197745748
9,Circle Route,Clockwise,27,469,DELAWARE AVE & CUYLER ST,0.114512887,0.062499971
9,Circle Route,Clockwise,28,468,DELAWARE AVE & WHITEHALL RD,0.417249247,0.246168153
9,Circle Route,Clockwise,29,9025,WHITEHALL RD & SARD RD,0.163214418,0.096896112
9,Circle Route,Clockwise,30,1219,WHITEHALL RD & MATILDA ST,0.103963236,0.078755405
9,Circle Route,Clockwise,31,1075,WHITEHALL RD & MARWILL ST,0.052899825,0.037592734
9,Circle Route,Clockwise,32,1074,WHITEHALL RD & FULLERTON ST,0.250319125,0.16918453
9,Circle Route,Clockwise,33,633,WHITEHALL RD & EDGECOMB ST,0.176343777,0.098265446
9,Circle Route,Clockwise,34,1072,WHITEHALL RD & ROSE CT,0.367902572,0.199215808
9,Circle Route,Clockwise,35,1071,WHITEHALL RD & CLAYTON PL,0.302507562,0.164113266
9,Circle Route,Clockwise,36,1070,WHITEHALL RD & JOELSON CT,0.172875118,0.11717307
9,Circle Route,Clockwise,37,1069,WHITEHALL RD & BETWOOD ST,0,0
9,Circle Route,Clockwise,38,1068,WHITEHALL RD & RAMSEY PL,0.107439401,0.0919988
9,Circle Route,Clockwise,39,1067,WHITEHALL RD & MARWOOD ST,0.060395406,0.048837969
9,Circle Route,Clockwise,40,1066,WHITEHALL RD & HOLLYWOOD AVE,0.068813782,0.056453665
9,Circle Route,Clockwise,41,2247,WHITEHALL RD & SYCAMORE ST,0.089733505,0.070460441
9,Circle Route,Clockwise,42,1064,WHITEHALL RD & TURNER PL,0.114982991,0.091390641
9,Circle Route,Clockwise,43,1063,WHITEHALL RD & CARDINAL AVE,0.053431926,0.044849791
9,Circle Route,Clockwise,44,1062,125 CARDINAL AVE,0.022937927,0.018920333
9,Circle Route,Clockwise,45,1061,CARDINAL AVE & HACKETT BLVD,0.135972829,0.113539104
9,Circle Route,Clockwise,46,1060,59 CARDINAL AVE,0.038675135,0.028156522
9,Circle Route,Clockwise,47,1059,CARDINAL AVE & HELDERBERG AVE,0.198928471,0.146324034
9,Circle Route,Clockwise,48,1058,CARDINAL AVE & NEW SCOTLAND AVE,0.121902863,0.084197703
9,Circle Route,Clockwise,49,1048,NEW SCOTLAND AVE & HOLLYWOOD AVE,0.126985638,0.086811915
9,Circle Route,Clockwise,50,1031,NEW SCOTLAND AVE & PINEWOOD AVE,0.213878886,0.134030635
9,Circle Route,Clockwise,51,1033,NEW SCOTLAND AVE & HARRIS AVE,0.254881744,0.151625786
9,Circle Route,Clockwise,52,10328,ONTARIO ST & AVENUE B AVE,0.212231436,0.122817294
9,Circle Route,Clockwise,53,10329,ONTARIO ST & WOODLAWN AVE,0.260912479,0.174561641
9,Circle Route,Clockwise,54,1128,WOODLAWN AVE & PARTRIDGE ST,0.021528551,0.01585864
9,Circle Route,Clockwise,55,1055,PARTRIDGE ST & PROVIDENCE ST,0.075087156,0.065582195
9,Circle Route,Clockwise,56,1127,PARTRIDGE ST & MERCER ST,0.048316325,0.041871991
9,Circle Route,Clockwise,57,1054,PARTRIDGE ST & WARREN ST,0.030502117,0.025843301
9,Circle Route,Clockwise,58,1053,PARTRIDGE ST & PARK AVE,0.101453245,0.082303588
9,Circle Route,Clockwise,59,3193,PARTRIDGE ST & MYRTLE AVE,0.100715625,0.080812984
9,Circle Route,Clockwise,60,1051,PARTRIDGE ST & MORRIS ST,0.044111367,0.029407382
9,Circle Route,Clockwise,61,3195,PARTRIDGE ST & MADISON AVE,0.355183009,0.186490999
9,Circle Route,Clockwise,62,1217,PARTRIDGE ST & WESTERN AVE,0.505264081,0.091521403
9,Circle Route,Clockwise,63,257,WESTERN AVE & ONTARIO ST,3.66027338,0.396633751
9,Circle Route,Clockwise,64,258,WESTERN AVE & QUAIL ST,4.062808265,0.333356294
9,Circle Route,Clockwise,65,259,WESTERN AVE & S LAKE AVE,3.464503643,0.348134649
9,Circle Route,Clockwise,66,260,WESTERN AVE & THURLOW TERR,1.424307812,0.196342247
9,Circle Route,Clockwise,67,261,WESTERN AVE & ROBIN ST,1.365398139,0.266299601
9,Circle Route,Clockwise,68,262,WESTERN AVE & SPRAGUE PL,1.337594775,0.18995052
9,Circle Route,Clockwise,69,263,WASHINGTON AVE & HENRY JOHNSON BLVD,3.338813436,0.270286593
9,Circle Route,Clockwise,70,2663,WASHINGTON AVE & LARK ST,6.676455448,0.491635881
9,Circle Route,Clockwise,71,1788,WASHINGTON AVE & DOVE ST,2.564812842,0.19590019
9,Circle Route,Clockwise,72,1789,WASHINGTON AVE & S SWAN ST,2.851178649,0.350534864
9,Circle Route,Clockwise,73,2706,WASHINGTON AVE & HAWK ST (THE CAPITOL),1.717803291,0.248573923
9,Circle Route,Clockwise,74,1787,STATE ST & EAGLE ST,1.341651609,0.20274615
9,Circle Route,Clockwise,75,2509,STATE ST & LODGE ST,2.557941334,0.263361454
9,Circle Route,Clockwise,76,2589,STATE ST & PEARL ST,4.813071154,0.515680077
9,Circle Route,Clockwise,77,3940,BROADWAY & PETER D KIERNAN PLAZA,0.962431584,
9,Circle Route,CounterClockwise,1,9018,BROADWAY & ORANGE ST,1.438829177,
9,Circle Route,CounterClockwise,2,502,BROADWAY & QUACKENBUSH SQUARE,0.554222334,0.124368294
9,Circle Route,CounterClockwise,3,3234,WILSON ST & N PEARL ST,1.463247742,0.378586134
9,Circle Route,CounterClockwise,4,2168,N PEARL ST & CLINTON AVE ,0.847562506,0.194056267
9,Circle Route,CounterClockwise,5,10577,N PEARL ST & ORANGE ST ,1.056801875,0.297778653
9,Circle Route,CounterClockwise,6,3233,N PEARL ST & SHERIDAN AVE ,0.644586705,0.079671628
9,Circle Route,CounterClockwise,7,3221,N PEARL ST & TEN EYCK PLAZA,5.38915404,0.476047416
9,Circle Route,CounterClockwise,8,2665,STATE ST & LODGE ST,4.286883758,0.349535129
9,Circle Route,CounterClockwise,9,10087,EAGLE ST & STATE ST (CITY HALL),1.588491284,0.189223379
9,Circle Route,CounterClockwise,10,3250,WASHINGTON AVE & HAWK ST ,1.519418936,0.210994593
9,Circle Route,CounterClockwise,11,3301,WASHINGTON AVE &S SWAN ST,3.093311911,0.364318944
9,Circle Route,CounterClockwise,12,3241,WASHINGTON AVE & DOVE ST,2.877939105,0.2045658
9,Circle Route,CounterClockwise,13,3239,WASHINGTON AVE & LARK ST (ARMORY),7.097274149,0.477864248
9,Circle Route,CounterClockwise,14,3455,CENTRAL AVE & HENRY JOHNSON BLVD,3.876858596,0.243040343
9,Circle Route,CounterClockwise,15,2169,WASHINGTON AVE & LEXINGTON AVE,3.9773696,0.372104591
9,Circle Route,CounterClockwise,16,3313,ROBIN ST & WESTERN AVE,1.834620314,0.221503983
9,Circle Route,CounterClockwise,17,285,WESTERN AVE & THURLOW TERR,1.470571367,0.180542975
9,Circle Route,CounterClockwise,18,286,WESTERN AVE & N LAKE AVE,3.840078831,0.380989082
9,Circle Route,CounterClockwise,19,283,WESTERN AVE & QUAIL ST,3.768585708,0.418927576
9,Circle Route,CounterClockwise,20,10591,ONTARIO ST & WESTERN AVE,0.387128349,0.073897661
9,Circle Route,CounterClockwise,21,1246,ONTARIO ST & HAMILTON ST,0.082995021,0.053320981
9,Circle Route,CounterClockwise,22,1245,ONTARION ST & MADISON AVE,0.086393775,0.058575716
9,Circle Route,CounterClockwise,23,624,ONTARIO ST & YATES ST,0.305518923,0.191479905
9,Circle Route,CounterClockwise,24,1244,ONTARIO ST & MORRIS ST,0.203653809,0.128028909
9,Circle Route,CounterClockwise,25,625,ONTARIO ST & MYRTLE AVE,0.081513398,0.061225789
9,Circle Route,CounterClockwise,26,626,ONTARIO ST & PARK AVE,0.046190036,0.033880869
9,Circle Route,CounterClockwise,27,1260,ONTARIO ST & WARREN ST,0.235603871,0.153171136
9,Circle Route,CounterClockwise,28,1243,ONTARIO ST & MERCER ST,0.256380173,0.167006782
9,Circle Route,CounterClockwise,29,627,ONTARIO ST & PROVIDENCE ST,0.043164227,0.032147129
9,Circle Route,CounterClockwise,30,628,ONTARIO ST & WOODLAWN AVE,0.043164227,0.036997795
9,Circle Route,CounterClockwise,31,1242,ONTARIO ST & AVENUE B AVE,0.080341801,0.052010922
9,Circle Route,CounterClockwise,32,1241,ONTARIO ST & NEW SCOTLAND AVE,0.421204151,0.259429873
9,Circle Route,CounterClockwise,33,453,NEW SCOTLAND AVE & NORWOOD AVE,0.122030187,0.075317483
9,Circle Route,CounterClockwise,34,454,NEW SCOTLAND AVE & GLENWOOD ST,0.076976296,0.058136189
9,Circle Route,CounterClockwise,35,455,NEW SCOTLAND AVE & PARKWOOD ST,0.125061996,0.096209589
9,Circle Route,CounterClockwise,36,457,NEW SCOTLAND AVE & W ERIE ST,0.097852885,0.075902087
9,Circle Route,CounterClockwise,37,3955,CARDINAL AVE & NEW SCOTLAND AVE,0.066283984,0.049378942
9,Circle Route,CounterClockwise,38,1240,CARDINAL AVE & HELDERBERG AVE,0.178216405,0.140739829
9,Circle Route,CounterClockwise,39,1239,CARDINAL AVE (BTW HELDERBURG & HACKETT),0.021782268,0.016401666
9,Circle Route,CounterClockwise,40,1238,CARDINAL AVE & HACKETT BLVD,0.128053528,0.103715059
9,Circle Route,CounterClockwise,41,1237,124 CARDINAL AVE,0.084830894,0.05793581
9,Circle Route,CounterClockwise,42,1236,CARDINAL AVE & WHITEHALL RD,0.251337678,0.178046972
9,Circle Route,CounterClockwise,43,629,WHITEHALL RD & MARLBOROUGH CT,0.075468338,0.051752298
9,Circle Route,CounterClockwise,44,630,WHITEHALL RD & CARISLE CT,0.131454594,0.10891714
9,Circle Route,CounterClockwise,45,631,WHITEHALL RD & SWARTSON CT,0,0
9,Circle Route,CounterClockwise,46,1235,WHITEHALL RD & MARIETTE PL,0.146443955,0.121038777
9,Circle Route,CounterClockwise,47,1234,WHITEHALL RD & KELTON CT,0.063448934,0.04229744
9,Circle Route,CounterClockwise,48,632,WHITEHALL RD & ELBEL CT,0.290172695,0.198690677
9,Circle Route,CounterClockwise,49,3954,WHITEHALL RD & ROSE CT,0.10680268,0.069216697
9,Circle Route,CounterClockwise,50,1073,WHITEHALL RD & EDGECOMB ST,0.146043647,0.098854346
9,Circle Route,CounterClockwise,51,634,WHITEHALL RD & HOLMES CT,0.224515596,0.144090881
9,Circle Route,CounterClockwise,52,635,WHITEHALL RD & MCDONALD RD,0.187593462,0.127168413
9,Circle Route,CounterClockwise,53,1233,WHITEHALL RD & SARD RD,0.063048626,0.041635077
9,Circle Route,CounterClockwise,54,1232,WHITEHALL RD & DELAWARE AVE,0.263673005,0.169362933
9,Circle Route,CounterClockwise,55,487,DELAWARE AVE & BECKMAN ST,0.230130273,0.146019908
9,Circle Route,CounterClockwise,56,486,DELAWARE AVE & STANWIX ST,0.082216569,0.061644143
9,Circle Route,CounterClockwise,57,485,DELAWARE AVE &JEANETTE ST,0.021381959,0.01862023
9,Circle Route,CounterClockwise,58,2955,DELAWARE AVE & MARSHALL ST,0.044720195,0.03798811
9,Circle Route,CounterClockwise,59,484,DELAWARE AVE & BERTHA ST,0.11111343,0.083526925
9,Circle Route,CounterClockwise,60,483,DELAWARE AVE & HURBLUT ST,0.174437176,0.1214358
9,Circle Route,CounterClockwise,61,482,DELAWARE AVE & BARCLAY ST,0.150905328,0.089921045
9,Circle Route,CounterClockwise,62,481,DELAWARE AVE & MAGNOLIA TERR,0.352855609,0.225206443
9,Circle Route,CounterClockwise,63,480,DELAWARE AVE & MONA TERR,0.063048626,0.043854224
9,Circle Route,CounterClockwise,64,1969,DELAWARE AVE & BESCH AVE,0.021782268,0.016440608
9,Circle Route,CounterClockwise,65,2951,DELAWARE AVE & MORTON AVE,0.240075607,0.178469503
9,Circle Route,CounterClockwise,66,1231,MORTON AVE & ONEIDA TERR,0.083333333,0.049942063
9,Circle Route,CounterClockwise,67,1230,MORTON AVE & S SWAN ST,0.345191208,0.186447191
9,Circle Route,CounterClockwise,68,1229,MORTON AVE & S HAWK ST,0.422890901,0.1854493
9,Circle Route,CounterClockwise,69,1228,MORTON AVE & EAGLE ST,0.512276464,0.260842645
9,Circle Route,CounterClockwise,70,1227,EAGLE ST & WARREN ST,0.02876175,0.018172529
9,Circle Route,CounterClockwise,71,1226,EAGLE ST & PARK AVE,0.041666667,0.034855008
9,Circle Route,CounterClockwise,72,1225,EAGLE ST & MYRTLE AVE,0.125,0.1
9,Circle Route,CounterClockwise,73,1224,EAGLE ST & ELM ST,0.083333333,0.060986573
9,Circle Route,CounterClockwise,74,3216,EAGLE ST & MADISON AVE,0.158087655,0.125162745
9,Circle Route,CounterClockwise,75,10850,EAGLE ST & HOWARD ST,0.021635804,0.013658179
9,Circle Route,CounterClockwise,76,10592,EAGLE ST & STATE ST ,0.404367913,0.10149937
9,Circle Route,CounterClockwise,77,2509,STATE ST & LODGE ST,2.557941334,0.29149065
9,Circle Route,CounterClockwise,78,2589,STATE ST & PEARL ST,4.813071154,0.515680077
9,Circle Route,CounterClockwise,79,3940,BROADWAY & PETER D KIERNAN PLAZA,0.962431584,
10,Western Ave Broadway,East,1,7175,CROSSGATES MID-MALL,7.942258401,
10,Western Ave Broadway,East,2,405,WESTERN AVE & JOHNSTON ST,1.658299803,0.148186982
10,Western Ave Broadway,East,3,406,WESTERN AVE & GARIEL TERR,0.59003207,0.166464492
10,Western Ave Broadway,East,4,407,WESTERN AVE & ALTON RD,0.29616019,0.108981111
10,Western Ave Broadway,East,5,408,WESTERN AVE & CHAPMAN DR,0.83134463,0.226425639
10,Western Ave Broadway,East,6,12021,2 EXECUTIVE PARK DR,1.544096299,0.343487044
10,Western Ave Broadway,East,7,12022,EXECUTIVE PARK DRIVE @ STOP SIGN,1.119914353,0.16185934
10,Western Ave Broadway,East,8,10623,STUYVESANT PLAZA (US POST OFFICE),3.255048521,0.510222146
10,Western Ave Broadway,East,9,10622,STUYVESANT PLAZA (MANGIA),1.004706345,0.149799742
10,Western Ave Broadway,East,10,10620,1450 WESTERN AVE,1.447241618,0.347576603
10,Western Ave Broadway,East,11,2016,WESTERN AVE & MCKOWN RD,0.711858245,0.211122467
10,Western Ave Broadway,East,12,2018,WESTERN AVE & WESTLYN CT,0.212678881,0.090024788
10,Western Ave Broadway,East,13,2017,WESTERN AVE & BROOKWOOD AVE,0.437910872,0.210749773
10,Western Ave Broadway,East,14,2015,WESTERN AVE & ARCADIA AVE,0.427281391,0.146307822
10,Western Ave Broadway,East,15,10617,WESTERN AVE & HILLCREST ST,1.05523527,0.241883193
10,Western Ave Broadway,East,16,231,WESTERN AVE & TRYON PL,1.880065368,0.346733424
10,Western Ave Broadway,East,17,233,WESTERN AVE & GLYNN ST,1.486920698,0.203159702
10,Western Ave Broadway,East,18,232,WESTERN AVE & HOMESTEAD ST,2.951988545,0.441400086
10,Western Ave Broadway,East,19,234,WESTERN AVE & MAGAZINE ST,1.248875004,0.200601606
10,Western Ave Broadway,East,20,235,WESTERN AVE & LOCUST ST,1.024784522,0.198559267
10,Western Ave Broadway,East,21,236,WESTERN AVE & RUSSELL RD,1.887441931,0.439882222
10,Western Ave Broadway,East,22,228,WESTERN AVE & BEACON AVE,0.378562847,0.092187833
10,Western Ave Broadway,East,23,10612,WESTERN AVE & HILLCREST AVE,0.84042481,0.341606945
10,Western Ave Broadway,East,24,10619,BUILDING 8 (select trips),0.241222311,0.113592863
10,Western Ave Broadway,East,25,10618,BUILDING 9 (select trips),0.041922133,0.015647795
10,Western Ave Broadway,East,26,251,WESTERN AVE & PINEHURST AVE,1.395963561,0.427762187
10,Western Ave Broadway,East,27,239,WESTERN AVE & ORLANDO AVE,0.825524684,0.213838101
10,Western Ave Broadway,East,28,240,WESTERN AVE & DAYTONA AVE,0.639024359,0.215260828
10,Western Ave Broadway,East,29,241,WESTERN AVE & SEMINOLE AVE,0.504055902,0.159579258
10,Western Ave Broadway,East,30,242,WESTERN AVE & TAMPA AVE / ORMOND ST,1.015575251,0.297534324
10,Western Ave Broadway,East,31,243,WESTERN AVE & ORMOND ST / DAVIS AVE,0.893673356,0.273339532
10,Western Ave Broadway,East,32,244,WESTERN AVE & MILNER AVE,0.360213912,0.120159982
10,Western Ave Broadway,East,33,245,WESTERN AVE & COLONIAL AVE,0.743898723,0.288272446
10,Western Ave Broadway,East,34,238,WESTERN AVE & HOLMES DALE AVE,0.476427865,0.162116778
10,Western Ave Broadway,East,35,296,WESTERN AVE & FAIRLAWN AVE,0.718467716,0.261263891
10,Western Ave Broadway,East,36,297,WESTERN AVE & EUCLID AVE,0.555073854,0.181683421
10,Western Ave Broadway,East,37,247,WESTERN AVE & BROOKLINE AVE,0.78162907,0.273391262
10,Western Ave Broadway,East,38,248,WESTERN AVE & MARION AVE,0.522309707,0.147104137
10,Western Ave Broadway,East,39,249,WESTERN AVE & S MANNING BLVD,1.246673183,0.178336221
10,Western Ave Broadway,East,40,877,WESTERN AVE & ALLEN ST,4.221594663,0.436878156
10,Western Ave Broadway,East,41,1356,WESTERN AVE & W LAWRENCE ST,3.194826106,0.275916781
10,Western Ave Broadway,East,42,3428,WESTERN AVE & N MAIN ST,3.162527405,0.277518996
10,Western Ave Broadway,East,43,882,WESTERN AVE & PARTRIDGE ST,4.03836156,0.340469293
10,Western Ave Broadway,East,44,257,WESTERN AVE & ONTARIO ST,3.66027338,0.28682284
10,Western Ave Broadway,East,45,258,WESTERN AVE & QUAIL ST,4.062808265,0.333356294
10,Western Ave Broadway,East,46,259,WESTERN AVE & S LAKE AVE,3.464503643,0.348134649
10,Western Ave Broadway,East,47,260,WESTERN AVE & THURLOW TERR,1.424307812,0.196342247
10,Western Ave Broadway,East,48,261,WESTERN AVE & ROBIN ST,1.365398139,0.266299601
10,Western Ave Broadway,East,49,262,WESTERN AVE & SPRAGUE PL,1.337594775,0.18995052
10,Western Ave Broadway,East,50,263,WASHINGTON AVE & HENRY JOHNSON BLVD,3.338813436,0.270286593
10,Western Ave Broadway,East,51,2663,WASHINGTON AVE & LARK ST,6.676455448,0.491635881
10,Western Ave Broadway,East,52,1788,WASHINGTON AVE & DOVE ST,2.564812842,0.19590019
10,Western Ave Broadway,East,53,1789,WASHINGTON AVE & S SWAN ST,2.851178649,0.350534864
10,Western Ave Broadway,East,54,2706,WASHINGTON AVE & HAWK ST,1.717803291,0.248573923
10,Western Ave Broadway,East,55,1787,STATE ST & EAGLE ST,1.341651609,0.20274615
10,Western Ave Broadway,East,56,2509,STATE ST & LODGE ST,2.557941334,0.263361454
10,Western Ave Broadway,East,57,2589,STATE ST & PEARL ST,4.813071154,0.515680077
10,Western Ave Broadway,East,58,3940,BROADWAY & PETER D KIERNAN PLAZA,0.962431584,0.117164925
10,Western Ave Broadway,East,59,9018,BROADWAY & ORANGE ST,1.438829177,
10,Western Ave Broadway,West,1,9018,BROADWAY & ORANGE ST,1.438829177,
10,Western Ave Broadway,West,2,502,BROADWAY & QUACKENBUSH SQUARE,0.554222334,0.124368294
10,Western Ave Broadway,West,3,3234,WILSON ST & N PEARL ST,1.463247742,0.378586134
10,Western Ave Broadway,West,4,2168,N PEARL ST & CLINTON AVE,0.847562506,0.194056267
10,Western Ave Broadway,West,5,10577,N PEARL ST & ORANGE ST,1.056801875,0.297778653
10,Western Ave Broadway,West,6,3233,N PEARL ST & SHERIDAN AVE,0.644586705,0.079671628
10,Western Ave Broadway,West,7,3221,N PEARL ST & TEN EYCK PLAZA,5.38915404,0.476047416
10,Western Ave Broadway,West,8,2665,STATE ST & LODGE ST,4.286883758,0.349535129
10,Western Ave Broadway,West,9,10087,EAGLE ST & STATE ST (CITY HALL),1.588491284,0.189223379
10,Western Ave Broadway,West,10,3250,WASHINGTON AVE & HAWK ST,1.519418936,0.210994593
10,Western Ave Broadway,West,11,3301,WASHINGTON AVE & S SWAN ST,3.093311911,0.364318944
10,Western Ave Broadway,West,12,3241,WASHINGTON AVE & DOVE ST,2.877939105,0.2045658
10,Western Ave Broadway,West,13,3239,WASHINGTON AVE & LARK ST (ARMORY),7.097274149,0.477864248
10,Western Ave Broadway,West,14,3455,CENTRAL AVE & HENRY JOHNSON BLVD,3.876858596,0.243040343
10,Western Ave Broadway,West,15,2169,WASHINGTON AVE & LEXINGTON AVE,3.9773696,0.372104591
10,Western Ave Broadway,West,16,3313,ROBIN ST & WESTERN AVE,1.834620314,0.221503983
10,Western Ave Broadway,West,17,285,WESTERN AVE & THURLOW TERR,1.470571367,0.180542975
10,Western Ave Broadway,West,18,286,WESTERN AVE & N LAKE AVE,3.840078831,0.380989082
10,Western Ave Broadway,West,19,283,WESTERN AVE & QUAIL ST,3.768585708,0.308112539
10,Western Ave Broadway,West,20,883,WESTERN AVE & ONTARIO ST,3.622534245,0.280893684
10,Western Ave Broadway,West,21,884,WESTERN AVE & PARTRIDGE ST,4.505340367,0.364241398
10,Western Ave Broadway,West,22,887,WESTERN AVE & N MAIN AVE,3.241231112,0.270327671
10,Western Ave Broadway,West,23,2112,WESTERN AVE & W LAWRENCE ST,3.243437172,0.279903578
10,Western Ave Broadway,West,24,889,WESTERN AVE & ALLEN ST,4.103026306,0.432555789
10,Western Ave Broadway,West,25,277,WESTERN AVE & N PINE AVE,1.139078987,0.155539653
10,Western Ave Broadway,West,26,278,WESTERN AVE & MANNING BLVD,1.081294018,0.256489559
10,Western Ave Broadway,West,27,279,WESTERN AVE & WINTHROP AVE,0.995369817,0.240854032
10,Western Ave Broadway,West,28,335,WESTERN AVE & HOMESTEAD AVE,1.056004432,0.304327782
10,Western Ave Broadway,West,29,298,WESTERN AVE & TERRACE AVE,0.418583127,0.132404409
10,Western Ave Broadway,West,30,288,WESTERN AVE & FAIRLAWN AVE,0.686811133,0.270320546
10,Western Ave Broadway,West,31,281,WESTERN AVE & BELVEDERE AVE,0.435334309,0.150523115
10,Western Ave Broadway,West,32,289,WESTERN AVE & EILEEN ST,0.769997124,0.291114311
10,Western Ave Broadway,West,33,290,WESTERN AVE & CLERMONT ST,0.439667783,0.147031891
10,Western Ave Broadway,West,34,291,WESTERN AVE & ROSEMONT ST,0.78062367,0.19998129
10,Western Ave Broadway,West,35,865,WESTERN AVE & BREVATOR ST,1.683192069,0.420131834
10,Western Ave Broadway,West,36,867,WESTERN AVE & SEMINOLE AVE,0.542526872,0.129997771
10,Western Ave Broadway,West,37,10221,WESTERN AVE & DAYTONA AVE,0.947636232,0.217529303
10,Western Ave Broadway,West,38,866,WESTERN AVE & CAMPUS ACCESS RD,1.866198173,0.460215061
10,Western Ave Broadway,West,39,10619,BUILDING 8 (only certain trips),0.241222311,0.076594496
10,Western Ave Broadway,West,40,10618,BULDING 9 (only certain trips),0.041922133,0.014181236
10,Western Ave Broadway,West,41,870,WESTERN AVE & RUSSELL RD,1.673024812,0.55401052
10,Western Ave Broadway,West,42,872,WESTERN AVE & CAMBRIDGE RD,0.304896092,0.093967209
10,Western Ave Broadway,West,43,871,WESTERN AVE & CLAREDON RD,0.266786437,0.104689025
10,Western Ave Broadway,West,44,873,WESTERN AVE & TUDOR RD,0.976688112,0.214624045
10,Western Ave Broadway,West,45,413,WESTERN AVE & UNIVERSITY PL,2.307218316,0.332490853
10,Western Ave Broadway,West,46,874,WESTERN AVE & HOMESTEAD ST,2.655286921,0.362325077
10,Western Ave Broadway,West,47,10217,WESTERN AVE & GLYNN ST,1.365960526,0.217244903
10,Western Ave Broadway,West,48,10616,WESTERN AVE & BEST WESTERN,1.266405381,0.31597295
10,Western Ave Broadway,West,49,304,WESTERN AVE & ARCADIA AVE,0.375589146,0.128035201
10,Western Ave Broadway,West,50,305,WESTERN AVE & KNOWLES TERR,0.291488935,0.148616472
10,Western Ave Broadway,West,51,306,WESTERN AVE & WAVERLY PL,0.294272044,0.131698587
10,Western Ave Broadway,West,52,10193,WESTERN AVE & NORWOOD ST,0.648674863,0.256695917
10,Western Ave Broadway,West,53,309,WESTERN AVE & GLENWOOD ST,0.584069774,0.199639557
10,Western Ave Broadway,West,54,308,WESTERN AVE & PARKWOOD ST,0.692876834,0.221482307
10,Western Ave Broadway,West,55,310,WESTERN AVE & ELMWOOD ST,0.851415392,0.208252075
10,Western Ave Broadway,West,56,12021,2 EXECUTIVE PARK DR,1.544096299,0.341960268
10,Western Ave Broadway,West,57,12022,EXECUTIVE PARK DRIVE @ STOP SIGN,1.119914353,0.16185934
10,Western Ave Broadway,West,58,10623,STUYVESANT PLAZA (US POST OFFICE),3.255048521,0.510222146
10,Western Ave Broadway,West,59,10622,STUYVESANT PLAZA (MANGIA),1.004706345,0.177407754
10,Western Ave Broadway,West,60,10621,WESTERN AVE & STUYVESANT PLAZA,0.403505754,0.124229732
10,Western Ave Broadway,West,61,374,WESTERN AVE & CHAPMAN DR,0.839848942,0.314340482
10,Western Ave Broadway,West,62,375,WESTERN AVE & CROSSGATES MALL RD,0.428426352,0.150138319
10,Western Ave Broadway,West,63,376,WESTERN AVE & ALTON RD,0.585269054,0.220188225
10,Western Ave Broadway,West,64,10602,WESTERN AVE & LAWTON TERR,0.644344342,0.191777202
10,Western Ave Broadway,West,65,378,WESTERN AVE & JOHSTON ST,1.130245516,0.105464357
10,Western Ave Broadway,West,66,7175,CROSSGATES MID-MALL,7.942258401,
10,Western Ave Greyhound,East,1,7175,CROSSGATES MID-MALL,7.942258401,
10,Western Ave Greyhound,East,2,405,WESTERN AVE & JOHNSTON ST,1.658299803,0.148186982
10,Western Ave Greyhound,East,3,406,WESTERN AVE & GARIEL TERR,0.59003207,0.166464492
10,Western Ave Greyhound,East,4,407,WESTERN AVE & ALTON RD,0.29616019,0.108981111
10,Western Ave Greyhound,East,5,408,WESTERN AVE & CHAPMAN DR,0.83134463,0.226425639
10,Western Ave Greyhound,East,6,12021,2 EXECUTIVE PARK DR,1.544096299,0.343487044
10,Western Ave Greyhound,East,7,12022,EXECUTIVE PARK DRIVE @ STOP SIGN,1.119914353,0.16185934
10,Western Ave Greyhound,East,8,10623,STUYVESANT PLAZA (US POST OFFICE),3.255048521,0.510222146
10,Western Ave Greyhound,East,9,10622,STUYVESANT PLAZA (MANGIA),1.004706345,0.148918728
10,Western Ave Greyhound,East,10,233,WESTERN AVE & GLYNN ST,1.486920698,0.230758753
10,Western Ave Greyhound,East,11,232,WESTERN AVE & HOMESTEAD ST,2.951988545,0.441400086
10,Western Ave Greyhound,East,12,234,WESTERN AVE & MAGAZINE ST,1.248875004,0.200601606
10,Western Ave Greyhound,East,13,235,WESTERN AVE & LOCUST ST,1.024784522,0.198559267
10,Western Ave Greyhound,East,14,236,WESTERN AVE & RUSSELL RD,1.887441931,0.439882222
10,Western Ave Greyhound,East,15,228,WESTERN AVE & BEACON AVE,0.378562847,0.092187833
10,Western Ave Greyhound,East,16,10612,WESTERN AVE & HILLCREST AVE,0.84042481,0.232485796
10,Western Ave Greyhound,East,17,251,WESTERN AVE & PINEHURST AVE,1.395963561,0.343671453
10,Western Ave Greyhound,East,18,239,WESTERN AVE & ORLANDO AVE,0.825524684,0.213838101
10,Western Ave Greyhound,East,19,240,WESTERN AVE & DAYTONA AVE,0.639024359,0.215260828
10,Western Ave Greyhound,East,20,241,WESTERN AVE & SEMINOLE AVE,0.504055902,0.159579258
10,Western Ave Greyhound,East,21,242,WESTERN AVE & TAMPA AVE / ORMOND ST,1.015575251,0.297534324
10,Western Ave Greyhound,East,22,243,WESTERN AVE & ORMOND ST / DAVIS AVE,0.893673356,0.273339532
10,Western Ave Greyhound,East,23,244,WESTERN AVE & MILNER AVE,0.360213912,0.120159982
10,Western Ave Greyhound,East,24,245,WESTERN AVE & COLONIAL AVE,0.743898723,0.288272446
10,Western Ave Greyhound,East,25,238,WESTERN AVE & HOLMES DALE AVE,0.476427865,0.162116778
10,Western Ave Greyhound,East,26,296,WESTERN AVE & FAIRLAWN AVE,0.718467716,0.261263891
10,Western Ave Greyhound,East,27,297,WESTERN AVE & EUCLID AVE,0.555073854,0.181683421
10,Western Ave Greyhound,East,28,247,WESTERN AVE & BROOKLINE AVE,0.78162907,0.273391262
10,Western Ave Greyhound,East,29,248,WESTERN AVE & MARION AVE,0.522309707,0.147104137
10,Western Ave Greyhound,East,30,249,WESTERN AVE & S MANNING BLVD,1.246673183,0.178336221
10,Western Ave Greyhound,East,31,877,WESTERN AVE & ALLEN ST,4.221594663,0.436878156
10,Western Ave Greyhound,East,32,1356,WESTERN AVE & W LAWRENCE ST,3.194826106,0.275916781
10,Western Ave Greyhound,East,33,3428,WESTERN AVE & N MAIN ST,3.162527405,0.277518996
10,Western Ave Greyhound,East,34,882,WESTERN AVE & PARTRIDGE ST,4.03836156,0.340469293
10,Western Ave Greyhound,East,35,257,WESTERN AVE & ONTARIO ST,3.66027338,0.28682284
10,Western Ave Greyhound,East,36,258,WESTERN AVE & QUAIL ST,4.062808265,0.333356294
10,Western Ave Greyhound,East,37,259,WESTERN AVE & S LAKE AVE,3.464503643,0.348134649
10,Western Ave Greyhound,East,38,260,WESTERN AVE & THURLOW TERR,1.424307812,0.196342247
10,Western Ave Greyhound,East,39,261,WESTERN AVE & ROBIN ST,1.365398139,0.266299601
10,Western Ave Greyhound,East,40,262,WESTERN AVE & SPRAGUE PL,1.337594775,0.18995052
10,Western Ave Greyhound,East,41,263,WASHINGTON AVE & HENRY JOHNSON BLVD,3.338813436,0.270286593
10,Western Ave Greyhound,East,42,2663,WASHINGTON AVE & LARK ST,6.676455448,0.491635881
10,Western Ave Greyhound,East,43,1788,WASHINGTON AVE & DOVE ST,2.564812842,0.19590019
10,Western Ave Greyhound,East,44,1789,WASHINGTON AVE & S SWAN ST,2.851178649,0.350534864
10,Western Ave Greyhound,East,45,2706,WASHINGTON AVE & HAWK ST,1.717803291,0.248573923
10,Western Ave Greyhound,East,46,1787,STATE ST & EAGLE ST,1.341651609,0.20274615
10,Western Ave Greyhound,East,47,2509,STATE ST & LODGE ST,2.557941334,0.263361454
10,Western Ave Greyhound,East,48,2589,STATE ST & PEARL ST,4.813071154,0.549761155
10,Western Ave Greyhound,East,49,3937,BROADWAY & HUDSON AVE,0.383827879,0.059760398
10,Western Ave Greyhound,East,50,10502,MADISON AVE & GREEN ST,0.225880827,0.075069759
10,Western Ave Greyhound,East,51,10503,GREYHOUND TERMINAL,1.39923698,
10,Western Ave Greyhound,West,1,10503,GREYHOUND TERMINAL,1.39923698,
10,Western Ave Greyhound,West,2,3248,BROADWAY & SUNY PLAZA,0.558143785,0.066871318
10,Western Ave Greyhound,West,3,3221,N PEARL ST & TEN EYCK PLAZA,5.38915404,0.479710427
10,Western Ave Greyhound,West,4,2665,STATE ST & LODGE ST,4.286883758,0.349535129
10,Western Ave Greyhound,West,5,10087,EAGLE ST & STATE ST (CITY HALL),1.588491284,0.189223379
10,Western Ave Greyhound,West,6,3250,WASHINGTON AVE & HAWK ST,1.519418936,0.210994593
10,Western Ave Greyhound,West,7,3301,WASHINGTON AVE & S SWAN ST,3.093311911,0.364318944
10,Western Ave Greyhound,West,8,3241,WASHINGTON AVE & DOVE ST,2.877939105,0.2045658
10,Western Ave Greyhound,West,9,3239,WASHINGTON AVE & LARK ST (ARMORY),7.097274149,0.477864248
10,Western Ave Greyhound,West,10,3455,CENTRAL AVE & HENRY JOHNSON BLVD,3.876858596,0.243040343
10,Western Ave Greyhound,West,11,2169,WASHINGTON AVE & LEXINGTON AVE,3.9773696,0.372104591
10,Western Ave Greyhound,West,12,3313,ROBIN ST & WESTERN AVE,1.834620314,0.221503983
10,Western Ave Greyhound,West,13,285,WESTERN AVE & THURLOW TERR,1.470571367,0.180542975
10,Western Ave Greyhound,West,14,286,WESTERN AVE & N LAKE AVE,3.840078831,0.380989082
10,Western Ave Greyhound,West,15,283,WESTERN AVE & QUAIL ST,3.768585708,0.308112539
10,Western Ave Greyhound,West,16,883,WESTERN AVE & ONTARIO ST,3.622534245,0.280893684
10,Western Ave Greyhound,West,17,884,WESTERN AVE & PARTRIDGE ST,4.505340367,0.364241398
10,Western Ave Greyhound,West,18,887,WESTERN AVE & N MAIN AVE,3.241231112,0.270327671
10,Western Ave Greyhound,West,19,2112,WESTERN AVE & W LAWRENCE ST,3.243437172,0.279903578
10,Western Ave Greyhound,West,20,889,WESTERN AVE & ALLEN ST,4.103026306,0.432555789
10,Western Ave Greyhound,West,21,277,WESTERN AVE & N PINE AVE,1.139078987,0.155539653
10,Western Ave Greyhound,West,22,278,WESTERN AVE & MANNING BLVD,1.081294018,0.256489559
10,Western Ave Greyhound,West,23,279,WESTERN AVE & WINTHROP AVE,0.995369817,0.240854032
10,Western Ave Greyhound,West,24,335,WESTERN AVE & HOMESTEAD AVE,1.056004432,0.304327782
10,Western Ave Greyhound,West,25,298,WESTERN AVE & TERRACE AVE,0.418583127,0.132404409
10,Western Ave Greyhound,West,26,288,WESTERN AVE & FAIRLAWN AVE,0.686811133,0.270320546
10,Western Ave Greyhound,West,27,281,WESTERN AVE & BELVEDERE AVE,0.435334309,0.150523115
10,Western Ave Greyhound,West,28,289,WESTERN AVE & EILEEN ST,0.769997124,0.291114311
10,Western Ave Greyhound,West,29,290,WESTERN AVE & CLERMONT ST,0.439667783,0.147031891
10,Western Ave Greyhound,West,30,291,WESTERN AVE & ROSEMONT ST,0.78062367,0.19998129
10,Western Ave Greyhound,West,31,865,WESTERN AVE & BREVATOR ST,1.683192069,0.420131834
10,Western Ave Greyhound,West,32,867,WESTERN AVE & SEMINOLE AVE,0.542526872,0.129997771
10,Western Ave Greyhound,West,33,10221,WESTERN AVE & DAYTONA AVE,0.947636232,0.217529303
10,Western Ave Greyhound,West,34,866,WESTERN AVE & CAMPUS ACCESS RD,1.866198173,0.340121388
10,Western Ave Greyhound,West,35,870,WESTERN AVE & RUSSELL RD,1.673024812,0.345372355
10,Western Ave Greyhound,West,36,872,WESTERN AVE & CAMBRIDGE RD,0.304896092,0.093967209
10,Western Ave Greyhound,West,37,871,WESTERN AVE & CLAREDON RD,0.266786437,0.104689025
10,Western Ave Greyhound,West,38,873,WESTERN AVE & TUDOR RD,0.976688112,0.214624045
10,Western Ave Greyhound,West,39,413,WESTERN AVE & UNIVERSITY PL,2.307218316,0.332490853
10,Western Ave Greyhound,West,40,874,WESTERN AVE & HOMESTEAD ST,2.655286921,0.362325077
10,Western Ave Greyhound,West,41,10217,WESTERN AVE & GLYNN ST,1.365960526,0.217244903
10,Western Ave Greyhound,West,42,10616,WESTERN AVE & BEST WESTERN,1.266405381,0.31597295
10,Western Ave Greyhound,West,43,304,WESTERN AVE & ARCADIA AVE,0.375589146,0.128035201
10,Western Ave Greyhound,West,44,305,WESTERN AVE & KNOWLES TERR,0.291488935,0.148616472
10,Western Ave Greyhound,West,45,306,WESTERN AVE & WAVERLY PL,0.294272044,0.131698587
10,Western Ave Greyhound,West,46,10193,WESTERN AVE & NORWOOD ST,0.648674863,0.256695917
10,Western Ave Greyhound,West,47,309,WESTERN AVE & GLENWOOD ST,0.584069774,0.199639557
10,Western Ave Greyhound,West,48,308,WESTERN AVE & PARKWOOD ST,0.692876834,0.221482307
10,Western Ave Greyhound,West,49,310,WESTERN AVE & ELMWOOD ST,0.851415392,0.2840604
10,Western Ave Greyhound,West,50,10614,STUYVESANT PLAZA (CVS),0.453011837,0.081484632
10,Western Ave Greyhound,West,51,10623,STUYVESANT PLAZA (US POST OFFICE),3.255048521,0.569784955
10,Western Ave Greyhound,West,52,10622,STUYVESANT PLAZA (MANGIA),1.004706345,0.177407754
10,Western Ave Greyhound,West,53,10621,WESTERN AVE & STUYVESANT PLAZA,0.403505754,0.124229732
10,Western Ave Greyhound,West,54,374,WESTERN AVE & CHAPMAN DR,0.839848942,0.314340482
10,Western Ave Greyhound,West,55,375,WESTERN AVE & CROSSGATES MALL RD,0.428426352,0.150138319
10,Western Ave Greyhound,West,56,376,WESTERN AVE & ALTON RD,0.585269054,0.220188225
10,Western Ave Greyhound,West,57,10602,WESTERN AVE & LAWTON TERR,0.644344342,0.191777202
10,Western Ave Greyhound,West,58,378,WESTERN AVE & JOHSTON ST,1.130245516,0.105464357
10,Western Ave Greyhound,West,59,7175,CROSSGATES MID-MALL,7.942258401,
11,Route 11 Washington,East,1,7175,CROSSGATES MID-MALL,7.942258401,
11,Route 11 Washington,East,2,10135,WASHINGTON AVE & MAIN SUNY ENTRANCE RD,1.864757357,0.099985767
11,Route 11 Washington,East,3,7216,SUNY COLLINS CIRCLE,7.843212214,0.6765455
11,Route 11 Washington,East,4,10134,WASHINGTON AVE & SUNY EXIT RD,0.885060339,0.083395556
11,Route 11 Washington,East,5,3348,WASHINGTON AVE & BREVATOR ST,0.884527273,0.228613416
11,Route 11 Washington,East,6,3308,WASHINGTON AVE & ROSEMONT ST,1.099508466,0.293485712
11,Route 11 Washington,East,7,3304,WASHINGTON AVE & CLERMONT ST,0.762342436,0.19656795
11,Route 11 Washington,East,8,3303,WASHINGTON AVE & EILEEN ST,1.016413251,0.272311893
11,Route 11 Washington,East,9,3260,WASHINGTON AVE & EDGEWOOD AVE,0.953777772,0.259386609
11,Route 11 Washington,East,10,2182,WASHINGTON AVE & HAWTHORNE ST,0.706859905,0.215260894
11,Route 11 Washington,East,11,2181,WASHINGTON AVE & FAIRLAWN AVE,0.623098133,0.200209828
11,Route 11 Washington,East,12,2098,WASHINGTON AVE & TERRACE AVE,0.782267469,0.179937372
11,Route 11 Washington,East,13,2180,WASHINGTON AVE & HOMESTEAD AVE,1.942077408,0.382178813
11,Route 11 Washington,East,14,3259,WASHINGTON AVE & WINTHROP AVE,1.357248711,0.236159387
11,Route 11 Washington,East,15,11581,WASHINGTON AVE & MANNING BLVD,1.447846279,0.295694076
11,Route 11 Washington,East,16,2205,WASHINGTON AVE & PINE ST,1.091338163,0.172649179
11,Route 11 Washington,East,17,1796,WASHINGTON AVE & N ALLEN ST,2.781947035,0.466940916
11,Route 11 Washington,East,18,2108,WASHINGTON AVE & W LAWRENCE ST,1.084528602,0.155965989
11,Route 11 Washington,East,19,3257,WASHINGTON AVE & N MAIN AVE,2.087146802,0.268979212
11,Route 11 Washington,East,20,2107,WASHINGTON AVE & PARTRIDGE ST,3.587834278,0.397058652
11,Route 11 Washington,East,21,3256,WASHINGTON AVE & ONTARIO ST,2.361049899,0.236369983
11,Route 11 Washington,East,22,3255,WASHINGTON AVE & QUAIL ST,3.039904884,0.347412407
11,Route 11 Washington,East,23,2109,WASHINGTON AVE & N LAKE AVE,2.349178551,0.232934571
11,Route 11 Washington,East,24,3253,WASHINGTON AVE & ROBIN ST (DRAPER HALL),3.69605996,
11,Route 11 Washington,West,1,3253,WASHINGTON AVE & ROBIN ST (DRAPER HALL),3.69605996,
11,Route 11 Washington,West,2,3313,ROBIN ST & WESTERN AVE,1.834620314,0.265051652
11,Route 11 Washington,West,3,10610,BACKSIDE OF DRAPER ON WESTERN AVE,0.391066123,0.08327186
11,Route 11 Washington,West,4,285,WESTERN AVE & THURLOW TERR,1.470571367,0.219432052
11,Route 11 Washington,West,5,286,WESTERN AVE & N LAKE AVE,3.840078831,0.380989082
11,Route 11 Washington,West,6,283,WESTERN AVE & QUAIL ST,3.768585708,0.308112539
11,Route 11 Washington,West,7,883,WESTERN AVE & ONTARIO ST,3.622534245,0.280893684
11,Route 11 Washington,West,8,884,WESTERN AVE & PARTRIDGE ST,4.505340367,0.364241398
11,Route 11 Washington,West,9,887,WESTERN AVE & N MAIN AVE,3.241231112,0.370571614
11,Route 11 Washington,West,10,11436,N MAIN AVE & WASHINGTON AVE,0,0
11,Route 11 Washington,West,11,3263,WASHINGTON AVE & W LAWRENCE ST,1.046461489,0.203504501
11,Route 11 Washington,West,12,3287,WASHINGTON AVE & N ALLEN ST,3.095741683,0.512705113
11,Route 11 Washington,West,13,1997,WASHINGTON AVE & PINE ST,0.895851857,0.1415675
11,Route 11 Washington,West,14,1846,WASHINGTON AVE & MANNING BLVD,1.336496293,0.272671077
11,Route 11 Washington,West,15,1847,WASHINGTON AVE & WINTHROP AVE,1.669148207,0.313263494
11,Route 11 Washington,West,16,1849,WASHINGTON AVE & HOMESTEAD AVE,1.322611865,0.27463633
11,Route 11 Washington,West,17,1850,WASHINGTON AVE & VER PLANCK ST,0.824106292,0.220324557
11,Route 11 Washington,West,18,1851,WASHINGTON AVE & VAN BUREN ST,0.593701439,0.191936463
11,Route 11 Washington,West,19,3399,WASHINGTON AVE & DANKER AVE,0.67541087,0.255987065
11,Route 11 Washington,West,20,1874,WASHINGTON AVE & CROSSWELL AVE,0.369344717,0.138975186
11,Route 11 Washington,West,21,1840,WASHINGTON AVE & BUELL ST,0.612875083,0.201740181
11,Route 11 Washington,West,22,1959,WASHINGTON AVE & COLVIN AVE,1.055722764,0.293780739
11,Route 11 Washington,West,23,1852,WASHINGTON AVE & ROSEMONT ST,0.924975943,0.256132821
11,Route 11 Washington,West,24,976,WASHINGTON AVE & BREVATOR ST,0.630614901,0.238852359
11,Route 11 Washington,West,25,1853,WASHINGTON AVE & VICTOR ST,0.084596192,0.040123915
11,Route 11 Washington,West,26,979,WASHINGTON AVE & JERMAIN ST,0.393162253,0.137632291
11,Route 11 Washington,West,27,3262,WASHINGTON AVE & FAIRFIELD INN,1.378854994,0.297373738
11,Route 11 Washington,West,28,10135,WASHINGTON AVE & MAIN SUNY ENTRANCE RD,1.864757357,0.154280171
11,Route 11 Washington,West,29,7216,SUNY COLLINS CIRCLE,7.843212214,0.420542431
11,Route 11 Washington,West,30,7175,CROSSGATES MID-MALL,7.942258401,
11,Route 11 Western,East,1,10615,UALBANY LIBRARY,5.465702962,
11,Route 11 Western,East,2,231,WESTERN AVE & TRYON PL,1.880065368,0.191205617
11,Route 11 Western,East,3,233,WESTERN AVE & GLYNN ST,1.486920698,0.203159702
11,Route 11 Western,East,4,232,WESTERN AVE & HOMESTEAD ST,2.951988545,0.441400086
11,Route 11 Western,East,5,234,WESTERN AVE & MAGAZINE ST,1.248875004,0.200601606
11,Route 11 Western,East,6,235,WESTERN AVE & LOCUST ST,1.024784522,0.198559267
11,Route 11 Western,East,7,236,WESTERN AVE & RUSSELL RD,1.887441931,0.439882222
11,Route 11 Western,East,8,228,WESTERN AVE & BEACON AVE,0.378562847,0.092187833
11,Route 11 Western,East,9,10612,WESTERN AVE & HILLCREST AVE,0.84042481,0.232485796
11,Route 11 Western,East,10,251,WESTERN AVE & PINEHURST AVE,1.395963561,0.343671453
11,Route 11 Western,East,11,239,WESTERN AVE & ORLANDO AVE,0.825524684,0.213838101
11,Route 11 Western,East,12,240,WESTERN AVE & DAYTONA AVE,0.639024359,0.215260828
11,Route 11 Western,East,13,241,WESTERN AVE & SEMINOLE AVE,0.504055902,0.159579258
11,Route 11 Western,East,14,242,WESTERN AVE & TAMPA AVE / ORMOND ST,1.015575251,0.297534324
11,Route 11 Western,East,15,243,WESTERN AVE & ORMOND ST / DAVIS AVE,0.893673356,0.273339532
11,Route 11 Western,East,16,244,WESTERN AVE & MILNER AVE,0.360213912,0.120159982
11,Route 11 Western,East,17,245,WESTERN AVE & COLONIAL AVE,0.743898723,0.288272446
11,Route 11 Western,East,18,238,WESTERN AVE & HOLMES DALE AVE,0.476427865,0.162116778
11,Route 11 Western,East,19,296,WESTERN AVE & FAIRLAWN AVE,0.718467716,0.261263891
11,Route 11 Western,East,20,297,WESTERN AVE & EUCLID AVE,0.555073854,0.181683421
11,Route 11 Western,East,21,247,WESTERN AVE & BROOKLINE AVE,0.78162907,0.273391262
11,Route 11 Western,East,22,248,WESTERN AVE & MARION AVE,0.522309707,0.147104137
11,Route 11 Western,East,23,249,WESTERN AVE & S MANNING BLVD,1.246673183,0.178336221
11,Route 11 Western,East,24,877,WESTERN AVE & ALLEN ST,4.221594663,0.436878156
11,Route 11 Western,East,25,1356,WESTERN AVE & W LAWRENCE ST,3.194826106,0.275916781
11,Route 11 Western,East,26,3428,WESTERN AVE & N MAIN ST,3.162527405,0.277518996
11,Route 11 Western,East,27,882,WESTERN AVE & PARTRIDGE ST,4.03836156,0.340469293
11,Route 11 Western,East,28,257,WESTERN AVE & ONTARIO ST,3.66027338,0.28682284
11,Route 11 Western,East,29,258,WESTERN AVE & QUAIL ST,4.062808265,0.333356294
11,Route 11 Western,East,30,259,WESTERN AVE & S LAKE AVE,3.464503643,0.348134649
11,Route 11 Western,East,31,260,WESTERN AVE & THURLOW TERR,1.424307812,0.148599574
11,Route 11 Western,East,32,3253,WASHINGTON AVE & ROBIN ST (DRAPER HALL),3.69605996,
11,Route 11 Western,West,1,3253,WASHINGTON AVE & ROBIN ST (DRAPER HALL),3.69605996,
11,Route 11 Western,West,2,3313,ROBIN ST & WESTERN AVE,1.834620314,0.265051652
11,Route 11 Western,West,3,10610,BACKSIDE OF DRAPER ON WESTERN AVE,0.391066123,0.08327186
11,Route 11 Western,West,4,285,WESTERN AVE & THURLOW TERR,1.470571367,0.219432052
11,Route 11 Western,West,5,286,WESTERN AVE & N LAKE AVE,3.840078831,0.380989082
11,Route 11 Western,West,6,283,WESTERN AVE & QUAIL ST,3.768585708,0.308112539
11,Route 11 Western,West,7,883,WESTERN AVE & ONTARIO ST,3.622534245,0.280893684
11,Route 11 Western,West,8,884,WESTERN AVE & PARTRIDGE ST,4.505340367,0.364241398
11,Route 11 Western,West,9,887,WESTERN AVE & N MAIN ST,3.241231112,0.270327671
11,Route 11 Western,West,10,2112,WESTERN AVE & W LAWRENCE ST,3.243437172,0.279903578
11,Route 11 Western,West,11,889,WESTERN AVE & ALLEN ST,4.103026306,0.432555789
11,Route 11 Western,West,12,277,WESTERN AVE & N PINE AVE,1.139078987,0.155539653
11,Route 11 Western,West,13,278,WESTERN AVE & MANNING BLVD,1.081294018,0.256489559
11,Route 11 Western,West,14,279,WESTERN AVE & WINTHROP AVE,0.995369817,0.240854032
11,Route 11 Western,West,15,335,WESTERN AVE & HOMESTEAD AVE,1.056004432,0.304327782
11,Route 11 Western,West,16,298,WESTERN AVE & TERRACE AVE,0.418583127,0.132404409
11,Route 11 Western,West,17,288,WESTERN AVE & FAIRLAWN AVE,0.686811133,0.270320546
11,Route 11 Western,West,18,281,WESTERN AVE & BELVEDERE AVE,0.435334309,0.150523115
11,Route 11 Western,West,19,289,WESTERN AVE & EILEEN ST,0.769997124,0.291114311
11,Route 11 Western,West,20,290,WESTERN AVE & CLERMONT ST,0.439667783,0.147031891
11,Route 11 Western,West,21,291,WESTERN AVE & ROSEMONT ST,0.78062367,0.19998129
11,Route 11 Western,West,22,865,WESTERN AVE & BREVATOR ST,1.683192069,0.420131834
11,Route 11 Western,West,23,867,WESTERN AVE & SEMINOLE AVE,0.542526872,0.129997771
11,Route 11 Western,West,24,10221,WESTERN AVE & DAYTONA AVE,0.947636232,0.217529303
11,Route 11 Western,West,25,866,WESTERN AVE & CAMPUS ACCESS RD,1.866198173,0.340121388
11,Route 11 Western,West,26,870,WESTERN AVE & RUSSELL RD,1.673024812,0.345372355
11,Route 11 Western,West,27,872,WESTERN AVE & CAMBRIDGE RD,0.304896092,0.093967209
11,Route 11 Western,West,28,871,WESTERN AVE & CLAREDON RD,0.266786437,0.104689025
11,Route 11 Western,West,29,873,WESTERN AVE & TUDOR RD,0.976688112,0.214624045
11,Route 11 Western,West,30,413,WESTERN AVE & UNIVERSITY PL,2.307218316,0.332490853
11,Route 11 Western,West,31,874,WESTERN AVE & HOMESTEAD ST,2.655286921,0.362325077
11,Route 11 Western,West,32,10217,WESTERN AVE & GLYNN ST,1.365960526,0.196443121
11,Route 11 Western,West,33,10613,UALBANY (RACC BUILDING),1.932218373,0.197894485
11,Route 11 Western,West,34,10615,UALBANY LIBRARY,5.465702962,
12,Route 12 Broadway,East,1,7175,CROSSGATES MID-MALL,7.942258401,
12,Route 12 Broadway,East,2,10626,WALMART - CROSSGATES COMMONS (weekends only),4.002995506,0.270289835
12,Route 12 Broadway,East,3,10135,WASHINGTON AVE & MAIN SUNY ENTRANCE RD,1.864757357,0.126759689
12,Route 12 Broadway,East,4,7216,SUNY COLLINS CIRCLE,7.843212214,0.6765455
12,Route 12 Broadway,East,5,10134,WASHINGTON AVE & SUNY EXIT RD,0.885060339,0.08933317
12,Route 12 Broadway,East,6,10627,BUILDING 22 (select trips),0.179137436,0.074693873
12,Route 12 Broadway,East,7,10628,BUILDING 12 (select trips),0.334090458,0.151809628
12,Route 12 Broadway,East,8,10629,BUILDING 8 (select trips),0.687491929,0.330711449
12,Route 12 Broadway,East,9,10630,BUILDING 2 (select trips),0.05724473,0.031878261
12,Route 12 Broadway,East,10,10631,BUILDING 1 (select trips),0.050992708,0.025588926
12,Route 12 Broadway,East,11,3348,WASHINGTON AVE & BREVATOR ST (select trips),0.884527273,0.291439533
12,Route 12 Broadway,East,12,3308,WASHINGTON AVE & ROSEMONT ST,1.099508466,0.293485712
12,Route 12 Broadway,East,13,3304,WASHINGTON AVE & CLERMONT ST,0.762342436,0.19656795
12,Route 12 Broadway,East,14,3303,WASHINGTON AVE & EILEEN ST,1.016413251,0.272311893
12,Route 12 Broadway,East,15,3260,WASHINGTON AVE & EDGEWOOD AVE,0.953777772,0.259386609
12,Route 12 Broadway,East,16,2182,WASHINGTON AVE & HAWTHORNE ST,0.706859905,0.215260894
12,Route 12 Broadway,East,17,2181,WASHINGTON AVE & FAIRLAWN AVE,0.623098133,0.200209828
12,Route 12 Broadway,East,18,2098,WASHINGTON AVE & TERRACE AVE,0.782267469,0.179937372
12,Route 12 Broadway,East,19,2180,WASHINGTON AVE & HOMESTEAD AVE,1.942077408,0.382178813
12,Route 12 Broadway,East,20,3259,WASHINGTON AVE & WINTHROP AVE,1.357248711,0.236159387
12,Route 12 Broadway,East,21,11581,WASHINGTON AVE & MANNING BLVD,1.447846279,0.295694076
12,Route 12 Broadway,East,22,2205,WASHINGTON AVE & PINE ST,1.091338163,0.172649179
12,Route 12 Broadway,East,23,1796,WASHINGTON AVE & N ALLEN ST,2.781947035,0.466940916
12,Route 12 Broadway,East,24,2108,WAHSINGTON AVE & W LAWRENCE ST,1.084528602,0.155965989
12,Route 12 Broadway,East,25,3257,WASHINGTON AVE & N MAIN AVE,2.087146802,0.268979212
12,Route 12 Broadway,East,26,2107,WASHINGTON AVE & PARTRIDGE ST,3.587834278,0.397058652
12,Route 12 Broadway,East,27,3256,WASHINGTON AVE & ONTARIO ST,2.361049899,0.236369983
12,Route 12 Broadway,East,28,3255,WASHINGTON AVE & QUAIL ST,3.039904884,0.347412407
12,Route 12 Broadway,East,29,2109,WASHINGTON AVE & N LAKE AVE,2.349178551,0.232934571
12,Route 12 Broadway,East,30,3253,WASHINGTON AVE & ROBIN ST (DRAPER HALL),3.69605996,0.475467094
12,Route 12 Broadway,East,31,3254,WASHINGTON AVE & ROBIN ST,0.728296201,0.103806298
12,Route 12 Broadway,East,32,2096,WASHINGTON AVE & LEXINGTON AVE,1.591559231,0.23902063
12,Route 12 Broadway,East,33,263,WASHINGTON AVE & HENRY JOHNSON BLVD,3.338813436,0.264841672
12,Route 12 Broadway,East,34,2663,WASHINGTON AVE & LARK ST,6.676455448,0.491635881
12,Route 12 Broadway,East,35,1788,WASHINGTON AVE & DOVE ST,2.564812842,0.19590019
12,Route 12 Broadway,East,36,1789,WASHINGTON AVE & S SWAN ST,2.851178649,0.350534864
12,Route 12 Broadway,East,37,2706,WASHINGTON AVE & HAWK ST (THE CAPITOL),1.717803291,0.248573923
12,Route 12 Broadway,East,38,1787,STATE ST & EAGLE ST,1.341651609,0.20274615
12,Route 12 Broadway,East,39,2509,STATE ST & LODGE ST,2.557941334,0.263361454
12,Route 12 Broadway,East,40,2589,STATE ST & PEARL ST,4.813071154,0.515680077
12,Route 12 Broadway,East,41,3940,BROADWAY & PETER D KIERNAN PLAZA,0.962431584,0.117164925
12,Route 12 Broadway,East,42,9018,BROADWAY & ORANGE ST,1.438829177,
12,Route 12 Broadway,West,1,9018,BROADWAY & ORANGE ST,1.438829177,
12,Route 12 Broadway,West,2,502,BROADWAY & QUACKENBUSH SQUARE ,0.554222334,0.124368294
12,Route 12 Broadway,West,3,3234,WILSON ST & N PEARL ST,1.463247742,0.378586134
12,Route 12 Broadway,West,4,2168,N PEARL ST & CLINTON AVE (CLINTON SQUARE),0.847562506,0.194056267
12,Route 12 Broadway,West,5,10577,N PEARL ST & ORANGE ST,1.056801875,0.297778653
12,Route 12 Broadway,West,6,3233,N PEARL ST & SHERIDAN AVE,0.644586705,0.079671628
12,Route 12 Broadway,West,7,3221,N PEARL ST & TEN EYCK PLAZA,5.38915404,0.476047416
12,Route 12 Broadway,West,8,2665,STATE ST & LODGE ST,4.286883758,0.349535129
12,Route 12 Broadway,West,9,10087,EAGLE ST & STATE ST (CITY HALL),1.588491284,0.189223379
12,Route 12 Broadway,West,10,3250,WASHINGTON AVE & HAWK ST,1.519418936,0.210994593
12,Route 12 Broadway,West,11,3301,WASHINGTON AVE & S SWAN ST,3.093311911,0.364318944
12,Route 12 Broadway,West,12,3241,WASHINGTON AVE & DOVE ST,2.877939105,0.2045658
12,Route 12 Broadway,West,13,3239,WASHINGTON AVE & LARK ST (ARMORY),7.097274149,0.477864248
12,Route 12 Broadway,West,14,3455,CENTRAL AVE & HENRY JOHNSON BLVD,3.876858596,0.243040343
12,Route 12 Broadway,West,15,2169,WASHINGTON AVE & LEXINGTON AVE,3.9773696,0.360633254
12,Route 12 Broadway,West,16,1843,WASHINGTON AVE & ROBIN ST,2.174620533,0.226395293
12,Route 12 Broadway,West,17,1837,WASHINGTON AVE & N LAKE AVE,2.453423937,0.275609957
12,Route 12 Broadway,West,18,1842,WAHSINGTON AVE & QUAIL ST,3.273752703,0.354595046
12,Route 12 Broadway,West,19,1841,WASHINGTON AVE & ONTARIO ST,2.505193477,0.247405668
12,Route 12 Broadway,West,20,1839,WASHINGTON AVE & PARTRIDGE ST,3.346907039,0.382015523
12,Route 12 Broadway,West,21,3264,WASHINGTON AVE & N MAIN AVE,1.909080225,0.261430143
12,Route 12 Broadway,West,22,3263,WASHINGTON AVE & W LAWRENCE ST,1.046461489,0.148407237
12,Route 12 Broadway,West,23,3287,WASHINGTON AVE & N ALLEN ST,3.095741683,0.512705113
12,Route 12 Broadway,West,24,1997,WASHINGTON AVE & PINE ST,0.895851857,0.1415675
12,Route 12 Broadway,West,25,1846,WASHINGTON AVE & MANNING BLVD,1.336496293,0.272671077
12,Route 12 Broadway,West,26,1847,WASHINGTON AVE & WINTHROP AVE,1.669148207,0.313263494
12,Route 12 Broadway,West,27,1849,WASHINGTON AVE & HOMESTEAD AVE,1.322611865,0.27463633
12,Route 12 Broadway,West,28,1850,WASHINGTON AVE & VER PLANCK ST,0.824106292,0.220324557
12,Route 12 Broadway,West,29,1851,WASHINGTON AVE & VAN BUREN ST,0.593701439,0.191936463
12,Route 12 Broadway,West,30,3399,WASHINGTON AVE & DANKER AVE,0.67541087,0.255987065
12,Route 12 Broadway,West,31,1874,WASHINGTON AVE & CROSSWELL AVE,0.369344717,0.138975186
12,Route 12 Broadway,West,32,1840,WASHINGTON AVE & BUELL ST,0.612875083,0.201740181
12,Route 12 Broadway,West,33,1959,WASHINGTON AVE & COLVIN AVE,1.055722764,0.293780739
12,Route 12 Broadway,West,34,1852,WASHINGTON AVE & ROSEMONT ST,0.924975943,0.256132821
12,Route 12 Broadway,West,35,976,WASHINGTON AVE & BREVATOR ST,0.630614901,0.238852359
12,Route 12 Broadway,West,36,1853,WASHINGTON AVE & VICTOR ST,0.084596192,0.040123915
12,Route 12 Broadway,West,37,979,WASHINGTON AVE & JERMAIN ST,0.393162253,0.137632291
12,Route 12 Broadway,West,38,3262,WASHINGTON AVE & FAIRFIELD INN,1.378854994,0.467225592
12,Route 12 Broadway,West,39,10627,BUILDING 22 (select trips),0.179137436,0.06194063
12,Route 12 Broadway,West,40,10628,BUILDING 12 (select trips),0.334090458,0.151809628
12,Route 12 Broadway,West,41,10629,BUILDING 8 (select trips),0.687491929,0.330711449
12,Route 12 Broadway,West,42,10630,BUILDING 2 (select trips),0.05724473,0.031878261
12,Route 12 Broadway,West,43,10631,BUILDING 1 (select trips),0.050992708,0.017151967
12,Route 12 Broadway,West,44,10135,WASHINGTON AVE & MAIN SUNY ENTRANCE RD,1.864757357,0.173321303
12,Route 12 Broadway,West,45,7216,SUNY COLLINS CIRCLE,7.843212214,0.533154159
12,Route 12 Broadway,West,46,10626,WALMART - CROSSGATES COMMONS (weekends only),4.002995506,0.192558483
12,Route 12 Broadway,West,47,7175,CROSSGATES MID-MALL,7.942258401,
12,Route 12 Greyhound,East,1,7175,CROSSGATES MID-MALL,7.942258401,
12,Route 12 Greyhound,East,2,10626,WALMART - CROSSGATES COMMONS (weekends only),4.002995506,0.270289835
12,Route 12 Greyhound,East,3,10135,WASHINGTON AVE & MAIN SUNY ENTRANCE RD,1.864757357,0.126759689
12,Route 12 Greyhound,East,4,7216,SUNY COLLINS CIRCLE,7.843212214,0.6765455
12,Route 12 Greyhound,East,5,10134,WASHINGTON AVE & SUNY EXIT RD,0.885060339,0.08933317
12,Route 12 Greyhound,East,6,10627,BUILDING 22 (select trips),0.179137436,0.074693873
12,Route 12 Greyhound,East,7,10628,BUILDING 12 (select trips),0.334090458,0.151809628
12,Route 12 Greyhound,East,8,10629,BUILDING 8 (select trips),0.687491929,0.330711449
12,Route 12 Greyhound,East,9,10630,BUILDING 2 (select trips),0.05724473,0.031878261
12,Route 12 Greyhound,East,10,10631,BUILDING 1 (select trips),0.050992708,0.025588926
12,Route 12 Greyhound,East,11,3348,WASHINGTON AVE & BREVATOR ST (select trips),0.884527273,0.291439533
12,Route 12 Greyhound,East,12,3308,WASHINGTON AVE & ROSEMONT ST,1.099508466,0.293485712
12,Route 12 Greyhound,East,13,3304,WASHINGTON AVE & CLERMONT ST,0.762342436,0.19656795
12,Route 12 Greyhound,East,14,3303,WASHINGTON AVE & EILEEN ST,1.016413251,0.272311893
12,Route 12 Greyhound,East,15,3260,WASHINGTON AVE & EDGEWOOD AVE,0.953777772,0.259386609
12,Route 12 Greyhound,East,16,2182,WASHINGTON AVE & HAWTHORNE ST,0.706859905,0.215260894
12,Route 12 Greyhound,East,17,2181,WASHINGTON AVE & FAIRLAWN AVE,0.623098133,0.200209828
12,Route 12 Greyhound,East,18,2098,WASHINGTON AVE & TERRACE AVE,0.782267469,0.179937372
12,Route 12 Greyhound,East,19,2180,WASHINGTON AVE & HOMESTEAD AVE,1.942077408,0.382178813
12,Route 12 Greyhound,East,20,3259,WASHINGTON AVE & WINTHROP AVE,1.357248711,0.236159387
12,Route 12 Greyhound,East,21,11581,WASHINGTON AVE & MANNING BLVD,1.447846279,0.295694076
12,Route 12 Greyhound,East,22,2205,WASHINGTON AVE & PINE ST,1.091338163,0.172649179
12,Route 12 Greyhound,East,23,1796,WASHINGTON AVE & N ALLEN ST,2.781947035,0.466940916
12,Route 12 Greyhound,East,24,2108,WAHSINGTON AVE & W LAWRENCE ST,1.084528602,0.155965989
12,Route 12 Greyhound,East,25,3257,WASHINGTON AVE & N MAIN AVE,2.087146802,0.268979212
12,Route 12 Greyhound,East,26,2107,WASHINGTON AVE & PARTRIDGE ST,3.587834278,0.397058652
12,Route 12 Greyhound,East,27,3256,WASHINGTON AVE & ONTARIO ST,2.361049899,0.236369983
12,Route 12 Greyhound,East,28,3255,WASHINGTON AVE & QUAIL ST,3.039904884,0.347412407
12,Route 12 Greyhound,East,29,2109,WASHINGTON AVE & N LAKE AVE,2.349178551,0.232934571
12,Route 12 Greyhound,East,30,3253,WASHINGTON AVE & ROBIN ST (DRAPER HALL),3.69605996,0.475467094
12,Route 12 Greyhound,East,31,3254,WASHINGTON AVE & ROBIN ST,0.728296201,0.103806298
12,Route 12 Greyhound,East,32,2096,WASHINGTON AVE & LEXINGTON AVE,1.591559231,0.23902063
12,Route 12 Greyhound,East,33,263,WASHINGTON AVE & HENRY JOHNSON BLVD,3.338813436,0.264841672
12,Route 12 Greyhound,East,34,2663,WASHINGTON AVE & LARK ST,6.676455448,0.491635881
12,Route 12 Greyhound,East,35,1788,WASHINGTON AVE & DOVE ST,2.564812842,0.19590019
12,Route 12 Greyhound,East,36,1789,WASHINGTON AVE & S SWAN ST,2.851178649,0.350534864
12,Route 12 Greyhound,East,37,2706,WASHINGTON AVE & HAWK ST (THE CAPITOL),1.717803291,0.248573923
12,Route 12 Greyhound,East,38,1787,STATE ST & EAGLE ST,1.341651609,0.20274615
12,Route 12 Greyhound,East,39,2509,STATE ST & LODGE ST,2.557941334,0.263361454
12,Route 12 Greyhound,East,40,2589,STATE ST & PEARL ST,4.813071154,0.549761155
12,Route 12 Greyhound,East,41,3937,BROADWAY & HUDSON AVE,0.383827879,0.059760398
12,Route 12 Greyhound,East,42,10502,MADISON AVE & GREEN ST,0.225880827,0.075069759
12,Route 12 Greyhound,East,43,10503,GREYHOUND TERMINAL,1.39923698,
12,Route 12 Greyhound,West,1,10503,GREYHOUND TERMINAL,1.39923698,
12,Route 12 Greyhound,West,2,3248,BROADWAY & SUNY PLAZA,0.558143785,0.066871318
12,Route 12 Greyhound,West,3,3221,N PEARL ST & TEN EYCK PLAZA,5.38915404,0.479710427
12,Route 12 Greyhound,West,4,2665,STATE ST & LODGE ST,4.286883758,0.349535129
12,Route 12 Greyhound,West,5,10087,EAGLE ST & STATE ST (CITY HALL),1.588491284,0.189223379
12,Route 12 Greyhound,West,6,3250,WASHINGTON AVE & HAWK ST,1.519418936,0.210994593
12,Route 12 Greyhound,West,7,3301,WASHINGTON AVE & S SWAN ST,3.093311911,0.364318944
12,Route 12 Greyhound,West,8,3241,WASHINGTON AVE & DOVE ST,2.877939105,0.2045658
12,Route 12 Greyhound,West,9,3239,WASHINGTON AVE & LARK ST (ARMORY),7.097274149,0.477864248
12,Route 12 Greyhound,West,10,3455,CENTRAL AVE & HENRY JOHNSON BLVD,3.876858596,0.243040343
12,Route 12 Greyhound,West,11,2169,WASHINGTON AVE & LEXINGTON AVE,3.9773696,0.360633254
12,Route 12 Greyhound,West,12,1843,WASHINGTON AVE & ROBIN ST,2.174620533,0.226395293
12,Route 12 Greyhound,West,13,1837,WASHINGTON AVE & N LAKE AVE,2.453423937,0.275609957
12,Route 12 Greyhound,West,14,1842,WAHSINGTON AVE & QUAIL ST,3.273752703,0.354595046
12,Route 12 Greyhound,West,15,1841,WASHINGTON AVE & ONTARIO ST,2.505193477,0.247405668
12,Route 12 Greyhound,West,16,1839,WASHINGTON AVE & PARTRIDGE ST,3.346907039,0.382015523
12,Route 12 Greyhound,West,17,3264,WASHINGTON AVE & N MAIN AVE,1.909080225,0.261430143
12,Route 12 Greyhound,West,18,3263,WASHINGTON AVE & W LAWRENCE ST,1.046461489,0.148407237
12,Route 12 Greyhound,West,19,3287,WASHINGTON AVE & N ALLEN ST,3.095741683,0.512705113
12,Route 12 Greyhound,West,20,1997,WASHINGTON AVE & PINE ST,0.895851857,0.1415675
12,Route 12 Greyhound,West,21,1846,WASHINGTON AVE & MANNING BLVD,1.336496293,0.272671077
12,Route 12 Greyhound,West,22,1847,WASHINGTON AVE & WINTHROP AVE,1.669148207,0.313263494
12,Route 12 Greyhound,West,23,1849,WASHINGTON AVE & HOMESTEAD AVE,1.322611865,0.27463633
12,Route 12 Greyhound,West,24,1850,WASHINGTON AVE & VER PLANCK ST,0.824106292,0.220324557
12,Route 12 Greyhound,West,25,1851,WASHINGTON AVE & VAN BUREN ST,0.593701439,0.191936463
12,Route 12 Greyhound,West,26,3399,WASHINGTON AVE & DANKER AVE,0.67541087,0.255987065
12,Route 12 Greyhound,West,27,1874,WASHINGTON AVE & CROSSWELL AVE,0.369344717,0.138975186
12,Route 12 Greyhound,West,28,1840,WASHINGTON AVE & BUELL ST,0.612875083,0.201740181
12,Route 12 Greyhound,West,29,1959,WASHINGTON AVE & COLVIN AVE,1.055722764,0.293780739
12,Route 12 Greyhound,West,30,1852,WASHINGTON AVE & ROSEMONT ST,0.924975943,0.256132821
12,Route 12 Greyhound,West,31,976,WASHINGTON AVE & BREVATOR ST,0.630614901,0.238852359
12,Route 12 Greyhound,West,32,1853,WASHINGTON AVE & VICTOR ST,0.084596192,0.040123915
12,Route 12 Greyhound,West,33,979,WASHINGTON AVE & JERMAIN ST,0.393162253,0.137632291
12,Route 12 Greyhound,West,34,3262,WASHINGTON AVE & FAIRFIELD INN,1.378854994,0.467225592
12,Route 12 Greyhound,West,35,10627,BUILDING 22 (select trips),0.179137436,0.06194063
12,Route 12 Greyhound,West,36,10628,BUILDING 12 (select trips),0.334090458,0.151809628
12,Route 12 Greyhound,West,37,10629,BUILDING 8 (select trips),0.687491929,0.330711449
12,Route 12 Greyhound,West,38,10630,BUILDING 2 (select trips),0.05724473,0.031878261
12,Route 12 Greyhound,West,39,10631,BUILDING 1 (select trips),0.050992708,0.017151967
12,Route 12 Greyhound,West,40,10135,WASHINGTON AVE & MAIN SUNY ENTRANCE RD,1.864757357,0.173321303
12,Route 12 Greyhound,West,41,7216,SUNY COLLINS CIRCLE,7.843212214,0.533154159
12,Route 12 Greyhound,West,42,10626,WALMART - CROSSGATES COMMONS,4.002995506,0.192558483
12,Route 12 Greyhound,West,43,7175,CROSSGATES MID-MALL,7.942258401,
63,Route 63,East,1,10620,1450 WESTERN AVE,1.447241618,
63,Route 63,East,2,2016,WESTERN AVE & MCKOWN RD,0.711858245,0.211122467
63,Route 63,East,3,2018,WESTERN AVE & WESTLYN CT,0.212678881,0.090024788
63,Route 63,East,4,2017,WESTERN AVE & BROOKWOOD AVE,0.437910872,0.210749773
63,Route 63,East,5,2015,WESTERN AVE & ARCADIA AVE,0.427281391,0.146307822
63,Route 63,East,6,10617,WESTERN AVE & HILLCREST ST,1.05523527,0.241883193
63,Route 63,East,7,231,WESTERN AVE & TRYON PL,1.880065368,0.346733424
63,Route 63,East,8,233,WESTERN AVE & GLYNN ST,1.486920698,0.203159702
63,Route 63,East,9,232,WESTERN AVE & HOMESTEAD ST,2.951988545,0.441400086
63,Route 63,East,10,234,WESTERN AVE & MAGAZINE ST,1.248875004,0.200601606
63,Route 63,East,11,235,WESTERN AVE & LOCUST ST,1.024784522,0.285442886
63,Route 63,East,12,11623,WESTERN AVE & RUSSELL RD,0.316496581,0.116365713
63,Route 63,East,13,228,WESTERN AVE & BEACON AVE,0.378562847,0.149305936
63,Route 63,East,14,10612,WESTERN AVE & HILLCREST AVE,0.84042481,0.232485796
63,Route 63,East,15,251,WESTERN AVE & PINEHURST AVE,1.395963561,0.343671453
63,Route 63,East,16,239,WESTERN AVE & ORLANDO AVE,0.825524684,0.213838101
63,Route 63,East,17,240,WESTERN AVE & DAYTONA AVE,0.639024359,0.215260828
63,Route 63,East,18,241,WESTERN AVE & SEMINOLE AVE,0.504055902,0.159579258
63,Route 63,East,19,242,WESTERN AVE & TAMPA AVE / ORMOND ST,1.015575251,0.297534324
63,Route 63,East,20,243,WESTERN AVE & ORMOND ST / DAVIS AVE,0.893673356,0.273339532
63,Route 63,East,21,244,WESTERN AVE & MILNER AVE,0.360213912,0.120159982
63,Route 63,East,22,245,WESTERN AVE & COLONIAL AVE,0.743898723,0.288272446
63,Route 63,East,23,238,WESTERN AVE & HOLMES DALE AVE,0.476427865,0.162116778
63,Route 63,East,24,296,WESTERN AVE & FAIRLAWN AVE,0.718467716,0.261263891
63,Route 63,East,25,297,WESTERN AVE & EUCLID AVE,0.555073854,0.181683421
63,Route 63,East,26,247,WESTERN AVE & BROOKLINE AVE,0.78162907,0.273391262
63,Route 63,East,27,248,WESTERN AVE & MARION AVE,0.522309707,0.147104137
63,Route 63,East,28,249,WESTERN AVE & S MANNING BLVD,1.246673183,0.438367779
63,Route 63,East,29,250,WESTERN AVE & S PINE AVE,0.074914957,0.027731192
63,Route 63,East,30,337,S ALLEN ST & MADISON AVE,0.37988094,0.171543355
63,Route 63,East,31,338,MADISON AVE & W LAWRENCE ST,0.759693497,0.247072247
63,Route 63,East,32,339,MADSION AVE & S MAIN AVE,0.935208367,0.277802586
63,Route 63,East,33,340,MADISON AVE & SAINT ROSE COLLEGE,0.671547607,0.249637663
63,Route 63,East,34,341,MADISON AVE & PARTRIDGE ST,0.083333333,0.037517132
63,Route 63,East,35,342,MADSION AVE & ONTARIO ST,0.466326495,0.218126266
63,Route 63,East,36,343,MADSION AVE & QUAIL ST,0.588214273,0.203684182
63,Route 63,East,37,344,MADISON AVE & QUAIL ST/ S LAKE ST,0.833333333,0.312915094
63,Route 63,East,38,345,MADISON AVE & S LAKE ST,0.241581624,0.112372436
63,Route 63,East,39,346,MADISON AVE & S LAKE / ROBIN ST,0.074914957,0.052475871
63,Route 63,East,40,347,MADSION AVE & ROBIN ST,0.111111111,0.087533216
63,Route 63,East,41,348,MADISON AVE & NEW SCOTLAND AVE,0.083333333,0.056929303
63,Route 63,East,42,349,MADSION AVE & KNOX ST,0.269359402,0.184013318
63,Route 63,East,43,350,MADSION AVE & WILLETT ST,0.111111111,0.058065576
63,Route 63,East,44,351,LARK ST & MADISON AVE,0.533074818,0.324218088
63,Route 63,East,45,546,LARK ST & HUDSON AVE,0,0
63,Route 63,East,46,3246,LARK ST & LANCASTER ST,0,0
63,Route 63,East,47,2207,LARK ST & STATE ST,0.133333333,0.078647616
63,Route 63,East,48,353,LARK ST & WASHINGTON AVE (KEY BANK),0.561992482,0.131918824
63,Route 63,East,49,1788,WASHTINGTON AVE & DOVE ST,2.564812842,0.367557858
63,Route 63,East,50,1789,WASHINGTON AVE & S SWAN ST,2.851178649,0.350534864
63,Route 63,East,51,2706,WASHINGTON AVE & HAWK ST (THE CAPITO,1.717803291,0.248573923
63,Route 63,East,52,1787,STATE ST & EAGLE ST,1.341651609,0.20274615
63,Route 63,East,53,2509,STATE ST & LODGE ST,2.557941334,0.263361454
63,Route 63,East,54,2589,STATE ST & PEARL ST,4.813071154,0.549761155
63,Route 63,East,55,3937,BROADWAY & HUDSON AVE,0.383827879,
63,Route 63,West,1,3248,BROADWAY & SUNY PLAZA,0.558143785,
63,Route 63,West,2,2664,STATE ST & JAMES ST,1.283607554,0.18006358
63,Route 63,West,3,2665,STATE ST & LODGE ST,4.286883758,0.525418912
63,Route 63,West,4,10087,EAGLE ST & STATE ST (CITY HALL),1.588491284,0.189223379
63,Route 63,West,5,3250,WASHINGTON AVE & HAWK ST,1.519418936,0.210994593
63,Route 63,West,6,3301,WASHINGTON AVE & S SWAN ST,3.093311911,0.364318944
63,Route 63,West,7,3241,WASHTINGTON AVE & DOVE ST,2.877939105,0.361493821
63,Route 63,West,8,3219,LARK ST & WASHINGTON AVE,0.989989077,0.200287375
63,Route 63,West,9,10121,LARK ST & STATE ST,0.074914957,0.034413459
63,Route 63,West,10,564,LARK ST & LANCASTER ST,0.112004619,0.084532377
63,Route 63,West,11,561,LARK ST & HUDSON AVE,0.138071187,0.046640442
63,Route 63,West,12,589,LARK ST & MADISON AVE,1.710256094,0.5192562
63,Route 63,West,13,264,MADSION AVE & WILLETT ST,0.445337952,0.125908941
63,Route 63,West,14,265,MADISON AVE & NEW SCOTLAND AVE,0.381390299,0.184180218
63,Route 63,West,15,270,MADISON AVE & ROBIN ST,0.244016936,0.124578487
63,Route 63,West,16,266,MADISON AVE &  ROBIN ST / S LAKE ST,0.333333333,0.192721061
63,Route 63,West,17,267,MADSION AVE & S LAKE AVE,0.152265226,0.082461489
63,Route 63,West,18,268,MADISON AVE & S LAKE ST / QUAIL ST,0.360902495,0.183183354
63,Route 63,West,19,269,MADISON AVE & QUAIL ST,0.45700308,0.221639309
63,Route 63,West,20,3284,MADISON AVE & ONTARIO ST,0.244016936,0.129858862
63,Route 63,West,21,272,MADISON AVE & PARTRIDGE ST,0.178073429,0.085360419
63,Route 63,West,22,274,MADISON AVE & SAINT ROSE COLLEGE,0.664045469,0.318685657
63,Route 63,West,23,3333,MADISON AVE & N MAIN ST & MADISON AVE,0.241581624,0.121977528
63,Route 63,West,24,275,MADISON AVE & W LAWRENCE ST,0.074914957,0.027641852
63,Route 63,West,25,276,MADISON AVE & S ALLEN ST,1.393703764,0.386313898
63,Route 63,West,26,277,WESTERN AVE & N PINE AVE,1.139078987,0.246870402
63,Route 63,West,27,278,WESTERN AVE & MANNING BLVD,1.081294018,0.256489559
63,Route 63,West,28,279,WESTERN AVE & WINTHROP AVE,0.995369817,0.240854032
63,Route 63,West,29,335,WESTERN AVE & HOMESTEAD AVE,1.056004432,0.304327782
63,Route 63,West,30,298,WESTERN AVE & TERRACE AVE,0.418583127,0.132404409
63,Route 63,West,31,288,WESTERN AVE & FAIRLAWN AVE,0.686811133,0.270320546
63,Route 63,West,32,281,WESTERN AVE & BELVEDERE AVE,0.435334309,0.150523115
63,Route 63,West,33,289,WESTERN AVE & EILEEN ST,0.769997124,0.291114311
63,Route 63,West,34,290,WESTERN AVE & CLERMONT ST,0.439667783,0.147031891
63,Route 63,West,35,291,WESTERN AVE & ROSEMONT ST,0.78062367,0.19998129
63,Route 63,West,36,865,WESTERN AVE & BREVATOR ST,1.683192069,0.420131834
63,Route 63,West,37,867,WESTERN AVE & SEMINOLE AVE,0.542526872,0.129997771
63,Route 63,West,38,10221,WESTERN AVE & DAYTONA AVE,0.947636232,0.217529303
63,Route 63,West,39,866,WESTERN AVE & CAMPUS ACCESS RD,1.866198173,0.340121388
63,Route 63,West,40,870,WESTERN AVE & RUSSELL RD,1.673024812,0.345372355
63,Route 63,West,41,872,WESTERN AVE & CAMBRIDGE RD,0.304896092,0.093967209
63,Route 63,West,42,871,WESTERN AVE & CLAREDON RD,0.266786437,0.104689025
63,Route 63,West,43,873,WESTERN AVE & TUDOR RD,0.976688112,0.214624045
63,Route 63,West,44,413,WESTERN AVE & UNIVERSITY PL,2.307218316,0.332490853
63,Route 63,West,45,874,WESTERN AVE & HOMESTEAD ST,2.655286921,0.362325077
63,Route 63,West,46,10217,WESTERN AVE & GLYNN ST,1.365960526,0.217244903
63,Route 63,West,47,10616,WESTERN AVE & BEST WESTERN,1.266405381,0.31597295
63,Route 63,West,48,304,WESTERN AVE & ARCADIA AVE,0.375589146,0.128035201
63,Route 63,West,49,305,WESTERN AVE & KNOWLES TERR,0.291488935,0.148616472
63,Route 63,West,50,306,WESTERN AVE & WAVERLY PL,0.294272044,0.131698587
63,Route 63,West,51,10193,WESTERN AVE & NORWOOD ST,0.648674863,0.256695917
63,Route 63,West,52,309,WESTERN AVE & GLENWOOD ST,0.584069774,0.199639557
63,Route 63,West,53,308,WESTERN AVE & PARKWOOD ST,0.692876834,0.221482307
63,Route 63,West,54,310,WESTERN AVE & ELMWOOD ST,0.851415392,
90,Albany - Troy,East,1,7175,CROSSGATES MID-MALL,7.942258401,
90,Albany - Troy,East,2,7216,SUNY COLLINS CIRCLE,7.843212214,0.46442172
90,Albany - Troy,East,3,34,FULLER RD & RAILROAD AVE,0.102654733,0.011353907
90,Albany - Troy,East,4,39,FULLER RD & WAREHOUSE ROW,0.095490729,0.062089063
90,Albany - Troy,East,5,10266,CENTRAL AVE  & HACKET AVE (CEMETERY),0.339818293,0.087458382
90,Albany - Troy,East,6,165,CENTRAL AVE  & COLONIE CENTER,2.450176673,0.322273592
90,Albany - Troy,East,7,31,WOLF RD & COLONIE CENTER,3.812789549,0.487878513
90,Albany - Troy,East,8,10506,AT&T BUILDING & WOLF RD,0.552072666,0.09286565
90,Albany - Troy,East,9,10507,105 WOLF RD,0.579991082,0.209397018
90,Albany - Troy,East,10,10508,WOLF RD & WOLF PLAZA,0.637751638,0.225668449
90,Albany - Troy,East,11,10509,WOLF RD & BELTRONE DR,0.608313118,0.230941477
90,Albany - Troy,East,12,10510,WOLF RD & MARCUS BLVD,0.387992699,0.155432996
90,Albany - Troy,East,13,10511,WOLF RD & ULENSKI DR,0.499899684,0.113342804
90,Albany - Troy,East,14,11116,RTS 2 & 9 & LATHAM FARMS MALL,2.522618622,0.504492122
90,Albany - Troy,East,15,7167,HERBERT DR & LATHAM CIRCLE MALL,0.977794907,0.147429271
90,Albany - Troy,East,16,11053,KLEINS SPORTS STORE & LATHAM CIRCLE MALL,2.131884797,0.451124325
90,Albany - Troy,East,17,2913,RT 2 & OLD LOUDON RD,0.616034872,0.160354362
90,Albany - Troy,East,18,2912,RT 2 & LINDGERGH DR,0.093789809,0.052524308
90,Albany - Troy,East,19,2911,RT 2 & SCHUYLER AVE,0.075821111,0.045393719
90,Albany - Troy,East,20,2910,RT 2 & PARK AVE,0.500688704,0.29282114
90,Albany - Troy,East,21,2909,RT 2 & ARAGON AVE,0.133369137,0.069865187
90,Albany - Troy,East,22,2908,RT 2 & CARPET MASTER,0.274892004,0.176608751
90,Albany - Troy,East,23,2907,RT 2 & MONROE AVE,0.14824159,0.100575676
90,Albany - Troy,East,24,8036,RT 2 & ARCADIA AVE,0.050797247,0.041624516
90,Albany - Troy,East,25,2906,RT 2 & TAFT AVE,0.021329647,0.017882636
90,Albany - Troy,East,26,2905,RT 2 & YOUNGS PL,0.120630555,0.09685938
90,Albany - Troy,East,27,2904,RT 2 & K-MART,0.10345924,0.055295804
90,Albany - Troy,East,28,2903,RT 2 & DELATOUR RD,0.646924511,0.333599288
90,Albany - Troy,East,29,11117,RT 2 & CEMETERY,0.188842546,0.093632779
90,Albany - Troy,East,30,2902,RT 2 & WESTERN AVE,0.181075214,0.109285973
90,Albany - Troy,East,31,11118,19TH ST HIGHLAND CLUB APTS,0.286975699,0.174149411
90,Albany - Troy,East,32,7194,19TH ST & FENIMORE APTS,0.179819714,0.105186517
90,Albany - Troy,East,33,2899,19TH ST & WISWALL AVE,0.242736563,0.140005083
90,Albany - Troy,East,34,2898,19TH ST & 12TH AVE,0.311213362,0.166689753
90,Albany - Troy,East,35,3804,19TH ST & 10TH AVE,0.313071626,0.158670362
90,Albany - Troy,East,36,3800,19TH ST & 9TH AVE,0.34880956,0.181142414
90,Albany - Troy,East,37,8033,19TH ST & 8TH AVE,0.263728355,0.131771438
90,Albany - Troy,East,38,3799,19TH ST & 7TH AVE,0.388869659,0.19094357
90,Albany - Troy,East,39,2897,19TH ST & 6TH AVE,0.383970486,0.176695206
90,Albany - Troy,East,40,3798,19TH ST & 4TH AVE,0.400226656,0.169217013
90,Albany - Troy,East,41,2931,19TH ST & 3RD AVE,0.580970803,0.178755177
90,Albany - Troy,East,42,2896,19TH ST & 2ND AVE,1.268894725,0.300341942
90,Albany - Troy,East,43,4493,FERRY ST & 4TH ST,1.374968059,0.317922425
90,Albany - Troy,East,44,7125,4TH ST & CONGRESS ST,0.680991173,0.183984611
90,Albany - Troy,East,45,7131,4TH ST & STATE ST,0.645389318,0.196988672
90,Albany - Troy,East,46,7124,4TH ST & BROADWAY,0.949895812,0.190627536
90,Albany - Troy,East,47,7130,4TH ST & FULTON ST,2.387708581,0.490765519
90,Albany - Troy,East,48,10953,5TH AVE & FEDERAL ST,0.52766932,0.122539002
90,Albany - Troy,East,49,11119,6TH AVE & FEDERAL ST,0.390755749,0.147917593
90,Albany - Troy,East,50,11637,SAGE ST & 15TH ST,0.723287398,0.250538736
90,Albany - Troy,East,51,10968,15TH ST & PEOPLES AVE,0.772885275,0.258905159
90,Albany - Troy,East,52,10969,PEOPLES AVE & BURDETT AVE,0.489033486,0.146175411
90,Albany - Troy,East,53,12011,RPI FIELD HOUSE,1.083606189,
90,Albany - Troy,West,1,12011,RPI FIELD HOUSE,1.083606189,
90,Albany - Troy,West,2,10971,PEOPLES AVE & 15TH ST,0.886470726,0.224002697
90,Albany - Troy,West,3,7266,15TH ST & SAGE AVE,0.987334035,0.314099881
90,Albany - Troy,West,4,10080,FEDERAL ST & 6TH AVE,0.269571259,0.073066664
90,Albany - Troy,West,5,4358,FEDERAL ST & 5TH AVE,1.432482505,0.310600249
90,Albany - Troy,West,6,7118,RIVER ST & FRONT ST,1.909927427,0.324951808
90,Albany - Troy,West,7,7116,3RD ST & CONGRESS ST,1.53516139,0.304442339
90,Albany - Troy,West,8,7161,CONGRESS ST & 2ND ST,0.597446964,0.130834372
90,Albany - Troy,West,9,11112,19TH ST & 3RD AVE,1.43382899,0.423906417
90,Albany - Troy,West,10,3768,19TH ST & 4TH AVE,0.351142741,0.108125757
90,Albany - Troy,West,11,3767,19TH ST & 6TH AVE,0.462568445,0.238021518
90,Albany - Troy,West,12,3766,19TH ST & 7TH AVE,0.129678007,0.072029333
90,Albany - Troy,West,13,3765,19TH ST & 8TH AVE,0.208103504,0.125625032
90,Albany - Troy,West,14,3764,19TH ST & 9TH AVE,0.318763379,0.196701887
90,Albany - Troy,West,15,3763,19TH ST & 10TH AVE,0.093673637,0.055981923
90,Albany - Troy,West,16,3762,19TH ST & 12TH AVE,0.260846638,0.176844364
90,Albany - Troy,West,17,3761,19TH ST & GROTTO CT19TH ST & FENIMORE APTS,0.120486517,0.080367716
90,Albany - Troy,West,18,11113,19TH ST FENIMORE APTS,0.117857344,0.076307119
90,Albany - Troy,West,19,11114,19TH ST HIGHLAND CLUB APTS,0.306169235,0.193402448
90,Albany - Troy,West,20,3758,RT 2 & WESTERN AVE,0.159041463,0.096951411
90,Albany - Troy,West,21,3757,RT 2 & U FIRST UNIFORM CO,0.175213724,0.098502914
90,Albany - Troy,West,22,3756,RT 2 & DELATOUR RD,0.444511732,0.22004515
90,Albany - Troy,West,23,3755,RT 2 & K-MART,0.400367842,0.19533699
90,Albany - Troy,West,24,3754,RT 2 & SWATLING RD,0.204746782,0.127558979
90,Albany - Troy,West,25,3753,RT 2 & PIERSON AVE,0,0
90,Albany - Troy,West,26,3752,RT 2 & GOODRICH AVE,0.036085857,0.034129034
90,Albany - Troy,West,27,3751,RT 2 & GROVE AVE / VISTA AVE,0.021250167,0.019291604
90,Albany - Troy,West,28,2921,RT 2 & SYLVAN AVE,0.044188094,0.041474101
90,Albany - Troy,West,29,2920,RT 2 & GLENWOOD DR,0,0
90,Albany - Troy,West,30,2919,RT 2 & CARPET MASTER,0.139118981,0.093747622
90,Albany - Troy,West,31,2918,RT 2 & LATHAM VILLAGE LN,0.344854456,0.232385869
90,Albany - Troy,West,32,2917,RT 2 & 1ST AVE,0,0
90,Albany - Troy,West,33,2916,RT 2 & SCULLY AVE,0.067735515,0.056119417
90,Albany - Troy,West,34,2915,RT 2 & RUHTZ AVE,0.139253413,0.087610911
90,Albany - Troy,West,35,2914,RT 2 & OLD LOUDON RD,0.382463927,0.153015424
90,Albany - Troy,West,36,7167,HERBERT DR & LATHAM CIRCLE MALL,0.977794907,0.217667775
90,Albany - Troy,West,37,11053,KLEINS SPORTS STORE & LATHAM CIRCLE MALL,2.131884797,0.332549242
90,Albany - Troy,West,38,7168,RTS 2 & 9 & LATHAM FARMS MALL,2.301054484,0.386760904
90,Albany - Troy,West,39,10516,WOLF RD & ULENSKI DR,0.516613679,0.121265692
90,Albany - Troy,West,40,10517,WOLD RD & ALBANY AIRPORT INN / BEST WESTERN,0.442511879,0.18877042
90,Albany - Troy,West,41,10518,WOLF RD & HESS EXPRESS / PIER 1 IMPORTS,0.385054638,0.182354264
90,Albany - Troy,West,42,10519,WOLF RD & LAZARE LINCOLN / MERCURY DEALER,0.284008119,0.151261569
90,Albany - Troy,West,43,10520,WOLF RD & COMPUTER DR,0.208533261,0.108633218
90,Albany - Troy,West,44,10521,WOLF RD & HANNAFORD PLAZA,0.427067234,0.211053172
90,Albany - Troy,West,45,10522,80 WOLF RD,0.387904907,0.174968644
90,Albany - Troy,West,46,10523,50 WOLF RD,0.402024566,0.105571436
90,Albany - Troy,West,47,32,WOLF RD & BED BATH AND BEYOND,2.018151385,0.384556463
90,Albany - Troy,West,48,10514,CENTRAL AVE & NORTHWAY MALL,1.827821628,0.339002399
90,Albany - Troy,West,49,3409,CENTRAL AVE  & NOLAN RD (OAK EXPRESS),0.545793045,0.152210713
90,Albany - Troy,West,50,37,FULLER RD & WAREHOUSE ROW,0.212158198,0.113846825
90,Albany - Troy,West,51,38,FULLER RD & RAILROAD AVE,0.105589516,0.033178114
90,Albany - Troy,West,52,10135,WASHINGTON AVE & MAIN SUNY ENTRANCE RD,1.864757357,0.172446217
90,Albany - Troy,West,53,7216,SUNY COLLINS CIRCLE,7.843212214,0.420542431
90,Albany - Troy,West,54,7175,CROSSGATES MID-MALL,7.942258401,
