12,Greyhound_west,1,10503,GREYHOUND TERMINAL,3248,BROADWAY & SUNY PLAZA,0.2 mi,0.21 km
12,Greyhound_west,2,3248,BROADWAY & SUNY PLAZA,3221,N PEARL ST & TEN EYCK PLAZA,0.2 mi,0.34 km
12,Greyhound_west,3,3221,N PEARL ST & TEN EYCK PLAZA,2665,STATE ST & LODGE ST,0.1 mi,0.1 km
12,Greyhound_west,4,2665,STATE ST & LODGE ST,10087,EAGLE ST & STATE ST (CITY HALL),0.1 mi,0.17 km
12,Greyhound_west,5,10087,EAGLE ST & STATE ST (CITY HALL),3250,WASHINGTON AVE & HAWK ST,0.1 mi,0.21 km
12,Greyhound_west,6,3250,WASHINGTON AVE & HAWK ST,3301,WASHINGTON AVE & S SWAN ST,0.1 mi,0.24 km
12,Greyhound_west,7,3301,WASHINGTON AVE & S SWAN ST,3241,WASHINGTON AVE & DOVE ST,0.2 mi,0.23 km
12,Greyhound_west,8,3241,WASHINGTON AVE & DOVE ST,3239,WASHINGTON AVE & LARK ST (ARMORY),0.1 mi,0.17 km
12,Greyhound_west,9,3239,WASHINGTON AVE & LARK ST (ARMORY),3455,CENTRAL AVE & HENRY JOHNSON BLVD,0.2 mi,0.35 km
12,Greyhound_west,10,3455,CENTRAL AVE & HENRY JOHNSON BLVD,2169,WASHINGTON AVE & LEXINGTON AVE,0.2 mi,0.25 km
12,Greyhound_west,11,2169,WASHINGTON AVE & LEXINGTON AVE,1843,WASHINGTON AVE & ROBIN ST,0.2 mi,0.25 km
12,Greyhound_west,12,1843,WASHINGTON AVE & ROBIN ST,1837,WASHINGTON AVE & N LAKE AVE,0.1 mi,0.22 km
12,Greyhound_west,13,1837,WASHINGTON AVE & N LAKE AVE,1842,WAHSINGTON AVE & QUAIL ST,0.2 mi,0.25 km
12,Greyhound_west,14,1842,WAHSINGTON AVE & QUAIL ST,1841,WASHINGTON AVE & ONTARIO ST,0.1 mi,0.22 km
12,Greyhound_west,15,1841,WASHINGTON AVE & ONTARIO ST,1839,WASHINGTON AVE & PARTRIDGE ST,0.1 mi,0.24 km
12,Greyhound_west,16,1839,WASHINGTON AVE & PARTRIDGE ST,3264,WASHINGTON AVE & N MAIN AVE,0.3 mi,0.48 km
12,Greyhound_west,17,3264,WASHINGTON AVE & N MAIN AVE,3263,WASHINGTON AVE & W LAWRENCE ST,0.1 mi,0.2 km
12,Greyhound_west,18,3263,WASHINGTON AVE & W LAWRENCE ST,3287,WASHINGTON AVE & N ALLEN ST,430 ft,0.13 km
12,Greyhound_west,19,3287,WASHINGTON AVE & N ALLEN ST,1997,WASHINGTON AVE & PINE ST,0.1 mi,0.17 km
12,Greyhound_west,20,1997,WASHINGTON AVE & PINE ST,1846,WASHINGTON AVE & MANNING BLVD,0.1 mi,0.18 km
12,Greyhound_west,21,1846,WASHINGTON AVE & MANNING BLVD,1847,WASHINGTON AVE & WINTHROP AVE,0.1 mi,0.16 km
12,Greyhound_west,22,1847,WASHINGTON AVE & WINTHROP AVE,1849,WASHINGTON AVE & HOMESTEAD AVE,226 ft,0.06 km
12,Greyhound_west,23,1849,WASHINGTON AVE & HOMESTEAD AVE,1850,WASHINGTON AVE & VER PLANCK ST,325 ft,0.1 km
12,Greyhound_west,24,1850,WASHINGTON AVE & VER PLANCK ST,1851,WASHINGTON AVE & VAN BUREN ST,262 ft,0.08 km
12,Greyhound_west,25,1851,WASHINGTON AVE & VAN BUREN ST,3399,WASHINGTON AVE & DANKER AVE,217 ft,0.07 km
12,Greyhound_west,26,3399,WASHINGTON AVE & DANKER AVE,1874,WASHINGTON AVE & CROSSWELL AVE,354 ft,0.11 km
12,Greyhound_west,27,1874,WASHINGTON AVE & CROSSWELL AVE,1840,WASHINGTON AVE & BUELL ST,295 ft,0.08 km
12,Greyhound_west,28,1840,WASHINGTON AVE & BUELL ST,1959,WASHINGTON AVE & COLVIN AVE,184 ft,0.06 km
12,Greyhound_west,29,1959,WASHINGTON AVE & COLVIN AVE,1852,WASHINGTON AVE & ROSEMONT ST,0.1 mi,0.16 km
12,Greyhound_west,30,1852,WASHINGTON AVE & ROSEMONT ST,976,WASHINGTON AVE & BREVATOR ST,331 ft,0.09 km
12,Greyhound_west,31,976,WASHINGTON AVE & BREVATOR ST,1853,WASHINGTON AVE & VICTOR ST,361 ft,0.11 km
12,Greyhound_west,32,1853,WASHINGTON AVE & VICTOR ST,979,WASHINGTON AVE & JERMAIN ST,305 ft,0.09 km
12,Greyhound_west,33,979,WASHINGTON AVE & JERMAIN ST,3262,WASHINGTON AVE & FAIRFIELD INN,0.8 mi,1.35 km
12,Greyhound_west,34,3262,WASHINGTON AVE & FAIRFIELD INN,10627,BUILDING 22 (select trips),0.8 mi,0.93 km
12,Greyhound_west,35,10627,BUILDING 22 (select trips),10628,BUILDING 12 (select trips),1 ft,0 km
12,Greyhound_west,36,10628,BUILDING 12 (select trips),10629,BUILDING 8 (select trips),1 ft,0 km
12,Greyhound_west,37,10629,BUILDING 8 (select trips),10630,BUILDING 2 (select trips),1 ft,0 km
12,Greyhound_west,38,10630,BUILDING 2 (select trips),10631,BUILDING 1 (select trips),1 ft,0 km
12,Greyhound_west,39,10631,BUILDING 1 (select trips),10135,WASHINGTON AVE & MAIN SUNY ENTRANCE RD,1.2 mi,1.48 km
12,Greyhound_west,40,10135,WASHINGTON AVE & MAIN SUNY ENTRANCE RD,7216,SUNY COLLINS CIRCLE,0.2 mi,0.25 km
12,Greyhound_west,41,7216,SUNY COLLINS CIRCLE,10626,WALMART - CROSSGATES COMMONS,2.3 mi,2.22 km
12,Greyhound_west,42,10626,WALMART - CROSSGATES COMMONS,7175,CROSSGATES MID-MALL,1.2 mi,0.71 km