11,western_west,1,3253,WASHINGTON AVE & ROBIN ST (DRAPER HALL),3313,ROBIN ST & WESTERN AVE,0.1 mi,0.16 km
11,western_west,2,3313,ROBIN ST & WESTERN AVE,10610,BACKSIDE OF DRAPER ON WESTERN AVE,213 ft,0.06 km
11,western_west,3,10610,BACKSIDE OF DRAPER ON WESTERN AVE,285,WESTERN AVE & THURLOW TERR,305 ft,0.09 km
11,western_west,4,285,WESTERN AVE & THURLOW TERR,286,WESTERN AVE & N LAKE AVE,0.1 mi,0.19 km
11,western_west,5,286,WESTERN AVE & N LAKE AVE,283,WESTERN AVE & QUAIL ST,0.1 mi,0.23 km
11,western_west,6,283,WESTERN AVE & QUAIL ST,883,WESTERN AVE & ONTARIO ST,0.2 mi,0.26 km
11,western_west,7,883,WESTERN AVE & ONTARIO ST,884,WESTERN AVE & PARTRIDGE ST,0.1 mi,0.23 km
11,western_west,8,884,WESTERN AVE & PARTRIDGE ST,887,WESTERN AVE & N MAIN AVE,0.3 mi,0.51 km
11,western_west,9,887,WESTERN AVE & N MAIN AVE,2112,WESTERN AVE & W LAWRENCE ST,0.1 mi,0.17 km
11,western_west,10,2112,WESTERN AVE & W LAWRENCE ST,889,WESTERN AVE & ALLEN ST,0.1 mi,0.16 km
11,western_west,11,889,WESTERN AVE & ALLEN ST,277,WESTERN AVE & N PINE AVE,0.1 mi,0.16 km
11,western_west,12,277,WESTERN AVE & N PINE AVE,278,WESTERN AVE & MANNING BLVD,449 ft,0.14 km
11,western_west,13,278,WESTERN AVE & MANNING BLVD,279,WESTERN AVE & WINTHROP AVE,0.1 mi,0.23 km
11,western_west,14,279,WESTERN AVE & WINTHROP AVE,335,WESTERN AVE & HOMESTEAD AVE,348 ft,0.1 km
11,western_west,15,335,WESTERN AVE & HOMESTEAD AVE,298,WESTERN AVE & TERRACE AVE,358 ft,0.11 km
11,western_west,16,298,WESTERN AVE & TERRACE AVE,288,WESTERN AVE & FAIRLAWN AVE,312 ft,0.09 km
11,western_west,17,288,WESTERN AVE & FAIRLAWN AVE,281,WESTERN AVE & BELVEDERE AVE,167 ft,0.04 km
11,western_west,18,281,WESTERN AVE & BELVEDERE AVE,289,WESTERN AVE & EILEEN ST,0.1 mi,0.19 km
11,western_west,19,289,WESTERN AVE & EILEEN ST,290,WESTERN AVE & CLERMONT ST,443 ft,0.12 km
11,western_west,20,290,WESTERN AVE & CLERMONT ST,291,WESTERN AVE & ROSEMONT ST,322 ft,0.07 km
11,western_west,21,291,WESTERN AVE & ROSEMONT ST,865,WESTERN AVE & BREVATOR ST,358 ft,0.11 km
11,western_west,22,865,WESTERN AVE & BREVATOR ST,867,WESTERN AVE & SEMINOLE AVE,0.1 mi,0.17 km
11,western_west,23,867,WESTERN AVE & SEMINOLE AVE,10221,WESTERN AVE & DAYTONA AVE,407 ft,0.13 km
11,western_west,24,10221,WESTERN AVE & DAYTONA AVE,866,WESTERN AVE & CAMPUS ACCESS RD,0.1 mi,0.2 km
11,western_west,25,866,WESTERN AVE & CAMPUS ACCESS RD,870,WESTERN AVE & RUSSELL RD,0.2 mi,0.34 km
11,western_west,26,870,WESTERN AVE & RUSSELL RD,872,WESTERN AVE & CAMBRIDGE RD,436 ft,0.12 km
11,western_west,27,872,WESTERN AVE & CAMBRIDGE RD,871,WESTERN AVE & CLAREDON RD,466 ft,0.11 km
11,western_west,28,871,WESTERN AVE & CLAREDON RD,873,WESTERN AVE & TUDOR RD,361 ft,0.11 km
11,western_west,29,873,WESTERN AVE & TUDOR RD,413,WESTERN AVE & UNIVERSITY PL,0.1 mi,0.19 km
11,western_west,30,413,WESTERN AVE & UNIVERSITY PL,874,WESTERN AVE & HOMESTEAD ST,358 ft,0.11 km
11,western_west,31,874,WESTERN AVE & HOMESTEAD ST,10217,WESTERN AVE & GLYNN ST,364 ft,0.11 km
11,western_west,32,10217,WESTERN AVE & GLYNN ST,10613,UALBANY (RACC BUILDING),0.6 mi,0.73 km
11,western_west,33,10613,UALBANY (RACC BUILDING),10615,UALBANY LIBRARY,0.6 mi,0.32 km