11,Western_east,1,10615,UALBANY LIBRARY,231,WESTERN AVE & TRYON PL,1.1 mi,0.87 km
11,Western_east,2,231,WESTERN AVE & TRYON PL,233,WESTERN AVE & GLYNN ST,328 ft,0.1 km
11,Western_east,3,233,WESTERN AVE & GLYNN ST,232,WESTERN AVE & HOMESTEAD ST,338 ft,0.11 km
11,Western_east,4,232,WESTERN AVE & HOMESTEAD ST,234,WESTERN AVE & MAGAZINE ST,0.2 mi,0.26 km
11,Western_east,5,234,WESTERN AVE & MAGAZINE ST,235,WESTERN AVE & LOCUST ST,0.1 mi,0.18 km
11,Western_east,6,235,WESTERN AVE & LOCUST ST,236,WESTERN AVE & RUSSELL RD,0.1 mi,0.22 km
11,Western_east,7,236,WESTERN AVE & RUSSELL RD,228,WESTERN AVE & BEACON AVE,0.1 mi,0.17 km
11,Western_east,8,228,WESTERN AVE & BEACON AVE,10612,WESTERN AVE & HILLCREST AVE,276 ft,0.08 km
11,Western_east,9,10612,WESTERN AVE & HILLCREST AVE,251,WESTERN AVE & PINEHURST AVE,476 ft,0.12 km
11,Western_east,10,251,WESTERN AVE & PINEHURST AVE,239,WESTERN AVE & ORLANDO AVE,299 ft,0.09 km
11,Western_east,11,239,WESTERN AVE & ORLANDO AVE,240,WESTERN AVE & DAYTONA AVE,253 ft,0.08 km
11,Western_east,12,240,WESTERN AVE & DAYTONA AVE,241,WESTERN AVE & SEMINOLE AVE,318 ft,0.11 km
11,Western_east,13,241,WESTERN AVE & SEMINOLE AVE,242,WESTERN AVE & TAMPA AVE / ORMOND ST,486 ft,0.16 km
11,Western_east,14,242,WESTERN AVE & TAMPA AVE / ORMOND ST,243,WESTERN AVE & ORMOND ST / DAVIS AVE,407 ft,0.12 km
11,Western_east,15,243,WESTERN AVE & ORMOND ST / DAVIS AVE,244,WESTERN AVE & MILNER AVE,417 ft,0.12 km
11,Western_east,16,244,WESTERN AVE & MILNER AVE,245,WESTERN AVE & COLONIAL AVE,0.1 mi,0.12 km
11,Western_east,17,245,WESTERN AVE & COLONIAL AVE,238,WESTERN AVE & HOLMES DALE AVE,407 ft,0.11 km
11,Western_east,18,238,WESTERN AVE & HOLMES DALE AVE,296,WESTERN AVE & FAIRLAWN AVE,400 ft,0.12 km
11,Western_east,19,296,WESTERN AVE & FAIRLAWN AVE,297,WESTERN AVE & EUCLID AVE,338 ft,0.11 km
11,Western_east,20,297,WESTERN AVE & EUCLID AVE,247,WESTERN AVE & BROOKLINE AVE,302 ft,0.09 km
11,Western_east,21,247,WESTERN AVE & BROOKLINE AVE,248,WESTERN AVE & MARION AVE,430 ft,0.13 km
11,Western_east,22,248,WESTERN AVE & MARION AVE,249,WESTERN AVE & S MANNING BLVD,364 ft,0.11 km
11,Western_east,23,249,WESTERN AVE & S MANNING BLVD,877,WESTERN AVE & ALLEN ST,0.2 mi,0.36 km
11,Western_east,24,877,WESTERN AVE & ALLEN ST,1356,WESTERN AVE & W LAWRENCE ST,390 ft,0.12 km
11,Western_east,25,1356,WESTERN AVE & W LAWRENCE ST,3428,WESTERN AVE & N MAIN ST,0.1 mi,0.2 km
11,Western_east,26,3428,WESTERN AVE & N MAIN ST,882,WESTERN AVE & PARTRIDGE ST,0.3 mi,0.49 km
11,Western_east,27,882,WESTERN AVE & PARTRIDGE ST,257,WESTERN AVE & ONTARIO ST,0.1 mi,0.23 km
11,Western_east,28,257,WESTERN AVE & ONTARIO ST,258,WESTERN AVE & QUAIL ST,0.1 mi,0.22 km
11,Western_east,29,258,WESTERN AVE & QUAIL ST,259,WESTERN AVE & S LAKE AVE,0.2 mi,0.27 km
11,Western_east,30,259,WESTERN AVE & S LAKE AVE,260,WESTERN AVE & THURLOW TERR,0.1 mi,0.16 km
11,Western_east,31,260,WESTERN AVE & THURLOW TERR,3253,WASHINGTON AVE & ROBIN ST (DRAPER HALL),0.3 mi,0.15 km