63,East,1,10620,1450 WESTERN AVE,2016,WESTERN AVE & MCKOWN RD,0.2 mi,0.26 km
63,East,2,2016,WESTERN AVE & MCKOWN RD,2018,WESTERN AVE & WESTLYN CT,0.1 mi,0.17 km
63,East,3,2018,WESTERN AVE & WESTLYN CT,2017,WESTERN AVE & BROOKWOOD AVE,397 ft,0.12 km
63,East,4,2017,WESTERN AVE & BROOKWOOD AVE,2015,WESTERN AVE & ARCADIA AVE,404 ft,0.12 km
63,East,5,2015,WESTERN AVE & ARCADIA AVE,10617,WESTERN AVE & HILLCREST ST,331 ft,0.11 km
63,East,6,10617,WESTERN AVE & HILLCREST ST,231,WESTERN AVE & TRYON PL,0.2 mi,0.24 km
63,East,7,231,WESTERN AVE & TRYON PL,233,WESTERN AVE & GLYNN ST,328 ft,0.1 km
63,East,8,233,WESTERN AVE & GLYNN ST,232,WESTERN AVE & HOMESTEAD ST,338 ft,0.11 km
63,East,9,232,WESTERN AVE & HOMESTEAD ST,234,WESTERN AVE & MAGAZINE ST,0.2 mi,0.26 km
63,East,10,234,WESTERN AVE & MAGAZINE ST,235,WESTERN AVE & LOCUST ST,0.1 mi,0.18 km
63,East,11,235,WESTERN AVE & LOCUST ST,11623,WESTERN AVE & RUSSELL RD,0.1 mi,0.21 km
63,East,12,11623,WESTERN AVE & RUSSELL RD,228,WESTERN AVE & BEACON AVE,0.1 mi,0.19 km
63,East,13,228,WESTERN AVE & BEACON AVE,10612,WESTERN AVE & HILLCREST AVE,276 ft,0.08 km
63,East,14,10612,WESTERN AVE & HILLCREST AVE,251,WESTERN AVE & PINEHURST AVE,476 ft,0.12 km
63,East,15,251,WESTERN AVE & PINEHURST AVE,239,WESTERN AVE & ORLANDO AVE,299 ft,0.09 km
63,East,16,239,WESTERN AVE & ORLANDO AVE,240,WESTERN AVE & DAYTONA AVE,253 ft,0.08 km
63,East,17,240,WESTERN AVE & DAYTONA AVE,241,WESTERN AVE & SEMINOLE AVE,318 ft,0.11 km
63,East,18,241,WESTERN AVE & SEMINOLE AVE,242,WESTERN AVE & TAMPA AVE / ORMOND ST,486 ft,0.16 km
63,East,19,242,WESTERN AVE & TAMPA AVE / ORMOND ST,243,WESTERN AVE & ORMOND ST / DAVIS AVE,407 ft,0.12 km
63,East,20,243,WESTERN AVE & ORMOND ST / DAVIS AVE,244,WESTERN AVE & MILNER AVE,417 ft,0.12 km
63,East,21,244,WESTERN AVE & MILNER AVE,245,WESTERN AVE & COLONIAL AVE,0.1 mi,0.12 km
63,East,22,245,WESTERN AVE & COLONIAL AVE,238,WESTERN AVE & HOLMES DALE AVE,407 ft,0.11 km
63,East,23,238,WESTERN AVE & HOLMES DALE AVE,296,WESTERN AVE & FAIRLAWN AVE,400 ft,0.12 km
63,East,24,296,WESTERN AVE & FAIRLAWN AVE,297,WESTERN AVE & EUCLID AVE,361 ft,0.11 km
63,East,25,297,WESTERN AVE & EUCLID AVE,247,WESTERN AVE & BROOKLINE AVE,289 ft,0.09 km
63,East,26,247,WESTERN AVE & BROOKLINE AVE,248,WESTERN AVE & MARION AVE,440 ft,0.13 km
63,East,27,248,WESTERN AVE & MARION AVE,249,WESTERN AVE & S MANNING BLVD,354 ft,0.11 km
63,East,28,249,WESTERN AVE & S MANNING BLVD,250,WESTERN AVE & S PINE AVE,0.1 mi,0.18 km
63,East,29,250,WESTERN AVE & S PINE AVE,337,S ALLEN ST & MADISON AVE,443 ft,0.13 km
63,East,30,337,S ALLEN ST & MADISON AVE,338,MADISON AVE & W LAWRENCE ST,0.1 mi,0.16 km
63,East,31,338,MADISON AVE & W LAWRENCE ST,339,MADSION AVE & S MAIN AVE,0.1 mi,0.16 km
63,East,32,339,MADSION AVE & S MAIN AVE,340,MADISON AVE & SAINT ROSE COLLEGE,0.1 mi,0.16 km
63,East,33,340,MADISON AVE & SAINT ROSE COLLEGE,341,MADISON AVE & PARTRIDGE ST,0.2 mi,0.34 km
63,East,34,341,MADISON AVE & PARTRIDGE ST,342,MADSION AVE & ONTARIO ST,0.2 mi,0.23 km
63,East,35,342,MADSION AVE & ONTARIO ST,343,MADSION AVE & QUAIL ST,0.2 mi,0.22 km
63,East,36,343,MADSION AVE & QUAIL ST,344,MADISON AVE & QUAIL ST/ S LAKE ST,430 ft,0.12 km
63,East,37,344,MADISON AVE & QUAIL ST/ S LAKE ST,345,MADISON AVE & S LAKE ST,436 ft,0.14 km
63,East,38,345,MADISON AVE & S LAKE ST,346,MADISON AVE & S LAKE / ROBIN ST,0.1 mi,0.15 km
63,East,39,346,MADISON AVE & S LAKE / ROBIN ST,347,MADSION AVE & ROBIN ST,0.1 mi,0.17 km
63,East,40,347,MADSION AVE & ROBIN ST,348,MADISON AVE & NEW SCOTLAND AVE,0.1 mi,0.21 km
63,East,41,348,MADISON AVE & NEW SCOTLAND AVE,349,MADSION AVE & KNOX ST,0.2 mi,0.23 km
63,East,42,349,MADSION AVE & KNOX ST,350,MADSION AVE & WILLETT ST,302 ft,0.09 km
63,East,43,350,MADSION AVE & WILLETT ST,351,LARK ST & MADISON AVE,479 ft,0.15 km
63,East,44,351,LARK ST & MADISON AVE,546,LARK ST & HUDSON AVE,0.2 mi,0.25 km
63,East,45,546,LARK ST & HUDSON AVE,3246,LARK ST & LANCASTER ST,279 ft,0.06 km
63,East,46,3246,LARK ST & LANCASTER ST,2207,LARK ST & STATE ST,0.1 mi,0.18 km
63,East,47,2207,LARK ST & STATE ST,353,LARK ST & WASHINGTON AVE (KEY BANK),348 ft,0.11 km
63,East,48,353,LARK ST & WASHINGTON AVE (KEY BANK),1788,WASHTINGTON AVE & DOVE ST,0.1 mi,0.21 km
63,East,49,1788,WASHTINGTON AVE & DOVE ST,1789,WASHINGTON AVE & S SWAN ST,0.2 mi,0.27 km
63,East,50,1789,WASHINGTON AVE & S SWAN ST,2706,WASHINGTON AVE & HAWK ST (THE CAPITO,0.1 mi,0.16 km
63,East,51,2706,WASHINGTON AVE & HAWK ST (THE CAPITO,1787,STATE ST & EAGLE ST,0.2 mi,0.31 km
63,East,52,1787,STATE ST & EAGLE ST,2509,STATE ST & LODGE ST,0.1 mi,0.16 km
63,East,53,2509,STATE ST & LODGE ST,2589,STATE ST & PEARL ST,256 ft,0.07 km
63,East,54,2589,STATE ST & PEARL ST,3937,BROADWAY & HUDSON AVE,0.2 mi,0.26 km