10,Broadway_west,1,9018,BROADWAY & ORANGE ST,502,BROADWAY & QUACKENBUSH SQUARE,299 ft,0.1 km
10,Broadway_west,2,502,BROADWAY & QUACKENBUSH SQUARE,3234,WILSON ST & N PEARL ST,0.2 mi,0.21 km
10,Broadway_west,3,3234,WILSON ST & N PEARL ST,2168,N PEARL ST & CLINTON AVE,0.2 mi,0.2 km
10,Broadway_west,4,2168,N PEARL ST & CLINTON AVE,10577,N PEARL ST & ORANGE ST,482 ft,0.12 km
10,Broadway_west,5,10577,N PEARL ST & ORANGE ST,3233,N PEARL ST & SHERIDAN AVE,404 ft,0.12 km
10,Broadway_west,6,3233,N PEARL ST & SHERIDAN AVE,3221,N PEARL ST & TEN EYCK PLAZA,0.2 mi,0.27 km
10,Broadway_west,7,3221,N PEARL ST & TEN EYCK PLAZA,2665,STATE ST & LODGE ST,0.1 mi,0.1 km
10,Broadway_west,8,2665,STATE ST & LODGE ST,10087,EAGLE ST & STATE ST (CITY HALL),0.1 mi,0.17 km
10,Broadway_west,9,10087,EAGLE ST & STATE ST (CITY HALL),3250,WASHINGTON AVE & HAWK ST,0.1 mi,0.21 km
10,Broadway_west,10,3250,WASHINGTON AVE & HAWK ST,3301,WASHINGTON AVE & S SWAN ST,0.1 mi,0.24 km
10,Broadway_west,11,3301,WASHINGTON AVE & S SWAN ST,3241,WASHINGTON AVE & DOVE ST,0.2 mi,0.23 km
10,Broadway_west,12,3241,WASHINGTON AVE & DOVE ST,3239,WASHINGTON AVE & LARK ST (ARMORY),0.1 mi,0.17 km
10,Broadway_west,13,3239,WASHINGTON AVE & LARK ST (ARMORY),3455,CENTRAL AVE & HENRY JOHNSON BLVD,0.2 mi,0.35 km
10,Broadway_west,14,3455,CENTRAL AVE & HENRY JOHNSON BLVD,2169,WASHINGTON AVE & LEXINGTON AVE,0.2 mi,0.25 km
10,Broadway_west,15,2169,WASHINGTON AVE & LEXINGTON AVE,3313,ROBIN ST & WESTERN AVE,0.2 mi,0.17 km
10,Broadway_west,16,3313,ROBIN ST & WESTERN AVE,285,WESTERN AVE & THURLOW TERR,0.1 mi,0.15 km
10,Broadway_west,17,285,WESTERN AVE & THURLOW TERR,286,WESTERN AVE & N LAKE AVE,0.1 mi,0.19 km
10,Broadway_west,18,286,WESTERN AVE & N LAKE AVE,283,WESTERN AVE & QUAIL ST,0.1 mi,0.23 km
10,Broadway_west,19,283,WESTERN AVE & QUAIL ST,883,WESTERN AVE & ONTARIO ST,0.2 mi,0.26 km
10,Broadway_west,20,883,WESTERN AVE & ONTARIO ST,884,WESTERN AVE & PARTRIDGE ST,0.1 mi,0.23 km
10,Broadway_west,21,884,WESTERN AVE & PARTRIDGE ST,887,WESTERN AVE & N MAIN AVE,0.3 mi,0.51 km
10,Broadway_west,22,887,WESTERN AVE & N MAIN AVE,2112,WESTERN AVE & W LAWRENCE ST,0.1 mi,0.17 km
10,Broadway_west,23,2112,WESTERN AVE & W LAWRENCE ST,889,WESTERN AVE & ALLEN ST,0.1 mi,0.16 km
10,Broadway_west,24,889,WESTERN AVE & ALLEN ST,277,WESTERN AVE & N PINE AVE,0.1 mi,0.16 km
10,Broadway_west,25,277,WESTERN AVE & N PINE AVE,278,WESTERN AVE & MANNING BLVD,449 ft,0.14 km
10,Broadway_west,26,278,WESTERN AVE & MANNING BLVD,279,WESTERN AVE & WINTHROP AVE,0.1 mi,0.23 km
10,Broadway_west,27,279,WESTERN AVE & WINTHROP AVE,335,WESTERN AVE & HOMESTEAD AVE,348 ft,0.1 km
10,Broadway_west,28,335,WESTERN AVE & HOMESTEAD AVE,298,WESTERN AVE & TERRACE AVE,358 ft,0.11 km
10,Broadway_west,29,298,WESTERN AVE & TERRACE AVE,288,WESTERN AVE & FAIRLAWN AVE,312 ft,0.09 km
10,Broadway_west,30,288,WESTERN AVE & FAIRLAWN AVE,281,WESTERN AVE & BELVEDERE AVE,167 ft,0.04 km
10,Broadway_west,31,281,WESTERN AVE & BELVEDERE AVE,289,WESTERN AVE & EILEEN ST,0.1 mi,0.19 km
10,Broadway_west,32,289,WESTERN AVE & EILEEN ST,290,WESTERN AVE & CLERMONT ST,443 ft,0.12 km
10,Broadway_west,33,290,WESTERN AVE & CLERMONT ST,291,WESTERN AVE & ROSEMONT ST,322 ft,0.07 km
10,Broadway_west,34,291,WESTERN AVE & ROSEMONT ST,865,WESTERN AVE & BREVATOR ST,358 ft,0.11 km
10,Broadway_west,35,865,WESTERN AVE & BREVATOR ST,867,WESTERN AVE & SEMINOLE AVE,0.1 mi,0.17 km
10,Broadway_west,36,867,WESTERN AVE & SEMINOLE AVE,10221,WESTERN AVE & DAYTONA AVE,407 ft,0.13 km
10,Broadway_west,37,10221,WESTERN AVE & DAYTONA AVE,866,WESTERN AVE & CAMPUS ACCESS RD,0.1 mi,0.2 km
10,Broadway_west,38,866,WESTERN AVE & CAMPUS ACCESS RD,10619,BUILDING 8 (only certain trips),1.3 mi,0.71 km
10,Broadway_west,39,10619,BUILDING 8 (only certain trips),10618,BULDING 9 (only certain trips),1 ft,0 km
10,Broadway_west,40,10618,BULDING 9 (only certain trips),870,WESTERN AVE & RUSSELL RD,1.5 mi,0.77 km
10,Broadway_west,41,870,WESTERN AVE & RUSSELL RD,872,WESTERN AVE & CAMBRIDGE RD,436 ft,0.12 km
10,Broadway_west,42,872,WESTERN AVE & CAMBRIDGE RD,871,WESTERN AVE & CLAREDON RD,466 ft,0.11 km
10,Broadway_west,43,871,WESTERN AVE & CLAREDON RD,873,WESTERN AVE & TUDOR RD,361 ft,0.11 km
10,Broadway_west,44,873,WESTERN AVE & TUDOR RD,413,WESTERN AVE & UNIVERSITY PL,0.1 mi,0.19 km
10,Broadway_west,45,413,WESTERN AVE & UNIVERSITY PL,874,WESTERN AVE & HOMESTEAD ST,358 ft,0.11 km
10,Broadway_west,46,874,WESTERN AVE & HOMESTEAD ST,10217,WESTERN AVE & GLYNN ST,364 ft,0.11 km
10,Broadway_west,47,10217,WESTERN AVE & GLYNN ST,10616,WESTERN AVE & BEST WESTERN,0.2 mi,0.27 km
10,Broadway_west,48,10616,WESTERN AVE & BEST WESTERN,304,WESTERN AVE & ARCADIA AVE,0.1 mi,0.17 km
10,Broadway_west,49,304,WESTERN AVE & ARCADIA AVE,305,WESTERN AVE & KNOWLES TERR,394 ft,0.1 km
10,Broadway_west,50,305,WESTERN AVE & KNOWLES TERR,306,WESTERN AVE & WAVERLY PL,0.1 mi,0.18 km
10,Broadway_west,51,306,WESTERN AVE & WAVERLY PL,10193,WESTERN AVE & NORWOOD ST,341 ft,0.07 km
10,Broadway_west,52,10193,WESTERN AVE & NORWOOD ST,309,WESTERN AVE & GLENWOOD ST,476 ft,0.14 km
10,Broadway_west,53,309,WESTERN AVE & GLENWOOD ST,308,WESTERN AVE & PARKWOOD ST,354 ft,0.1 km
10,Broadway_west,54,308,WESTERN AVE & PARKWOOD ST,310,WESTERN AVE & ELMWOOD ST,440 ft,0.13 km
10,Broadway_west,55,310,WESTERN AVE & ELMWOOD ST,12021,2 EXECUTIVE PARK DR,0.3 mi,0.37 km
10,Broadway_west,56,12021,2 EXECUTIVE PARK DR,12022,EXECUTIVE PARK DRIVE @ STOP SIGN,0.2 mi,0.26 km
10,Broadway_west,57,12022,EXECUTIVE PARK DRIVE @ STOP SIGN,10623,STUYVESANT PLAZA (US POST OFFICE),0.2 mi,0.22 km
10,Broadway_west,58,10623,STUYVESANT PLAZA (US POST OFFICE),10622,STUYVESANT PLAZA (MANGIA),0.2 mi,0.22 km
10,Broadway_west,59,10622,STUYVESANT PLAZA (MANGIA),10621,WESTERN AVE & STUYVESANT PLAZA,0.1 mi,0.11 km
10,Broadway_west,60,10621,WESTERN AVE & STUYVESANT PLAZA,374,WESTERN AVE & CHAPMAN DR,0.5 mi,0.8 km
10,Broadway_west,61,374,WESTERN AVE & CHAPMAN DR,375,WESTERN AVE & CROSSGATES MALL RD,0.2 mi,0.24 km
10,Broadway_west,62,375,WESTERN AVE & CROSSGATES MALL RD,376,WESTERN AVE & ALTON RD,0.2 mi,0.27 km
10,Broadway_west,63,376,WESTERN AVE & ALTON RD,10602,WESTERN AVE & LAWTON TERR,0.2 mi,0.27 km
10,Broadway_west,64,10602,WESTERN AVE & LAWTON TERR,378,WESTERN AVE & JOHSTON ST,479 ft,0.14 km
10,Broadway_west,65,378,WESTERN AVE & JOHSTON ST,7175,CROSSGATES MID-MALL,0.6 mi,0.63 km