90,East,1,7175,CROSSGATES MID-MALL,7216,SUNY COLLINS CIRCLE,2.2 mi,2.4 km
90,East,2,7216,SUNY COLLINS CIRCLE,34,FULLER RD & RAILROAD AVE,1.3 mi,1.15 km
90,East,3,34,FULLER RD & RAILROAD AVE,39,FULLER RD & WAREHOUSE ROW,0.2 mi,0.29 km
90,East,4,39,FULLER RD & WAREHOUSE ROW,10266,CENTRAL AVE  & HACKET AVE (CEMETERY),0.6 mi,0.79 km
90,East,5,10266,CENTRAL AVE  & HACKET AVE (CEMETERY),165,CENTRAL AVE  & COLONIE CENTER,0.1 mi,0.23 km
90,East,6,165,CENTRAL AVE  & COLONIE CENTER,31,WOLF RD & COLONIE CENTER,0.4 mi,0.55 km
90,East,7,31,WOLF RD & COLONIE CENTER,10506,AT&T BUILDING & WOLF RD,0.3 mi,0.43 km
90,East,8,10506,AT&T BUILDING & WOLF RD,10507,105 WOLF RD,0.2 mi,0.39 km
90,East,9,10507,105 WOLF RD,10508,WOLF RD & WOLF PLAZA,0.3 mi,0.46 km
90,East,10,10508,WOLF RD & WOLF PLAZA,10509,WOLF RD & BELTRONE DR,0.3 mi,0.49 km
90,East,11,10509,WOLF RD & BELTRONE DR,10510,WOLF RD & MARCUS BLVD,0.2 mi,0.35 km
90,East,12,10510,WOLF RD & MARCUS BLVD,10511,WOLF RD & ULENSKI DR,479 ft,0.15 km
90,East,13,10511,WOLF RD & ULENSKI DR,11116,RTS 2 & 9 & LATHAM FARMS MALL,3.7 mi,4.41 km
90,East,14,11116,RTS 2 & 9 & LATHAM FARMS MALL,7167,HERBERT DR & LATHAM CIRCLE MALL,0.6 mi,0.59 km
90,East,15,7167,HERBERT DR & LATHAM CIRCLE MALL,11053,KLEIN'S SPORTS STORE & LATHAM CIRCLE MALL,0.1 mi,0.17 km
90,East,16,11053,KLEIN'S SPORTS STORE & LATHAM CIRCLE MALL,2913,RT 2 & OLD LOUDON RD,0.2 mi,0.33 km
90,East,17,2913,RT 2 & OLD LOUDON RD,2912,RT 2 & LINDGERGH DR,0.2 mi,0.26 km
90,East,18,2912,RT 2 & LINDGERGH DR,2911,RT 2 & SCHUYLER AVE,240 ft,0.07 km
90,East,19,2911,RT 2 & SCHUYLER AVE,2910,RT 2 & PARK AVE,0.1 mi,0.22 km
90,East,20,2910,RT 2 & PARK AVE,2909,RT 2 & ARAGON AVE,0.1 mi,0.18 km
90,East,21,2909,RT 2 & ARAGON AVE,2908,RT 2 & CARPET MASTER,0.1 mi,0.2 km
90,East,22,2908,RT 2 & CARPET MASTER,2907,RT 2 & MONROE AVE,0.3 mi,0.52 km
90,East,23,2907,RT 2 & MONROE AVE,8036,RT 2 & ARCADIA AVE,0.1 mi,0.18 km
90,East,24,8036,RT 2 & ARCADIA AVE,2906,RT 2 & TAFT AVE,0.1 mi,0.23 km
90,East,25,2906,RT 2 & TAFT AVE,2905,RT 2 & YOUNGS PL,0.1 mi,0.18 km
90,East,26,2905,RT 2 & YOUNGS PL,2904,RT 2 & K-MART,0.2 mi,0.35 km
90,East,27,2904,RT 2 & K-MART,2903,RT 2 & DELATOUR RD,394 ft,0.12 km
90,East,28,2903,RT 2 & DELATOUR RD,11117,RT 2 & CEMETERY,0.3 mi,0.52 km
90,East,29,11117,RT 2 & CEMETERY,2902,RT 2 & WESTERN AVE,0.2 mi,0.29 km
90,East,30,2902,RT 2 & WESTERN AVE,11118,19TH ST HIGHLAND CLUB APTS,0.1 mi,0.17 km
90,East,31,11118,19TH ST HIGHLAND CLUB APTS,7194,19TH ST & FENIMORE APTS,0.2 mi,0.3 km
90,East,32,7194,19TH ST & FENIMORE APTS,2899,19TH ST & WISWALL AVE,0.2 mi,0.25 km
90,East,33,2899,19TH ST & WISWALL AVE,2898,19TH ST & 12TH AVE,384 ft,0.11 km
90,East,34,2898,19TH ST & 12TH AVE,3804,19TH ST & 10TH AVE,0.1 mi,0.2 km
90,East,35,3804,19TH ST & 10TH AVE,3800,19TH ST & 9TH AVE,430 ft,0.13 km
90,East,36,3800,19TH ST & 9TH AVE,8033,19TH ST & 8TH AVE,469 ft,0.14 km
90,East,37,8033,19TH ST & 8TH AVE,3799,19TH ST & 7TH AVE,266 ft,0.07 km
90,East,38,3799,19TH ST & 7TH AVE,2897,19TH ST & 6TH AVE,315 ft,0.09 km
90,East,39,2897,19TH ST & 6TH AVE,3798,19TH ST & 4TH AVE,0.1 mi,0.15 km
90,East,40,3798,19TH ST & 4TH AVE,2931,19TH ST & 3RD AVE,374 ft,0.11 km
90,East,41,2931,19TH ST & 3RD AVE,2896,19TH ST & 2ND AVE,243 ft,0.07 km
90,East,42,2896,19TH ST & 2ND AVE,4493,FERRY ST & 4TH ST,0.8 mi,1 km
90,East,43,4493,FERRY ST & 4TH ST,7125,4TH ST & CONGRESS ST,420 ft,0.12 km
90,East,44,7125,4TH ST & CONGRESS ST,7131,4TH ST & STATE ST,0.1 mi,0.15 km
90,East,45,7131,4TH ST & STATE ST,7124,4TH ST & BROADWAY,463 ft,0.14 km
90,East,46,7124,4TH ST & BROADWAY,7130,4TH ST & FULTON ST,0.1 mi,0.18 km
90,East,47,7130,4TH ST & FULTON ST,10953,5TH AVE & FEDERAL ST,0.2 mi,0.21 km
90,East,48,10953,5TH AVE & FEDERAL ST,11119,6TH AVE & FEDERAL ST,358 ft,0.11 km
90,East,49,11119,6TH AVE & FEDERAL ST,11637,SAGE ST & 15TH ST,0.5 mi,0.75 km
90,East,50,11637,SAGE ST & 15TH ST,10968,15TH ST & PEOPLES AVE,0.2 mi,0.25 km
90,East,51,10968,15TH ST & PEOPLES AVE,10969,PEOPLES AVE & BURDETT AVE,0.3 mi,0.4 km
90,East,52,10969,PEOPLES AVE & BURDETT AVE,12011,RPI FIELD HOUSE,0.1 mi,0.18 km