10,Greyhound_west,1,10503,GREYHOUND TERMINAL,3248,BROADWAY & SUNY PLAZA,0.2 mi,0.21 km
10,Greyhound_west,2,3248,BROADWAY & SUNY PLAZA,3221,N PEARL ST & TEN EYCK PLAZA,0.2 mi,0.34 km
10,Greyhound_west,3,3221,N PEARL ST & TEN EYCK PLAZA,2665,STATE ST & LODGE ST,0.1 mi,0.1 km
10,Greyhound_west,4,2665,STATE ST & LODGE ST,10087,EAGLE ST & STATE ST (CITY HALL),0.1 mi,0.17 km
10,Greyhound_west,5,10087,EAGLE ST & STATE ST (CITY HALL),3250,WASHINGTON AVE & HAWK ST,0.1 mi,0.21 km
10,Greyhound_west,6,3250,WASHINGTON AVE & HAWK ST,3301,WASHINGTON AVE & S SWAN ST,0.1 mi,0.24 km
10,Greyhound_west,7,3301,WASHINGTON AVE & S SWAN ST,3241,WASHINGTON AVE & DOVE ST,0.2 mi,0.23 km
10,Greyhound_west,8,3241,WASHINGTON AVE & DOVE ST,3239,WASHINGTON AVE & LARK ST (ARMORY),0.1 mi,0.17 km
10,Greyhound_west,9,3239,WASHINGTON AVE & LARK ST (ARMORY),3455,CENTRAL AVE & HENRY JOHNSON BLVD,0.2 mi,0.35 km
10,Greyhound_west,10,3455,CENTRAL AVE & HENRY JOHNSON BLVD,2169,WASHINGTON AVE & LEXINGTON AVE,0.2 mi,0.25 km
10,Greyhound_west,11,2169,WASHINGTON AVE & LEXINGTON AVE,3313,ROBIN ST & WESTERN AVE,0.2 mi,0.17 km
10,Greyhound_west,12,3313,ROBIN ST & WESTERN AVE,285,WESTERN AVE & THURLOW TERR,0.1 mi,0.15 km
10,Greyhound_west,13,285,WESTERN AVE & THURLOW TERR,286,WESTERN AVE & N LAKE AVE,0.1 mi,0.19 km
10,Greyhound_west,14,286,WESTERN AVE & N LAKE AVE,283,WESTERN AVE & QUAIL ST,0.1 mi,0.23 km
10,Greyhound_west,15,283,WESTERN AVE & QUAIL ST,883,WESTERN AVE & ONTARIO ST,0.2 mi,0.26 km
10,Greyhound_west,16,883,WESTERN AVE & ONTARIO ST,884,WESTERN AVE & PARTRIDGE ST,0.1 mi,0.23 km
10,Greyhound_west,17,884,WESTERN AVE & PARTRIDGE ST,887,WESTERN AVE & N MAIN AVE,0.3 mi,0.51 km
10,Greyhound_west,18,887,WESTERN AVE & N MAIN AVE,2112,WESTERN AVE & W LAWRENCE ST,0.1 mi,0.17 km
10,Greyhound_west,19,2112,WESTERN AVE & W LAWRENCE ST,889,WESTERN AVE & ALLEN ST,0.1 mi,0.16 km
10,Greyhound_west,20,889,WESTERN AVE & ALLEN ST,277,WESTERN AVE & N PINE AVE,0.1 mi,0.16 km
10,Greyhound_west,21,277,WESTERN AVE & N PINE AVE,278,WESTERN AVE & MANNING BLVD,449 ft,0.14 km
10,Greyhound_west,22,278,WESTERN AVE & MANNING BLVD,279,WESTERN AVE & WINTHROP AVE,0.1 mi,0.23 km
10,Greyhound_west,23,279,WESTERN AVE & WINTHROP AVE,335,WESTERN AVE & HOMESTEAD AVE,348 ft,0.1 km
10,Greyhound_west,24,335,WESTERN AVE & HOMESTEAD AVE,298,WESTERN AVE & TERRACE AVE,358 ft,0.11 km
10,Greyhound_west,25,298,WESTERN AVE & TERRACE AVE,288,WESTERN AVE & FAIRLAWN AVE,312 ft,0.09 km
10,Greyhound_west,26,288,WESTERN AVE & FAIRLAWN AVE,281,WESTERN AVE & BELVEDERE AVE,167 ft,0.04 km
10,Greyhound_west,27,281,WESTERN AVE & BELVEDERE AVE,289,WESTERN AVE & EILEEN ST,0.1 mi,0.19 km
10,Greyhound_west,28,289,WESTERN AVE & EILEEN ST,290,WESTERN AVE & CLERMONT ST,443 ft,0.12 km
10,Greyhound_west,29,290,WESTERN AVE & CLERMONT ST,291,WESTERN AVE & ROSEMONT ST,322 ft,0.07 km
10,Greyhound_west,30,291,WESTERN AVE & ROSEMONT ST,865,WESTERN AVE & BREVATOR ST,358 ft,0.11 km
10,Greyhound_west,31,865,WESTERN AVE & BREVATOR ST,867,WESTERN AVE & SEMINOLE AVE,0.1 mi,0.17 km
10,Greyhound_west,32,867,WESTERN AVE & SEMINOLE AVE,10221,WESTERN AVE & DAYTONA AVE,407 ft,0.13 km
10,Greyhound_west,33,10221,WESTERN AVE & DAYTONA AVE,866,WESTERN AVE & CAMPUS ACCESS RD,0.1 mi,0.2 km
10,Greyhound_west,34,866,WESTERN AVE & CAMPUS ACCESS RD,870,WESTERN AVE & RUSSELL RD,0.2 mi,0.34 km
10,Greyhound_west,35,870,WESTERN AVE & RUSSELL RD,872,WESTERN AVE & CAMBRIDGE RD,436 ft,0.12 km
10,Greyhound_west,36,872,WESTERN AVE & CAMBRIDGE RD,871,WESTERN AVE & CLAREDON RD,466 ft,0.11 km
10,Greyhound_west,37,871,WESTERN AVE & CLAREDON RD,873,WESTERN AVE & TUDOR RD,361 ft,0.11 km
10,Greyhound_west,38,873,WESTERN AVE & TUDOR RD,413,WESTERN AVE & UNIVERSITY PL,0.1 mi,0.19 km
10,Greyhound_west,39,413,WESTERN AVE & UNIVERSITY PL,874,WESTERN AVE & HOMESTEAD ST,358 ft,0.11 km
10,Greyhound_west,40,874,WESTERN AVE & HOMESTEAD ST,10217,WESTERN AVE & GLYNN ST,364 ft,0.11 km
10,Greyhound_west,41,10217,WESTERN AVE & GLYNN ST,10616,WESTERN AVE & BEST WESTERN,0.2 mi,0.27 km
10,Greyhound_west,42,10616,WESTERN AVE & BEST WESTERN,304,WESTERN AVE & ARCADIA AVE,0.1 mi,0.17 km
10,Greyhound_west,43,304,WESTERN AVE & ARCADIA AVE,305,WESTERN AVE & KNOWLES TERR,374 ft,0.1 km
10,Greyhound_west,44,305,WESTERN AVE & KNOWLES TERR,306,WESTERN AVE & WAVERLY PL,0.1 mi,0.18 km
10,Greyhound_west,45,306,WESTERN AVE & WAVERLY PL,10193,WESTERN AVE & NORWOOD ST,292 ft,0.08 km
10,Greyhound_west,46,10193,WESTERN AVE & NORWOOD ST,309,WESTERN AVE & GLENWOOD ST,476 ft,0.14 km
10,Greyhound_west,47,309,WESTERN AVE & GLENWOOD ST,308,WESTERN AVE & PARKWOOD ST,354 ft,0.1 km
10,Greyhound_west,48,308,WESTERN AVE & PARKWOOD ST,310,WESTERN AVE & ELMWOOD ST,440 ft,0.13 km
10,Greyhound_west,49,310,WESTERN AVE & ELMWOOD ST,10614,STUYVESANT PLAZA (CVS),0.3 mi,0.38 km
10,Greyhound_west,50,10614,STUYVESANT PLAZA (CVS),10623,STUYVESANT PLAZA (US POST OFFICE),3 ft,0 km
10,Greyhound_west,51,10623,STUYVESANT PLAZA (US POST OFFICE),10622,STUYVESANT PLAZA (MANGIA),0.2 mi,0.22 km
10,Greyhound_west,52,10622,STUYVESANT PLAZA (MANGIA),10621,WESTERN AVE & STUYVESANT PLAZA,0.1 mi,0.11 km
10,Greyhound_west,53,10621,WESTERN AVE & STUYVESANT PLAZA,374,WESTERN AVE & CHAPMAN DR,0.5 mi,0.8 km
10,Greyhound_west,54,374,WESTERN AVE & CHAPMAN DR,375,WESTERN AVE & CROSSGATES MALL RD,0.2 mi,0.24 km
10,Greyhound_west,55,375,WESTERN AVE & CROSSGATES MALL RD,376,WESTERN AVE & ALTON RD,0.2 mi,0.27 km
10,Greyhound_west,56,376,WESTERN AVE & ALTON RD,10602,WESTERN AVE & LAWTON TERR,0.2 mi,0.27 km
10,Greyhound_west,57,10602,WESTERN AVE & LAWTON TERR,378,WESTERN AVE & JOHSTON ST,479 ft,0.14 km
10,Greyhound_west,58,378,WESTERN AVE & JOHSTON ST,7175,CROSSGATES MID-MALL,0.6 mi,0.63 km