12, Broadway_East,1,7175,CROSSGATES MID-MALL,10626,WALMART - CROSSGATES COMMONS (weekends only),1.2 mi,0.71 km
12, Broadway_East,2,10626,WALMART - CROSSGATES COMMONS (weekends only),10135,WASHINGTON AVE & MAIN SUNY ENTRANCE RD,2.1 mi,2.28 km
12, Broadway_East,3,10135,WASHINGTON AVE & MAIN SUNY ENTRANCE RD,7216,SUNY COLLINS CIRCLE,0.2 mi,0.25 km
12, Broadway_East,4,7216,SUNY COLLINS CIRCLE,10134,WASHINGTON AVE & SUNY EXIT RD,0.4 mi,0.57 km
12, Broadway_East,5,10134,WASHINGTON AVE & SUNY EXIT RD,10627,BUILDING 22 (select trips),0.8 mi,0.97 km
12, Broadway_East,6,10627,BUILDING 22 (select trips),10628,BUILDING 12 (select trips),1 ft,0 km
12, Broadway_East,7,10628,BUILDING 12 (select trips),10629,BUILDING 8 (select trips),1 ft,0 km
12, Broadway_East,8,10629,BUILDING 8 (select trips),10630,BUILDING 2 (select trips),1 ft,0 km
12, Broadway_East,9,10630,BUILDING 2 (select trips),10631,BUILDING 1 (select trips),1 ft,0 km
12, Broadway_East,10,10631,BUILDING 1 (select trips),3348,WASHINGTON AVE & BREVATOR ST (select trips),0.7 mi,0.76 km
12, Broadway_East,11,3348,WASHINGTON AVE & BREVATOR ST (select trips),3308,WASHINGTON AVE & ROSEMONT ST,371 ft,0.11 km
12, Broadway_East,12,3308,WASHINGTON AVE & ROSEMONT ST,3304,WASHINGTON AVE & CLERMONT ST,285 ft,0.09 km
12, Broadway_East,13,3304,WASHINGTON AVE & CLERMONT ST,3303,WASHINGTON AVE & EILEEN ST,341 ft,0.1 km
12, Broadway_East,14,3303,WASHINGTON AVE & EILEEN ST,3260,WASHINGTON AVE & EDGEWOOD AVE,253 ft,0.08 km
12, Broadway_East,15,3260,WASHINGTON AVE & EDGEWOOD AVE,2182,WASHINGTON AVE & HAWTHORNE ST,233 ft,0.07 km
12, Broadway_East,16,2182,WASHINGTON AVE & HAWTHORNE ST,2181,WASHINGTON AVE & FAIRLAWN AVE,289 ft,0.09 km
12, Broadway_East,17,2181,WASHINGTON AVE & FAIRLAWN AVE,2098,WASHINGTON AVE & TERRACE AVE,322 ft,0.1 km
12, Broadway_East,18,2098,WASHINGTON AVE & TERRACE AVE,2180,WASHINGTON AVE & HOMESTEAD AVE,262 ft,0.08 km
12, Broadway_East,19,2180,WASHINGTON AVE & HOMESTEAD AVE,3259,WASHINGTON AVE & WINTHROP AVE,344 ft,0.11 km
12, Broadway_East,20,3259,WASHINGTON AVE & WINTHROP AVE,11581,WASHINGTON AVE & MANNING BLVD,410 ft,0.13 km
12, Broadway_East,21,11581,WASHINGTON AVE & MANNING BLVD,2205,WASHINGTON AVE & PINE ST,0.1 mi,0.22 km
12, Broadway_East,22,2205,WASHINGTON AVE & PINE ST,1796,WASHINGTON AVE & N ALLEN ST,433 ft,0.13 km
12, Broadway_East,23,1796,WASHINGTON AVE & N ALLEN ST,2108,WAHSINGTON AVE & W LAWRENCE ST,0.1 mi,0.17 km
12, Broadway_East,24,2108,WAHSINGTON AVE & W LAWRENCE ST,3257,WASHINGTON AVE & N MAIN AVE,0.1 mi,0.16 km
12, Broadway_East,25,3257,WASHINGTON AVE & N MAIN AVE,2107,WASHINGTON AVE & PARTRIDGE ST,0.3 mi,0.49 km
12, Broadway_East,26,2107,WASHINGTON AVE & PARTRIDGE ST,3256,WASHINGTON AVE & ONTARIO ST,0.1 mi,0.22 km
12, Broadway_East,27,3256,WASHINGTON AVE & ONTARIO ST,3255,WASHINGTON AVE & QUAIL ST,0.1 mi,0.22 km
12, Broadway_East,28,3255,WASHINGTON AVE & QUAIL ST,2109,WASHINGTON AVE & N LAKE AVE,0.2 mi,0.26 km
12, Broadway_East,29,2109,WASHINGTON AVE & N LAKE AVE,3253,WASHINGTON AVE & ROBIN ST (DRAPER HALL),0.1 mi,0.21 km
12, Broadway_East,30,3253,WASHINGTON AVE & ROBIN ST (DRAPER HALL),3254,WASHINGTON AVE & ROBIN ST,397 ft,0.12 km
12, Broadway_East,31,3254,WASHINGTON AVE & ROBIN ST,2096,WASHINGTON AVE & LEXINGTON AVE,495 ft,0.15 km
12, Broadway_East,32,2096,WASHINGTON AVE & LEXINGTON AVE,263,WASHINGTON AVE & HENRY JOHNSON BLVD,0.2 mi,0.3 km
12, Broadway_East,33,263,WASHINGTON AVE & HENRY JOHNSON BLVD,2663,WASHINGTON AVE & LARK ST,0.1 mi,0.2 km
12, Broadway_East,34,2663,WASHINGTON AVE & LARK ST,1788,WASHINGTON AVE & DOVE ST,0.1 mi,0.24 km
12, Broadway_East,35,1788,WASHINGTON AVE & DOVE ST,1789,WASHINGTON AVE & S SWAN ST,0.2 mi,0.27 km
12, Broadway_East,36,1789,WASHINGTON AVE & S SWAN ST,2706,WASHINGTON AVE & HAWK ST (THE CAPITOL),0.1 mi,0.16 km
12, Broadway_East,37,2706,WASHINGTON AVE & HAWK ST (THE CAPITOL),1787,STATE ST & EAGLE ST,0.2 mi,0.31 km
12, Broadway_East,38,1787,STATE ST & EAGLE ST,2509,STATE ST & LODGE ST,0.1 mi,0.16 km
12, Broadway_East,39,2509,STATE ST & LODGE ST,2589,STATE ST & PEARL ST,249 ft,0.07 km
12, Broadway_East,40,2589,STATE ST & PEARL ST,3940,BROADWAY & PETER D KIERNAN PLAZA,0.2 mi,0.3 km
12, Broadway_East,41,3940,BROADWAY & PETER D KIERNAN PLAZA,9018,BROADWAY & ORANGE ST,0.1 mi,0.23 km