12,Broadway_west,1,9018,BROADWAY & ORANGE ST,502,BROADWAY & QUACKENBUSH SQUARE ,299 ft,0.1 km
12,Broadway_west,2,502,BROADWAY & QUACKENBUSH SQUARE ,3234,WILSON ST & N PEARL ST,0.2 mi,0.21 km
12,Broadway_west,3,3234,WILSON ST & N PEARL ST,2168,N PEARL ST & CLINTON AVE (CLINTON SQUARE),0.2 mi,0.2 km
12,Broadway_west,4,2168,N PEARL ST & CLINTON AVE (CLINTON SQUARE),10577,N PEARL ST & ORANGE ST,482 ft,0.12 km
12,Broadway_west,5,10577,N PEARL ST & ORANGE ST,3233,N PEARL ST & SHERIDAN AVE,404 ft,0.12 km
12,Broadway_west,6,3233,N PEARL ST & SHERIDAN AVE,3221,N PEARL ST & TEN EYCK PLAZA,0.2 mi,0.27 km
12,Broadway_west,7,3221,N PEARL ST & TEN EYCK PLAZA,2665,STATE ST & LODGE ST,0.1 mi,0.1 km
12,Broadway_west,8,2665,STATE ST & LODGE ST,10087,EAGLE ST & STATE ST (CITY HALL),0.1 mi,0.17 km
12,Broadway_west,9,10087,EAGLE ST & STATE ST (CITY HALL),3250,WASHINGTON AVE & HAWK ST,0.1 mi,0.21 km
12,Broadway_west,10,3250,WASHINGTON AVE & HAWK ST,3301,WASHINGTON AVE & S SWAN ST,0.1 mi,0.24 km
12,Broadway_west,11,3301,WASHINGTON AVE & S SWAN ST,3241,WASHINGTON AVE & DOVE ST,0.2 mi,0.23 km
12,Broadway_west,12,3241,WASHINGTON AVE & DOVE ST,3239,WASHINGTON AVE & LARK ST (ARMORY),0.1 mi,0.17 km
12,Broadway_west,13,3239,WASHINGTON AVE & LARK ST (ARMORY),3455,CENTRAL AVE & HENRY JOHNSON BLVD,0.2 mi,0.35 km
12,Broadway_west,14,3455,CENTRAL AVE & HENRY JOHNSON BLVD,2169,WASHINGTON AVE & LEXINGTON AVE,0.2 mi,0.25 km
12,Broadway_west,15,2169,WASHINGTON AVE & LEXINGTON AVE,1843,WASHINGTON AVE & ROBIN ST,0.2 mi,0.25 km
12,Broadway_west,16,1843,WASHINGTON AVE & ROBIN ST,1837,WASHINGTON AVE & N LAKE AVE,0.1 mi,0.22 km
12,Broadway_west,17,1837,WASHINGTON AVE & N LAKE AVE,1842,WAHSINGTON AVE & QUAIL ST,0.2 mi,0.25 km
12,Broadway_west,18,1842,WAHSINGTON AVE & QUAIL ST,1841,WASHINGTON AVE & ONTARIO ST,0.1 mi,0.22 km
12,Broadway_west,19,1841,WASHINGTON AVE & ONTARIO ST,1839,WASHINGTON AVE & PARTRIDGE ST,0.1 mi,0.24 km
12,Broadway_west,20,1839,WASHINGTON AVE & PARTRIDGE ST,3264,WASHINGTON AVE & N MAIN AVE,0.3 mi,0.48 km
12,Broadway_west,21,3264,WASHINGTON AVE & N MAIN AVE,3263,WASHINGTON AVE & W LAWRENCE ST,0.1 mi,0.2 km
12,Broadway_west,22,3263,WASHINGTON AVE & W LAWRENCE ST,3287,WASHINGTON AVE & N ALLEN ST,430 ft,0.13 km
12,Broadway_west,23,3287,WASHINGTON AVE & N ALLEN ST,1997,WASHINGTON AVE & PINE ST,0.1 mi,0.17 km
12,Broadway_west,24,1997,WASHINGTON AVE & PINE ST,1846,WASHINGTON AVE & MANNING BLVD,0.1 mi,0.18 km
12,Broadway_west,25,1846,WASHINGTON AVE & MANNING BLVD,1847,WASHINGTON AVE & WINTHROP AVE,0.1 mi,0.16 km
12,Broadway_west,26,1847,WASHINGTON AVE & WINTHROP AVE,1849,WASHINGTON AVE & HOMESTEAD AVE,226 ft,0.06 km
12,Broadway_west,27,1849,WASHINGTON AVE & HOMESTEAD AVE,1850,WASHINGTON AVE & VER PLANCK ST,325 ft,0.1 km
12,Broadway_west,28,1850,WASHINGTON AVE & VER PLANCK ST,1851,WASHINGTON AVE & VAN BUREN ST,249 ft,0.08 km
12,Broadway_west,29,1851,WASHINGTON AVE & VAN BUREN ST,3399,WASHINGTON AVE & DANKER AVE,226 ft,0.07 km
12,Broadway_west,30,3399,WASHINGTON AVE & DANKER AVE,1874,WASHINGTON AVE & CROSSWELL AVE,354 ft,0.11 km
12,Broadway_west,31,1874,WASHINGTON AVE & CROSSWELL AVE,1840,WASHINGTON AVE & BUELL ST,295 ft,0.08 km
12,Broadway_west,32,1840,WASHINGTON AVE & BUELL ST,1959,WASHINGTON AVE & COLVIN AVE,184 ft,0.06 km
12,Broadway_west,33,1959,WASHINGTON AVE & COLVIN AVE,1852,WASHINGTON AVE & ROSEMONT ST,0.1 mi,0.16 km
12,Broadway_west,34,1852,WASHINGTON AVE & ROSEMONT ST,976,WASHINGTON AVE & BREVATOR ST,331 ft,0.09 km
12,Broadway_west,35,976,WASHINGTON AVE & BREVATOR ST,1853,WASHINGTON AVE & VICTOR ST,361 ft,0.11 km
12,Broadway_west,36,1853,WASHINGTON AVE & VICTOR ST,979,WASHINGTON AVE & JERMAIN ST,305 ft,0.09 km
12,Broadway_west,37,979,WASHINGTON AVE & JERMAIN ST,3262,WASHINGTON AVE & FAIRFIELD INN,0.8 mi,1.35 km
12,Broadway_west,38,3262,WASHINGTON AVE & FAIRFIELD INN,10627,BUILDING 22 (select trips),0.8 mi,0.93 km
12,Broadway_west,39,10627,BUILDING 22 (select trips),10628,BUILDING 12 (select trips),1 ft,0 km
12,Broadway_west,40,10628,BUILDING 12 (select trips),10629,BUILDING 8 (select trips),1 ft,0 km
12,Broadway_west,41,10629,BUILDING 8 (select trips),10630,BUILDING 2 (select trips),1 ft,0 km
12,Broadway_west,42,10630,BUILDING 2 (select trips),10631,BUILDING 1 (select trips),1 ft,0 km
12,Broadway_west,43,10631,BUILDING 1 (select trips),10135,WASHINGTON AVE & MAIN SUNY ENTRANCE RD,1.2 mi,1.48 km
12,Broadway_west,44,10135,WASHINGTON AVE & MAIN SUNY ENTRANCE RD,7216,SUNY COLLINS CIRCLE,0.2 mi,0.25 km
12,Broadway_west,45,7216,SUNY COLLINS CIRCLE,10626,WALMART - CROSSGATES COMMONS (weekends only),2.3 mi,2.22 km
12,Broadway_west,46,10626,WALMART - CROSSGATES COMMONS (weekends only),7175,CROSSGATES MID-MALL,1.2 mi,0.71 km