9,Clockwise,1,9018,BROADWAY & ORANGE ST,502,BROADWAY & QUACKENBUSH SQUARE,299 ft,0.1 km,,1,9018,299 ft
9,Clockwise,2,502,BROADWAY & QUACKENBUSH SQUARE,3234,WILSON ST & N PEARL ST,0.2 mi,0.21 km,,2,502,0.2 mi
9,Clockwise,3,3234,WILSON ST & N PEARL ST,2168,N PEARL ST & CLINTON AVE ,0.2 mi,0.2 km,,3,3234,0.2 mi
9,Clockwise,4,2168,N PEARL ST & CLINTON AVE ,10577,N PEARL ST & ORANGE ST ,482 ft,0.12 km,,4,2168,482 ft
9,Clockwise,5,10577,N PEARL ST & ORANGE ST ,3233,N PEARL ST & SHERIDAN AVE ,404 ft,0.12 km,,5,10577,404 ft
9,Clockwise,6,3233,N PEARL ST & SHERIDAN AVE ,3221,N PEARL ST & TEN EYCK PLAZA,0.2 mi,0.27 km,,6,3233,0.2 mi
9,Clockwise,7,3221,N PEARL ST & TEN EYCK PLAZA,2665,STATE ST & LODGE ST,0.1 mi,0.1 km,,7,3221,0.1 mi
9,Clockwise,8,2665,STATE ST & LODGE ST,540,STATE ST & HOWARD ST,0.2 mi,0.19 km,,8,2665,0.2 mi
9,Clockwise,9,540,STATE ST & HOWARD ST,11638,EAGLE ST & MADISON AVE,0.3 mi,0.4 km,,9,540,0.3 mi
9,Clockwise,10,11638,EAGLE ST & MADISON AVE,618,EAGLE ST & PARK AVE,0.2 mi,0.32 km,,10,11638,0.2 mi
9,Clockwise,11,618,EAGLE ST & PARK AVE,619,EAGLE ST & WARREN ST,351 ft,0.1 km,,11,618,351 ft
9,Clockwise,12,619,EAGLE ST & WARREN ST,720,MORTON AVE & EAGLE ST,0.1 mi,0.14 km,,12,619,0.1 mi
9,Clockwise,13,720,MORTON AVE & EAGLE ST,689,MORTON AVE & S HAWK ST,0.1 mi,0.22 km,,13,720,0.1 mi
9,Clockwise,14,689,MORTON AVE & S HAWK ST,688,MORTON AVE & MARTIN LUTHER KING JR BLVD,0.1 mi,0.18 km,,14,689,0.1 mi
9,Clockwise,15,688,MORTON AVE & MARTIN LUTHER KING JR BLVD,690,MORTON AVE & ONEIDA TERR,0.1 mi,0.2 km,,15,688,0.1 mi
9,Clockwise,16,690,MORTON AVE & ONEIDA TERR,477,DELAWARE AVE & BESCH ST,0.2 mi,0.24 km,,16,690,0.2 mi
9,Clockwise,17,477,DELAWARE AVE & BESCH ST,415,DELAWARE AVE & DELAWARE TERR,463 ft,0.14 km,,17,477,463 ft
9,Clockwise,18,415,DELAWARE AVE & DELAWARE TERR,417,DELAWARE AVE & MAGNOLIA TERR,233 ft,0.07 km,,18,415,233 ft
9,Clockwise,19,417,DELAWARE AVE & MAGNOLIA TERR,476,DELAWARE AVE & CARROLL TERR,335 ft,0.1 km,,19,417,335 ft
9,Clockwise,20,476,DELAWARE AVE & CARROLL TERR,475,DELAWARE AVE & BARCLAY ST,331 ft,0.1 km,,20,476,331 ft
9,Clockwise,21,475,DELAWARE AVE & BARCLAY ST,474,DELAWARE AVED & HURLBUT ST,276 ft,0.09 km,,21,475,276 ft
9,Clockwise,22,474,DELAWARE AVED & HURLBUT ST,473,DELAWARE AVE & FEDERAL ST,249 ft,0.08 km,,22,474,249 ft
9,Clockwise,23,473,DELAWARE AVE & FEDERAL ST,472,365 DELAWARE AVE,171 ft,0.05 km,,23,473,171 ft
9,Clockwise,24,472,365 DELAWARE AVE,471,DELAWARE AVE & JEANETTE ST,476 ft,0.14 km,,24,472,476 ft
9,Clockwise,25,471,DELAWARE AVE & JEANETTE ST,470,DELAWARE AVE & MARINELLO TERR,190 ft,0.06 km,,25,471,190 ft
9,Clockwise,26,470,DELAWARE AVE & MARINELLO TERR,469,DELAWARE AVE & CUYLER ST,0.1 mi,0.17 km,,26,470,0.1 mi
9,Clockwise,27,469,DELAWARE AVE & CUYLER ST,468,DELAWARE AVE & WHITEHALL RD,269 ft,0.08 km,,27,469,269 ft
9,Clockwise,28,468,DELAWARE AVE & WHITEHALL RD,9025,WHITEHALL RD & SARD RD,0.2 mi,0.29 km,,28,468,0.2 mi
9,Clockwise,29,9025,WHITEHALL RD & SARD RD,1219,WHITEHALL RD & MATILDA ST,335 ft,0.1 km,,29,9025,335 ft
9,Clockwise,30,1219,WHITEHALL RD & MATILDA ST,1075,WHITEHALL RD & MARWILL ST,217 ft,0.07 km,,30,1219,217 ft
9,Clockwise,31,1075,WHITEHALL RD & MARWILL ST,1074,WHITEHALL RD & FULLERTON ST,479 ft,0.15 km,,31,1075,479 ft
9,Clockwise,32,1074,WHITEHALL RD & FULLERTON ST,633,WHITEHALL RD & EDGECOMB ST,203 ft,0.06 km,,32,1074,203 ft
9,Clockwise,33,633,WHITEHALL RD & EDGECOMB ST,1072,WHITEHALL RD & ROSE CT,387 ft,0.12 km,,33,633,387 ft
9,Clockwise,34,1072,WHITEHALL RD & ROSE CT,1071,WHITEHALL RD & CLAYTON PL,312 ft,0.1 km,,34,1072,312 ft
9,Clockwise,35,1071,WHITEHALL RD & CLAYTON PL,1070,WHITEHALL RD & JOELSON CT,367 ft,0.11 km,,35,1071,367 ft
9,Clockwise,36,1070,WHITEHALL RD & JOELSON CT,1069,WHITEHALL RD & BETWOOD ST,302 ft,0.09 km,,36,1070,302 ft
9,Clockwise,37,1069,WHITEHALL RD & BETWOOD ST,1068,WHITEHALL RD & RAMSEY PL,381 ft,0.11 km,,37,1069,381 ft
9,Clockwise,38,1068,WHITEHALL RD & RAMSEY PL,1067,WHITEHALL RD & MARWOOD ST,220 ft,0.06 km,,38,1068,220 ft
9,Clockwise,39,1067,WHITEHALL RD & MARWOOD ST,1066,WHITEHALL RD & HOLLYWOOD AVE,371 ft,0.11 km,,39,1067,371 ft
9,Clockwise,40,1066,WHITEHALL RD & HOLLYWOOD AVE,2247,WHITEHALL RD & SYCAMORE ST,276 ft,0.08 km,,40,1066,276 ft
9,Clockwise,41,2247,WHITEHALL RD & SYCAMORE ST,1064,WHITEHALL RD & TURNER PL,341 ft,0.1 km,,41,2247,341 ft
9,Clockwise,42,1064,WHITEHALL RD & TURNER PL,1063,WHITEHALL RD & CARDINAL AVE,312 ft,0.09 km,,42,1064,312 ft
9,Clockwise,43,1063,WHITEHALL RD & CARDINAL AVE,1062,125 CARDINAL AVE,0.2 mi,0.2 km,,43,1063,0.2 mi
9,Clockwise,44,1062,125 CARDINAL AVE,1061,CARDINAL AVE & HACKETT BLVD,499 ft,0.15 km,,44,1062,499 ft
9,Clockwise,45,1061,CARDINAL AVE & HACKETT BLVD,1060,59 CARDINAL AVE,0.1 mi,0.18 km,,45,1061,0.1 mi
9,Clockwise,46,1060,59 CARDINAL AVE,1059,CARDINAL AVE & HELDERBERG AVE,430 ft,0.13 km,,46,1060,430 ft
9,Clockwise,47,1059,CARDINAL AVE & HELDERBERG AVE,1058,CARDINAL AVE & NEW SCOTLAND AVE,0.1 mi,0.22 km,,47,1059,0.1 mi
9,Clockwise,48,1058,CARDINAL AVE & NEW SCOTLAND AVE,1048,NEW SCOTLAND AVE & HOLLYWOOD AVE,0.1 mi,0.15 km,,48,1058,0.1 mi
9,Clockwise,49,1048,NEW SCOTLAND AVE & HOLLYWOOD AVE,1031,NEW SCOTLAND AVE & PINEWOOD AVE,469 ft,0.14 km,,49,1048,469 ft
9,Clockwise,50,1031,NEW SCOTLAND AVE & PINEWOOD AVE,1033,NEW SCOTLAND AVE & HARRIS AVE,0.1 mi,0.17 km,,50,1031,0.1 mi
9,Clockwise,51,1033,NEW SCOTLAND AVE & HARRIS AVE,10328,ONTARIO ST & AVENUE B AVE,0.2 mi,0.22 km,,51,1033,0.2 mi
9,Clockwise,52,10328,ONTARIO ST & AVENUE B AVE,10329,ONTARIO ST & WOODLAWN AVE,446 ft,0.14 km,,52,10328,446 ft
9,Clockwise,53,10329,ONTARIO ST & WOODLAWN AVE,1128,WOODLAWN AVE & PARTRIDGE ST,0.1 mi,0.21 km,,53,10329,0.1 mi
9,Clockwise,54,1128,WOODLAWN AVE & PARTRIDGE ST,1055,PARTRIDGE ST & PROVIDENCE ST,384 ft,0.11 km,,54,1128,384 ft
9,Clockwise,55,1055,PARTRIDGE ST & PROVIDENCE ST,1127,PARTRIDGE ST & MERCER ST,305 ft,0.09 km,,55,1055,305 ft
9,Clockwise,56,1127,PARTRIDGE ST & MERCER ST,1054,PARTRIDGE ST & WARREN ST,276 ft,0.08 km,,56,1127,276 ft
9,Clockwise,57,1054,PARTRIDGE ST & WARREN ST,1053,PARTRIDGE ST & PARK AVE,285 ft,0.09 km,,57,1054,285 ft
9,Clockwise,58,1053,PARTRIDGE ST & PARK AVE,3193,PARTRIDGE ST & MYRTLE AVE,318 ft,0.1 km,,58,1053,318 ft
9,Clockwise,59,3193,PARTRIDGE ST & MYRTLE AVE,1051,PARTRIDGE ST & MORRIS ST,269 ft,0.08 km,,59,3193,269 ft
9,Clockwise,60,1051,PARTRIDGE ST & MORRIS ST,3195,PARTRIDGE ST & MADISON AVE,449 ft,0.14 km,,60,1051,449 ft
9,Clockwise,61,3195,PARTRIDGE ST & MADISON AVE,1217,PARTRIDGE ST & WESTERN AVE,0.2 mi,0.27 km,,61,3195,0.2 mi
9,Clockwise,62,1217,PARTRIDGE ST & WESTERN AVE,257,WESTERN AVE & ONTARIO ST,0.1 mi,0.21 km,,62,1217,0.1 mi
9,Clockwise,63,257,WESTERN AVE & ONTARIO ST,258,WESTERN AVE & QUAIL ST,0.1 mi,0.22 km,,63,257,0.1 mi
9,Clockwise,64,258,WESTERN AVE & QUAIL ST,259,WESTERN AVE & S LAKE AVE,0.2 mi,0.27 km,,64,258,0.2 mi
9,Clockwise,65,259,WESTERN AVE & S LAKE AVE,260,WESTERN AVE & THURLOW TERR,0.1 mi,0.16 km,,65,259,0.1 mi
9,Clockwise,66,260,WESTERN AVE & THURLOW TERR,261,WESTERN AVE & ROBIN ST,0.1 mi,0.22 km,,66,260,0.1 mi
9,Clockwise,67,261,WESTERN AVE & ROBIN ST,262,WESTERN AVE & SPRAGUE PL,0.1 mi,0.17 km,,67,261,0.1 mi
9,Clockwise,68,262,WESTERN AVE & SPRAGUE PL,263,WASHINGTON AVE & HENRY JOHNSON BLVD,0.2 mi,0.24 km,,68,262,0.2 mi
9,Clockwise,69,263,WASHINGTON AVE & HENRY JOHNSON BLVD,2663,WASHINGTON AVE & LARK ST,0.1 mi,0.2 km,,69,263,0.1 mi
9,Clockwise,70,2663,WASHINGTON AVE & LARK ST,1788,WASHINGTON AVE & DOVE ST,0.1 mi,0.24 km,,70,2663,0.1 mi
9,Clockwise,71,1788,WASHINGTON AVE & DOVE ST,1789,WASHINGTON AVE & S SWAN ST,0.2 mi,0.27 km,,71,1788,0.2 mi
9,Clockwise,72,1789,WASHINGTON AVE & S SWAN ST,2706,WASHINGTON AVE & HAWK ST (THE CAPITOL),0.1 mi,0.16 km,,72,1789,0.1 mi
9,Clockwise,73,2706,WASHINGTON AVE & HAWK ST (THE CAPITOL),1787,STATE ST & EAGLE ST,0.2 mi,0.31 km,,73,2706,0.2 mi
9,Clockwise,74,1787,STATE ST & EAGLE ST,2509,STATE ST & LODGE ST,0.1 mi,0.16 km,,74,1787,0.1 mi
9,Clockwise,75,2509,STATE ST & LODGE ST,2589,STATE ST & PEARL ST,249 ft,0.07 km,,75,2509,249 ft
9,Clockwise,76,2589,STATE ST & PEARL ST,3940,BROADWAY & PETER D KIERNAN PLAZA,0.2 mi,0.3 km,,76,2589,0.2 mi
