11,Washington_east,1,7175,CROSSGATES MID-MALL,10135,WASHINGTON AVE & MAIN SUNY ENTRANCE RD,2.3 mi,2.52 km
11,Washington_east,2,10135,WASHINGTON AVE & MAIN SUNY ENTRANCE RD,7216,SUNY COLLINS CIRCLE,0.2 mi,0.25 km
11,Washington_east,3,7216,SUNY COLLINS CIRCLE,10134,WASHINGTON AVE & SUNY EXIT RD,0.4 mi,0.57 km
11,Washington_east,4,10134,WASHINGTON AVE & SUNY EXIT RD,3348,WASHINGTON AVE & BREVATOR ST,1.0 mi,1.57 km
11,Washington_east,5,3348,WASHINGTON AVE & BREVATOR ST,3308,WASHINGTON AVE & ROSEMONT ST,371 ft,0.11 km
11,Washington_east,6,3308,WASHINGTON AVE & ROSEMONT ST,3304,WASHINGTON AVE & CLERMONT ST,285 ft,0.09 km
11,Washington_east,7,3304,WASHINGTON AVE & CLERMONT ST,3303,WASHINGTON AVE & EILEEN ST,331 ft,0.1 km
11,Washington_east,8,3303,WASHINGTON AVE & EILEEN ST,3260,WASHINGTON AVE & EDGEWOOD AVE,269 ft,0.08 km
11,Washington_east,9,3260,WASHINGTON AVE & EDGEWOOD AVE,2182,WASHINGTON AVE & HAWTHORNE ST,223 ft,0.07 km
11,Washington_east,10,2182,WASHINGTON AVE & HAWTHORNE ST,2181,WASHINGTON AVE & FAIRLAWN AVE,289 ft,0.09 km
11,Washington_east,11,2181,WASHINGTON AVE & FAIRLAWN AVE,2098,WASHINGTON AVE & TERRACE AVE,322 ft,0.1 km
11,Washington_east,12,2098,WASHINGTON AVE & TERRACE AVE,2180,WASHINGTON AVE & HOMESTEAD AVE,262 ft,0.08 km
11,Washington_east,13,2180,WASHINGTON AVE & HOMESTEAD AVE,3259,WASHINGTON AVE & WINTHROP AVE,358 ft,0.11 km
11,Washington_east,14,3259,WASHINGTON AVE & WINTHROP AVE,11581,WASHINGTON AVE & MANNING BLVD,397 ft,0.13 km
11,Washington_east,15,11581,WASHINGTON AVE & MANNING BLVD,2205,WASHINGTON AVE & PINE ST,0.1 mi,0.22 km
11,Washington_east,16,2205,WASHINGTON AVE & PINE ST,1796,WASHINGTON AVE & N ALLEN ST,423 ft,0.13 km
11,Washington_east,17,1796,WASHINGTON AVE & N ALLEN ST,2108,WASHINGTON AVE & W LAWRENCE ST,0.1 mi,0.17 km
11,Washington_east,18,2108,WASHINGTON AVE & W LAWRENCE ST,3257,WASHINGTON AVE & N MAIN AVE,0.1 mi,0.16 km
11,Washington_east,19,3257,WASHINGTON AVE & N MAIN AVE,2107,WASHINGTON AVE & PARTRIDGE ST,0.3 mi,0.49 km
11,Washington_east,20,2107,WASHINGTON AVE & PARTRIDGE ST,3256,WASHINGTON AVE & ONTARIO ST,0.1 mi,0.22 km
11,Washington_east,21,3256,WASHINGTON AVE & ONTARIO ST,3255,WASHINGTON AVE & QUAIL ST,0.1 mi,0.22 km
11,Washington_east,22,3255,WASHINGTON AVE & QUAIL ST,2109,WASHINGTON AVE & N LAKE AVE,0.2 mi,0.26 km
11,Washington_east,23,2109,WASHINGTON AVE & N LAKE AVE,3253,WASHINGTON AVE & ROBIN ST (DRAPER HALL),0.1 mi,0.21 km