90,West,1,12011,RPI FIELD HOUSE,10971,PEOPLES AVE & 15TH ST,0.4 mi,0.56 km
90,West,2,10971,PEOPLES AVE & 15TH ST,7266,15TH ST & SAGE AVE,0.2 mi,0.24 km
90,West,3,7266,15TH ST & SAGE AVE,10080,FEDERAL ST & 6TH AVE,0.5 mi,0.74 km
90,West,4,10080,FEDERAL ST & 6TH AVE,4358,FEDERAL ST & 5TH AVE,469 ft,0.11 km
90,West,5,4358,FEDERAL ST & 5TH AVE,7118,RIVER ST & FRONT ST,0.3 mi,0.4 km
90,West,6,7118,RIVER ST & FRONT ST,7116,3RD ST & CONGRESS ST,0.2 mi,0.33 km
90,West,7,7116,3RD ST & CONGRESS ST,7161,CONGRESS ST & 2ND ST,420 ft,0.1 km
90,West,8,7161,CONGRESS ST & 2ND ST,11112,19TH ST & 3RD AVE,0.6 mi,0.87 km
90,West,9,11112,19TH ST & 3RD AVE,3768,19TH ST & 4TH AVE,374 ft,0.11 km
90,West,10,3768,19TH ST & 4TH AVE,3767,19TH ST & 6TH AVE,463 ft,0.13 km
90,West,11,3767,19TH ST & 6TH AVE,3766,19TH ST & 7TH AVE,374 ft,0.11 km
90,West,12,3766,19TH ST & 7TH AVE,3765,19TH ST & 8TH AVE,266 ft,0.07 km
90,West,13,3765,19TH ST & 8TH AVE,3764,19TH ST & 9TH AVE,381 ft,0.11 km
90,West,14,3764,19TH ST & 9TH AVE,3763,19TH ST & 10TH AVE,0.1 mi,0.16 km
90,West,15,3763,19TH ST & 10TH AVE,3762,19TH ST & 12TH AVE,0.1 mi,0.18 km
90,West,16,3762,19TH ST & 12TH AVE,3761,19TH ST & GROTTO CT19TH ST & FENIMORE APTS,0.1 mi,0.22 km
90,West,17,3761,19TH ST & GROTTO CT19TH ST & FENIMORE APTS,11113,19TH ST FENIMORE APTS,0.1 mi,0.16 km
90,West,18,11113,19TH ST FENIMORE APTS,11114,19TH ST HIGHLAND CLUB APTS,0.2 mi,0.29 km
90,West,19,11114,19TH ST HIGHLAND CLUB APTS,3758,RT 2 & WESTERN AVE,0.1 mi,0.17 km
90,West,20,3758,RT 2 & WESTERN AVE,3757,RT 2 & U FIRST UNIFORM CO,0.2 mi,0.31 km
90,West,21,3757,RT 2 & U FIRST UNIFORM CO,3756,RT 2 & DELATOUR RD,0.3 mi,0.45 km
90,West,22,3756,RT 2 & DELATOUR RD,3755,RT 2 & K-MART,0.1 mi,0.16 km
90,West,23,3755,RT 2 & K-MART,3754,RT 2 & SWATLING RD,0.2 mi,0.33 km
90,West,24,3754,RT 2 & SWATLING RD,3753,RT 2 & PIERSON AVE,495 ft,0.15 km
90,West,25,3753,RT 2 & PIERSON AVE,3752,RT 2 & GOODRICH AVE,453 ft,0.13 km
90,West,26,3752,RT 2 & GOODRICH AVE,3751,RT 2 & GROVE AVE / VISTA AVE,0.2 mi,0.39 km
90,West,27,3751,RT 2 & GROVE AVE / VISTA AVE,2921,RT 2 & SYLVAN AVE,407 ft,0.13 km
90,West,28,2921,RT 2 & SYLVAN AVE,2920,RT 2 & GLENWOOD DR,0.1 mi,0.15 km
90,West,29,2920,RT 2 & GLENWOOD DR,2919,RT 2 & CARPET MASTER,0.1 mi,0.22 km
90,West,30,2919,RT 2 & CARPET MASTER,2918,RT 2 & LATHAM VILLAGE LN,0.1 mi,0.24 km
90,West,31,2918,RT 2 & LATHAM VILLAGE LN,2917,RT 2 & 1ST AVE,0.1 mi,0.19 km
90,West,32,2917,RT 2 & 1ST AVE,2916,RT 2 & SCULLY AVE,394 ft,0.11 km
90,West,33,2916,RT 2 & SCULLY AVE,2915,RT 2 & RUHTZ AVE,0.1 mi,0.15 km
90,West,34,2915,RT 2 & RUHTZ AVE,2914,RT 2 & OLD LOUDON RD,0.3 mi,0.38 km
90,West,35,2914,RT 2 & OLD LOUDON RD,7167,HERBERT DR & LATHAM CIRCLE MALL,0.4 mi,0.4 km
90,West,36,7167,HERBERT DR & LATHAM CIRCLE MALL,11053,KLEIN'S SPORTS STORE & LATHAM CIRCLE MALL,0.1 mi,0.17 km
90,West,37,11053,KLEIN'S SPORTS STORE & LATHAM CIRCLE MALL,7168,RTS 2 & 9 & LATHAM FARMS MALL,0.7 mi,0.71 km
90,West,38,7168,RTS 2 & 9 & LATHAM FARMS MALL,10516,WOLF RD & ULENSKI DR,3.7 mi,4.41 km
90,West,39,10516,WOLF RD & ULENSKI DR,10517,WOLD RD & ALBANY AIRPORT INN / BEST WESTERN,0.1 mi,0.21 km
90,West,40,10517,WOLD RD & ALBANY AIRPORT INN / BEST WESTERN,10518,WOLF RD & HESS EXPRESS / PIER 1 IMPORTS,0.3 mi,0.51 km
90,West,41,10518,WOLF RD & HESS EXPRESS / PIER 1 IMPORTS,10519,WOLF RD & LAZARE LINCOLN / MERCURY DEALER,0.1 mi,0.21 km
90,West,42,10519,WOLF RD & LAZARE LINCOLN / MERCURY DEALER,10520,WOLF RD & COMPUTER DR,0.1 mi,0.21 km
90,West,43,10520,WOLF RD & COMPUTER DR,10521,WOLF RD & HANNAFORD PLAZA,0.2 mi,0.3 km
90,West,44,10521,WOLF RD & HANNAFORD PLAZA,10522,80 WOLF RD,0.2 mi,0.25 km
90,West,45,10522,80 WOLF RD,10523,50 WOLF RD,0.2 mi,0.25 km
90,West,46,10523,50 WOLF RD,32,WOLF RD & BED BATH AND BEYOND,0.3 mi,0.43 km
90,West,47,32,WOLF RD & BED BATH AND BEYOND,10514,CENTRAL AVE & NORTHWAY MALL,0.4 mi,0.49 km
90,West,48,10514,CENTRAL AVE & NORTHWAY MALL,3409,CENTRAL AVE  & NOLAN RD (OAK EXPRESS),0.2 mi,0.25 km
90,West,49,3409,CENTRAL AVE  & NOLAN RD (OAK EXPRESS),37,FULLER RD & WAREHOUSE ROW,0.6 mi,0.73 km
90,West,50,37,FULLER RD & WAREHOUSE ROW,38,FULLER RD & RAILROAD AVE,0.2 mi,0.29 km
90,West,51,38,FULLER RD & RAILROAD AVE,10135,WASHINGTON AVE & MAIN SUNY ENTRANCE RD,1.4 mi,1.01 km
90,West,52,10135,WASHINGTON AVE & MAIN SUNY ENTRANCE RD,7216,SUNY COLLINS CIRCLE,0.2 mi,0.25 km
90,West,53,7216,SUNY COLLINS CIRCLE,7175,CROSSGATES MID-MALL,2.2 mi,2.4 km