9,Counterclockwise,1,9018,BROADWAY & ORANGE ST,502,BROADWAY & QUACKENBUSH SQUARE,299 ft,0.1 km
9,Counterclockwise,2,502,BROADWAY & QUACKENBUSH SQUARE,3234,WILSON ST & N PEARL ST,0.2 mi,0.21 km
9,Counterclockwise,3,3234,WILSON ST & N PEARL ST,2168,N PEARL ST & CLINTON AVE ,0.2 mi,0.2 km
9,Counterclockwise,4,2168,N PEARL ST & CLINTON AVE ,10577,N PEARL ST & ORANGE ST ,482 ft,0.12 km
9,Counterclockwise,5,10577,N PEARL ST & ORANGE ST ,3233,N PEARL ST & SHERIDAN AVE ,404 ft,0.12 km
9,Counterclockwise,6,3233,N PEARL ST & SHERIDAN AVE ,3221,N PEARL ST & TEN EYCK PLAZA,0.2 mi,0.27 km
9,Counterclockwise,7,3221,N PEARL ST & TEN EYCK PLAZA,2665,STATE ST & LODGE ST,0.1 mi,0.1 km
9,Counterclockwise,8,2665,STATE ST & LODGE ST,10087,EAGLE ST & STATE ST (CITY HALL),0.1 mi,0.17 km
9,Counterclockwise,9,10087,EAGLE ST & STATE ST (CITY HALL),3250,WASHINGTON AVE & HAWK ST ,0.1 mi,0.21 km
9,Counterclockwise,10,3250,WASHINGTON AVE & HAWK ST ,3301,WASHINGTON AVE &S SWAN ST,0.1 mi,0.24 km
9,Counterclockwise,11,3301,WASHINGTON AVE &S SWAN ST,3241,WASHINGTON AVE & DOVE ST,0.2 mi,0.23 km
9,Counterclockwise,12,3241,WASHINGTON AVE & DOVE ST,3239,WASHINGTON AVE & LARK ST (ARMORY),0.1 mi,0.17 km
9,Counterclockwise,13,3239,WASHINGTON AVE & LARK ST (ARMORY),3455,CENTRAL AVE & HENRY JOHNSON BLVD,0.2 mi,0.35 km
9,Counterclockwise,14,3455,CENTRAL AVE & HENRY JOHNSON BLVD,2169,WASHINGTON AVE & LEXINGTON AVE,0.2 mi,0.25 km
9,Counterclockwise,15,2169,WASHINGTON AVE & LEXINGTON AVE,3313,ROBIN ST & WESTERN AVE,0.2 mi,0.17 km
9,Counterclockwise,16,3313,ROBIN ST & WESTERN AVE,285,WESTERN AVE & THURLOW TERR,0.1 mi,0.15 km
9,Counterclockwise,17,285,WESTERN AVE & THURLOW TERR,286,WESTERN AVE & N LAKE AVE,0.1 mi,0.19 km
9,Counterclockwise,18,286,WESTERN AVE & N LAKE AVE,283,WESTERN AVE & QUAIL ST,0.1 mi,0.23 km
9,Counterclockwise,19,283,WESTERN AVE & QUAIL ST,10591,ONTARIO ST & WESTERN AVE,0.2 mi,0.28 km
9,Counterclockwise,20,10591,ONTARIO ST & WESTERN AVE,1246,ONTARIO ST & HAMILTON ST,0.1 mi,0.17 km
9,Counterclockwise,21,1246,ONTARIO ST & HAMILTON ST,1245,ONTARION ST & MADISON AVE,407 ft,0.11 km
9,Counterclockwise,22,1245,ONTARION ST & MADISON AVE,624,ONTARIO ST & YATES ST,272 ft,0.08 km
9,Counterclockwise,23,624,ONTARIO ST & YATES ST,1244,ONTARIO ST & MORRIS ST,269 ft,0.08 km
9,Counterclockwise,24,1244,ONTARIO ST & MORRIS ST,625,ONTARIO ST & MYRTLE AVE,262 ft,0.08 km
9,Counterclockwise,25,625,ONTARIO ST & MYRTLE AVE,626,ONTARIO ST & PARK AVE,335 ft,0.09 km
9,Counterclockwise,26,626,ONTARIO ST & PARK AVE,1260,ONTARIO ST & WARREN ST,299 ft,0.09 km
9,Counterclockwise,27,1260,ONTARIO ST & WARREN ST,1243,ONTARIO ST & MERCER ST,279 ft,0.09 km
9,Counterclockwise,28,1243,ONTARIO ST & MERCER ST,627,ONTARIO ST & PROVIDENCE ST,253 ft,0.08 km
9,Counterclockwise,29,627,ONTARIO ST & PROVIDENCE ST,628,ONTARIO ST & WOODLAWN AVE,423 ft,0.13 km
9,Counterclockwise,30,628,ONTARIO ST & WOODLAWN AVE,1242,ONTARIO ST & AVENUE B AVE,479 ft,0.15 km
9,Counterclockwise,31,1242,ONTARIO ST & AVENUE B AVE,1241,ONTARIO ST & NEW SCOTLAND AVE,469 ft,0.14 km
9,Counterclockwise,32,1241,ONTARIO ST & NEW SCOTLAND AVE,453,NEW SCOTLAND AVE & NORWOOD AVE,0.1 mi,0.18 km
9,Counterclockwise,33,453,NEW SCOTLAND AVE & NORWOOD AVE,454,NEW SCOTLAND AVE & GLENWOOD ST,374 ft,0.11 km
9,Counterclockwise,34,454,NEW SCOTLAND AVE & GLENWOOD ST,455,NEW SCOTLAND AVE & PARKWOOD ST,361 ft,0.11 km
9,Counterclockwise,35,455,NEW SCOTLAND AVE & PARKWOOD ST,457,NEW SCOTLAND AVE & W ERIE ST,266 ft,0.07 km
9,Counterclockwise,36,457,NEW SCOTLAND AVE & W ERIE ST,3955,CARDINAL AVE & NEW SCOTLAND AVE,0.1 mi,0.17 km
9,Counterclockwise,37,3955,CARDINAL AVE & NEW SCOTLAND AVE,1240,CARDINAL AVE & HELDERBERG AVE,0.1 mi,0.19 km
9,Counterclockwise,38,1240,CARDINAL AVE & HELDERBERG AVE,1239,CARDINAL AVE (BTW HELDERBURG & HACKETT),430 ft,0.13 km
9,Counterclockwise,39,1239,CARDINAL AVE (BTW HELDERBURG & HACKETT),1238,CARDINAL AVE & HACKETT BLVD,354 ft,0.11 km
9,Counterclockwise,40,1238,CARDINAL AVE & HACKETT BLVD,1237,124 CARDINAL AVE,0.1 mi,0.23 km
9,Counterclockwise,41,1237,124 CARDINAL AVE,1236,CARDINAL AVE & WHITEHALL RD,0.1 mi,0.21 km
9,Counterclockwise,42,1236,CARDINAL AVE & WHITEHALL RD,629,WHITEHALL RD & MARLBOROUGH CT,0.1 mi,0.15 km
9,Counterclockwise,43,629,WHITEHALL RD & MARLBOROUGH CT,630,WHITEHALL RD & CARISLE CT,0.1 mi,0.19 km
9,Counterclockwise,44,630,WHITEHALL RD & CARISLE CT,631,WHITEHALL RD & SWARTSON CT,387 ft,0.11 km
9,Counterclockwise,45,631,WHITEHALL RD & SWARTSON CT,1235,WHITEHALL RD & MARIETTE PL,253 ft,0.08 km
9,Counterclockwise,46,1235,WHITEHALL RD & MARIETTE PL,1234,WHITEHALL RD & KELTON CT,387 ft,0.12 km
9,Counterclockwise,47,1234,WHITEHALL RD & KELTON CT,632,WHITEHALL RD & ELBEL CT,499 ft,0.15 km
9,Counterclockwise,48,632,WHITEHALL RD & ELBEL CT,3954,WHITEHALL RD & ROSE CT,276 ft,0.08 km
9,Counterclockwise,49,3954,WHITEHALL RD & ROSE CT,1073,WHITEHALL RD & EDGECOMB ST,295 ft,0.09 km
9,Counterclockwise,50,1073,WHITEHALL RD & EDGECOMB ST,634,WHITEHALL RD & HOLMES CT,371 ft,0.11 km
9,Counterclockwise,51,634,WHITEHALL RD & HOLMES CT,635,WHITEHALL RD & MCDONALD RD,0.1 mi,0.21 km
9,Counterclockwise,52,635,WHITEHALL RD & MCDONALD RD,1233,WHITEHALL RD & SARD RD,223 ft,0.07 km
9,Counterclockwise,53,1233,WHITEHALL RD & SARD RD,1232,WHITEHALL RD & DELAWARE AVE,0.1 mi,0.22 km
9,Counterclockwise,54,1232,WHITEHALL RD & DELAWARE AVE,487,DELAWARE AVE & BECKMAN ST,0.1 mi,0.21 km
9,Counterclockwise,55,487,DELAWARE AVE & BECKMAN ST,486,DELAWARE AVE & STANWIX ST,207 ft,0.06 km
9,Counterclockwise,56,486,DELAWARE AVE & STANWIX ST,485,DELAWARE AVE &JEANETTE ST,338 ft,0.1 km
9,Counterclockwise,57,485,DELAWARE AVE &JEANETTE ST,2955,DELAWARE AVE & MARSHALL ST,246 ft,0.07 km
9,Counterclockwise,58,2955,DELAWARE AVE & MARSHALL ST,484,DELAWARE AVE & BERTHA ST,318 ft,0.1 km
9,Counterclockwise,59,484,DELAWARE AVE & BERTHA ST,483,DELAWARE AVE & HURBLUT ST,230 ft,0.07 km
9,Counterclockwise,60,483,DELAWARE AVE & HURBLUT ST,482,DELAWARE AVE & BARCLAY ST,384 ft,0.12 km
9,Counterclockwise,61,482,DELAWARE AVE & BARCLAY ST,481,DELAWARE AVE & MAGNOLIA TERR,0.1 mi,0.17 km
9,Counterclockwise,62,481,DELAWARE AVE & MAGNOLIA TERR,480,DELAWARE AVE & MONA TERR,328 ft,0.1 km
9,Counterclockwise,63,480,DELAWARE AVE & MONA TERR,1969,DELAWARE AVE & BESCH AVE,466 ft,0.14 km
9,Counterclockwise,64,1969,DELAWARE AVE & BESCH AVE,2951,DELAWARE AVE & MORTON AVE,413 ft,0.12 km
9,Counterclockwise,65,2951,DELAWARE AVE & MORTON AVE,1231,MORTON AVE & ONEIDA TERR,459 ft,0.13 km
9,Counterclockwise,66,1231,MORTON AVE & ONEIDA TERR,1230,MORTON AVE & S SWAN ST,0.1 mi,0.19 km
9,Counterclockwise,67,1230,MORTON AVE & S SWAN ST,1229,MORTON AVE & S HAWK ST,0.1 mi,0.21 km
9,Counterclockwise,68,1229,MORTON AVE & S HAWK ST,1228,MORTON AVE & EAGLE ST,0.1 mi,0.2 km
9,Counterclockwise,69,1228,MORTON AVE & EAGLE ST,1227,EAGLE ST & WARREN ST,0.1 mi,0.15 km
9,Counterclockwise,70,1227,EAGLE ST & WARREN ST,1226,EAGLE ST & PARK AVE,351 ft,0.1 km
9,Counterclockwise,71,1226,EAGLE ST & PARK AVE,1225,EAGLE ST & MYRTLE AVE,282 ft,0.09 km
9,Counterclockwise,72,1225,EAGLE ST & MYRTLE AVE,1224,EAGLE ST & ELM ST,456 ft,0.14 km
9,Counterclockwise,73,1224,EAGLE ST & ELM ST,3216,EAGLE ST & MADISON AVE,325 ft,0.1 km
9,Counterclockwise,74,3216,EAGLE ST & MADISON AVE,10850,EAGLE ST & HOWARD ST,0.3 mi,0.4 km
9,Counterclockwise,75,10850,EAGLE ST & HOWARD ST,10592,EAGLE ST & STATE ST ,0.1 mi,0.16 km
9,Counterclockwise,76,10592,EAGLE ST & STATE ST ,2509,STATE ST & LODGE ST,0.2 mi,0.2 km
9,Counterclockwise,77,2509,STATE ST & LODGE ST,2589,STATE ST & PEARL ST,249 ft,0.07 km
9,Counterclockwise,78,2589,STATE ST & PEARL ST,3940,BROADWAY & PETER D KIERNAN PLAZA,0.2 mi,0.3 km