11,washington_west,1,3253,WASHINGTON AVE & ROBIN ST (DRAPER HALL),3313,ROBIN ST & WESTERN AVE,0.1 mi,0.16 km
11,washington_west,2,3313,ROBIN ST & WESTERN AVE,10610,BACKSIDE OF DRAPER ON WESTERN AVE,213 ft,0.06 km
11,washington_west,3,10610,BACKSIDE OF DRAPER ON WESTERN AVE,285,WESTERN AVE & THURLOW TERR,305 ft,0.09 km
11,washington_west,4,285,WESTERN AVE & THURLOW TERR,286,WESTERN AVE & N LAKE AVE,0.1 mi,0.19 km
11,washington_west,5,286,WESTERN AVE & N LAKE AVE,283,WESTERN AVE & QUAIL ST,0.1 mi,0.23 km
11,washington_west,6,283,WESTERN AVE & QUAIL ST,883,WESTERN AVE & ONTARIO ST,0.2 mi,0.26 km
11,washington_west,7,883,WESTERN AVE & ONTARIO ST,884,WESTERN AVE & PARTRIDGE ST,0.1 mi,0.23 km
11,washington_west,8,884,WESTERN AVE & PARTRIDGE ST,887,WESTERN AVE & N MAIN AVE,0.3 mi,0.51 km
11,washington_west,9,887,WESTERN AVE & N MAIN AVE,11436,N MAIN AVE & WASHINGTON AVE,0.3 mi,0.46 km
11,washington_west,10,11436,N MAIN AVE & WASHINGTON AVE,3263,WASHINGTON AVE & W LAWRENCE ST,0.1 mi,0.17 km
11,washington_west,11,3263,WASHINGTON AVE & W LAWRENCE ST,3287,WASHINGTON AVE & N ALLEN ST,430 ft,0.13 km
11,washington_west,12,3287,WASHINGTON AVE & N ALLEN ST,1997,WASHINGTON AVE & PINE ST,0.1 mi,0.17 km
11,washington_west,13,1997,WASHINGTON AVE & PINE ST,1846,WASHINGTON AVE & MANNING BLVD,0.1 mi,0.18 km
11,washington_west,14,1846,WASHINGTON AVE & MANNING BLVD,1847,WASHINGTON AVE & WINTHROP AVE,0.1 mi,0.16 km
11,washington_west,15,1847,WASHINGTON AVE & WINTHROP AVE,1849,WASHINGTON AVE & HOMESTEAD AVE,226 ft,0.06 km
11,washington_west,16,1849,WASHINGTON AVE & HOMESTEAD AVE,1850,WASHINGTON AVE & VER PLANCK ST,325 ft,0.1 km
11,washington_west,17,1850,WASHINGTON AVE & VER PLANCK ST,1851,WASHINGTON AVE & VAN BUREN ST,262 ft,0.08 km
11,washington_west,18,1851,WASHINGTON AVE & VAN BUREN ST,3399,WASHINGTON AVE & DANKER AVE,217 ft,0.07 km
11,washington_west,19,3399,WASHINGTON AVE & DANKER AVE,1874,WASHINGTON AVE & CROSSWELL AVE,354 ft,0.11 km
11,washington_west,20,1874,WASHINGTON AVE & CROSSWELL AVE,1840,WASHINGTON AVE & BUELL ST,295 ft,0.08 km
11,washington_west,21,1840,WASHINGTON AVE & BUELL ST,1959,WASHINGTON AVE & COLVIN AVE,184 ft,0.06 km
11,washington_west,22,1959,WASHINGTON AVE & COLVIN AVE,1852,WASHINGTON AVE & ROSEMONT ST,0.1 mi,0.16 km
11,washington_west,23,1852,WASHINGTON AVE & ROSEMONT ST,976,WASHINGTON AVE & BREVATOR ST,331 ft,0.09 km
11,washington_west,24,976,WASHINGTON AVE & BREVATOR ST,1853,WASHINGTON AVE & VICTOR ST,361 ft,0.11 km
11,washington_west,25,1853,WASHINGTON AVE & VICTOR ST,979,WASHINGTON AVE & JERMAIN ST,305 ft,0.09 km
11,washington_west,26,979,WASHINGTON AVE & JERMAIN ST,3262,WASHINGTON AVE & FAIRFIELD INN,0.8 mi,1.35 km
11,washington_west,27,3262,WASHINGTON AVE & FAIRFIELD INN,10135,WASHINGTON AVE & MAIN SUNY ENTRANCE RD,0.4 mi,0.59 km
11,washington_west,28,10135,WASHINGTON AVE & MAIN SUNY ENTRANCE RD,7216,SUNY COLLINS CIRCLE,0.2 mi,0.25 km
11,washington_west,29,7216,SUNY COLLINS CIRCLE,7175,CROSSGATES MID-MALL,2.2 mi,2.4 km