63,West ,1,3248,BROADWAY & SUNY PLAZA,2664,STATE ST & JAMES ST,0.2 mi,0.24 km
63,West ,2,2664,STATE ST & JAMES ST,2665,STATE ST & LODGE ST,0.1 mi,0.15 km
63,West ,3,2665,STATE ST & LODGE ST,10087,EAGLE ST & STATE ST (CITY HALL),0.1 mi,0.17 km
63,West ,4,10087,EAGLE ST & STATE ST (CITY HALL),3250,WASHINGTON AVE & HAWK ST,0.1 mi,0.21 km
63,West ,5,3250,WASHINGTON AVE & HAWK ST,3301,WASHINGTON AVE & S SWAN ST,0.1 mi,0.24 km
63,West ,6,3301,WASHINGTON AVE & S SWAN ST,3241,WASHTINGTON AVE & DOVE ST,0.2 mi,0.23 km
63,West ,7,3241,WASHTINGTON AVE & DOVE ST,3219,LARK ST & WASHINGTON AVE,0.2 mi,0.25 km
63,West ,8,3219,LARK ST & WASHINGTON AVE,10121,LARK ST & STATE ST,200 ft,0.06 km
63,West ,9,10121,LARK ST & STATE ST,564,LARK ST & LANCASTER ST,476 ft,0.15 km
63,West ,10,564,LARK ST & LANCASTER ST,561,LARK ST & HUDSON AVE,427 ft,0.13 km
63,West ,11,561,LARK ST & HUDSON AVE,589,LARK ST & MADISON AVE,0.1 mi,0.19 km
63,West ,12,589,LARK ST & MADISON AVE,264,MADSION AVE & WILLETT ST,0.1 mi,0.18 km
63,West ,13,264,MADSION AVE & WILLETT ST,265,MADISON AVE & NEW SCOTLAND AVE,0.2 mi,0.25 km
63,West ,14,265,MADISON AVE & NEW SCOTLAND AVE,270,MADISON AVE & ROBIN ST,0.1 mi,0.23 km
63,West ,15,270,MADISON AVE & ROBIN ST,266,MADISON AVE &  ROBIN ST / S LAKE ST,0.1 mi,0.19 km
63,West ,16,266,MADISON AVE &  ROBIN ST / S LAKE ST,267,MADSION AVE & S LAKE AVE,0.1 mi,0.15 km
63,West ,17,267,MADSION AVE & S LAKE AVE,268,MADISON AVE & S LAKE ST / QUAIL ST,479 ft,0.14 km
63,West ,18,268,MADISON AVE & S LAKE ST / QUAIL ST,269,MADISON AVE & QUAIL ST,367 ft,0.11 km
63,West ,19,269,MADISON AVE & QUAIL ST,3284,MADISON AVE & ONTARIO ST,0.1 mi,0.22 km
63,West ,20,3284,MADISON AVE & ONTARIO ST,272,MADISON AVE & PARTRIDGE ST,0.1 mi,0.22 km
63,West ,21,272,MADISON AVE & PARTRIDGE ST,274,MADISON AVE & SAINT ROSE COLLEGE,0.2 mi,0.33 km
63,West ,22,274,MADISON AVE & SAINT ROSE COLLEGE,3333,MADISON AVE & N MAIN ST & MADISON AVE,0.1 mi,0.17 km
63,West ,23,3333,MADISON AVE & N MAIN ST & MADISON AVE,275,MADISON AVE & W LAWRENCE ST,0.1 mi,0.17 km
63,West ,24,275,MADISON AVE & W LAWRENCE ST,276,MADISON AVE & S ALLEN ST,0.1 mi,0.16 km
63,West ,25,276,MADISON AVE & S ALLEN ST,277,WESTERN AVE & N PINE AVE,463 ft,0.14 km
63,West ,26,277,WESTERN AVE & N PINE AVE,278,WESTERN AVE & MANNING BLVD,449 ft,0.14 km
63,West ,27,278,WESTERN AVE & MANNING BLVD,279,WESTERN AVE & WINTHROP AVE,0.1 mi,0.23 km
63,West ,28,279,WESTERN AVE & WINTHROP AVE,335,WESTERN AVE & HOMESTEAD AVE,348 ft,0.1 km
63,West ,29,335,WESTERN AVE & HOMESTEAD AVE,298,WESTERN AVE & TERRACE AVE,358 ft,0.11 km
63,West ,30,298,WESTERN AVE & TERRACE AVE,288,WESTERN AVE & FAIRLAWN AVE,312 ft,0.09 km
63,West ,31,288,WESTERN AVE & FAIRLAWN AVE,281,WESTERN AVE & BELVEDERE AVE,167 ft,0.04 km
63,West ,32,281,WESTERN AVE & BELVEDERE AVE,289,WESTERN AVE & EILEEN ST,0.1 mi,0.19 km
63,West ,33,289,WESTERN AVE & EILEEN ST,290,WESTERN AVE & CLERMONT ST,443 ft,0.12 km
63,West ,34,290,WESTERN AVE & CLERMONT ST,291,WESTERN AVE & ROSEMONT ST,322 ft,0.07 km
63,West ,35,291,WESTERN AVE & ROSEMONT ST,865,WESTERN AVE & BREVATOR ST,358 ft,0.11 km
63,West ,36,865,WESTERN AVE & BREVATOR ST,867,WESTERN AVE & SEMINOLE AVE,0.1 mi,0.17 km
63,West ,37,867,WESTERN AVE & SEMINOLE AVE,10221,WESTERN AVE & DAYTONA AVE,407 ft,0.13 km
63,West ,38,10221,WESTERN AVE & DAYTONA AVE,866,WESTERN AVE & CAMPUS ACCESS RD,0.1 mi,0.2 km
63,West ,39,866,WESTERN AVE & CAMPUS ACCESS RD,870,WESTERN AVE & RUSSELL RD,0.2 mi,0.34 km
63,West ,40,870,WESTERN AVE & RUSSELL RD,872,WESTERN AVE & CAMBRIDGE RD,436 ft,0.12 km
63,West ,41,872,WESTERN AVE & CAMBRIDGE RD,871,WESTERN AVE & CLAREDON RD,466 ft,0.11 km
63,West ,42,871,WESTERN AVE & CLAREDON RD,873,WESTERN AVE & TUDOR RD,361 ft,0.11 km
63,West ,43,873,WESTERN AVE & TUDOR RD,413,WESTERN AVE & UNIVERSITY PL,0.1 mi,0.19 km
63,West ,44,413,WESTERN AVE & UNIVERSITY PL,874,WESTERN AVE & HOMESTEAD ST,358 ft,0.11 km
63,West ,45,874,WESTERN AVE & HOMESTEAD ST,10217,WESTERN AVE & GLYNN ST,364 ft,0.11 km
63,West ,46,10217,WESTERN AVE & GLYNN ST,10616,WESTERN AVE & BEST WESTERN,0.2 mi,0.27 km
63,West ,47,10616,WESTERN AVE & BEST WESTERN,304,WESTERN AVE & ARCADIA AVE,0.1 mi,0.17 km
63,West ,48,304,WESTERN AVE & ARCADIA AVE,305,WESTERN AVE & KNOWLES TERR,374 ft,0.1 km
63,West ,49,305,WESTERN AVE & KNOWLES TERR,306,WESTERN AVE & WAVERLY PL,0.1 mi,0.18 km
63,West ,50,306,WESTERN AVE & WAVERLY PL,10193,WESTERN AVE & NORWOOD ST,341 ft,0.07 km
63,West ,51,10193,WESTERN AVE & NORWOOD ST,309,WESTERN AVE & GLENWOOD ST,476 ft,0.14 km
63,West ,52,309,WESTERN AVE & GLENWOOD ST,308,WESTERN AVE & PARKWOOD ST,354 ft,0.1 km
63,West ,53,308,WESTERN AVE & PARKWOOD ST,310,WESTERN AVE & ELMWOOD ST,440 ft,0.13 km