10,Broadway_East,1,7175,CROSSGATES MID-MALL,405,WESTERN AVE & JOHNSTON ST,0.6 mi,0.57 km
10,Broadway_East,2,405,WESTERN AVE & JOHNSTON ST,406,WESTERN AVE & GARIEL TERR,0.1 mi,0.2 km
10,Broadway_East,3,406,WESTERN AVE & GARIEL TERR,407,WESTERN AVE & ALTON RD,469 ft,0.14 km
10,Broadway_East,4,407,WESTERN AVE & ALTON RD,408,WESTERN AVE & CHAPMAN DR,0.3 mi,0.46 km
10,Broadway_East,5,408,WESTERN AVE & CHAPMAN DR,12021,2 EXECUTIVE PARK DR,0.8 mi,0.96 km
10,Broadway_East,6,12021,2 EXECUTIVE PARK DR,12022,EXECUTIVE PARK DRIVE @ STOP SIGN,0.2 mi,0.26 km
10,Broadway_East,7,12022,EXECUTIVE PARK DRIVE @ STOP SIGN,10623,STUYVESANT PLAZA (US POST OFFICE),0.2 mi,0.22 km
10,Broadway_East,8,10623,STUYVESANT PLAZA (US POST OFFICE),10622,STUYVESANT PLAZA (MANGIA),0.2 mi,0.22 km
10,Broadway_East,9,10622,STUYVESANT PLAZA (MANGIA),10620,1450 WESTERN AVE,0.2 mi,0.22 km
10,Broadway_East,10,10620,1450 WESTERN AVE,2016,WESTERN AVE & MCKOWN RD,0.2 mi,0.26 km
10,Broadway_East,11,2016,WESTERN AVE & MCKOWN RD,2018,WESTERN AVE & WESTLYN CT,0.1 mi,0.17 km
10,Broadway_East,12,2018,WESTERN AVE & WESTLYN CT,2017,WESTERN AVE & BROOKWOOD AVE,397 ft,0.12 km
10,Broadway_East,13,2017,WESTERN AVE & BROOKWOOD AVE,2015,WESTERN AVE & ARCADIA AVE,404 ft,0.12 km
10,Broadway_East,14,2015,WESTERN AVE & ARCADIA AVE,10617,WESTERN AVE & HILLCREST ST,331 ft,0.11 km
10,Broadway_East,15,10617,WESTERN AVE & HILLCREST ST,231,WESTERN AVE & TRYON PL,0.2 mi,0.24 km
10,Broadway_East,16,231,WESTERN AVE & TRYON PL,233,WESTERN AVE & GLYNN ST,328 ft,0.1 km
10,Broadway_East,17,233,WESTERN AVE & GLYNN ST,232,WESTERN AVE & HOMESTEAD ST,338 ft,0.11 km
10,Broadway_East,18,232,WESTERN AVE & HOMESTEAD ST,234,WESTERN AVE & MAGAZINE ST,0.2 mi,0.26 km
10,Broadway_East,19,234,WESTERN AVE & MAGAZINE ST,235,WESTERN AVE & LOCUST ST,0.1 mi,0.18 km
10,Broadway_East,20,235,WESTERN AVE & LOCUST ST,236,WESTERN AVE & RUSSELL RD,0.1 mi,0.22 km
10,Broadway_East,21,236,WESTERN AVE & RUSSELL RD,228,WESTERN AVE & BEACON AVE,0.1 mi,0.17 km
10,Broadway_East,22,228,WESTERN AVE & BEACON AVE,10612,WESTERN AVE & HILLCREST AVE,276 ft,0.08 km
10,Broadway_East,23,10612,WESTERN AVE & HILLCREST AVE,10619,BUILDING 8 (select trips),1.4 mi,0.71 km
10,Broadway_East,24,10619,BUILDING 8 (select trips),10618,BUILDING 9 (select trips),1 ft,0 km
10,Broadway_East,25,10618,BUILDING 9 (select trips),251,WESTERN AVE & PINEHURST AVE,1.3 mi,0.72 km
10,Broadway_East,26,251,WESTERN AVE & PINEHURST AVE,239,WESTERN AVE & ORLANDO AVE,299 ft,0.09 km
10,Broadway_East,27,239,WESTERN AVE & ORLANDO AVE,240,WESTERN AVE & DAYTONA AVE,253 ft,0.08 km
10,Broadway_East,28,240,WESTERN AVE & DAYTONA AVE,241,WESTERN AVE & SEMINOLE AVE,318 ft,0.11 km
10,Broadway_East,29,241,WESTERN AVE & SEMINOLE AVE,242,WESTERN AVE & TAMPA AVE / ORMOND ST,486 ft,0.16 km
10,Broadway_East,30,242,WESTERN AVE & TAMPA AVE / ORMOND ST,243,WESTERN AVE & ORMOND ST / DAVIS AVE,407 ft,0.12 km
10,Broadway_East,31,243,WESTERN AVE & ORMOND ST / DAVIS AVE,244,WESTERN AVE & MILNER AVE,417 ft,0.12 km
10,Broadway_East,32,244,WESTERN AVE & MILNER AVE,245,WESTERN AVE & COLONIAL AVE,0.1 mi,0.12 km
10,Broadway_East,33,245,WESTERN AVE & COLONIAL AVE,238,WESTERN AVE & HOLMES DALE AVE,407 ft,0.11 km
10,Broadway_East,34,238,WESTERN AVE & HOLMES DALE AVE,296,WESTERN AVE & FAIRLAWN AVE,400 ft,0.12 km
10,Broadway_East,35,296,WESTERN AVE & FAIRLAWN AVE,297,WESTERN AVE & EUCLID AVE,361 ft,0.11 km
10,Broadway_East,36,297,WESTERN AVE & EUCLID AVE,247,WESTERN AVE & BROOKLINE AVE,289 ft,0.09 km
10,Broadway_East,37,247,WESTERN AVE & BROOKLINE AVE,248,WESTERN AVE & MARION AVE,430 ft,0.13 km
10,Broadway_East,38,248,WESTERN AVE & MARION AVE,249,WESTERN AVE & S MANNING BLVD,364 ft,0.11 km
10,Broadway_East,39,249,WESTERN AVE & S MANNING BLVD,877,WESTERN AVE & ALLEN ST,0.2 mi,0.36 km
10,Broadway_East,40,877,WESTERN AVE & ALLEN ST,1356,WESTERN AVE & W LAWRENCE ST,390 ft,0.12 km
10,Broadway_East,41,1356,WESTERN AVE & W LAWRENCE ST,3428,WESTERN AVE & N MAIN ST,0.1 mi,0.2 km
10,Broadway_East,42,3428,WESTERN AVE & N MAIN ST,882,WESTERN AVE & PARTRIDGE ST,0.3 mi,0.49 km
10,Broadway_East,43,882,WESTERN AVE & PARTRIDGE ST,257,WESTERN AVE & ONTARIO ST,0.1 mi,0.23 km
10,Broadway_East,44,257,WESTERN AVE & ONTARIO ST,258,WESTERN AVE & QUAIL ST,0.1 mi,0.22 km
10,Broadway_East,45,258,WESTERN AVE & QUAIL ST,259,WESTERN AVE & S LAKE AVE,0.2 mi,0.27 km
10,Broadway_East,46,259,WESTERN AVE & S LAKE AVE,260,WESTERN AVE & THURLOW TERR,0.1 mi,0.16 km
10,Broadway_East,47,260,WESTERN AVE & THURLOW TERR,261,WESTERN AVE & ROBIN ST,0.1 mi,0.22 km
10,Broadway_East,48,261,WESTERN AVE & ROBIN ST,262,WESTERN AVE & SPRAGUE PL,0.1 mi,0.17 km
10,Broadway_East,49,262,WESTERN AVE & SPRAGUE PL,263,WASHINGTON AVE & HENRY JOHNSON BLVD,0.2 mi,0.24 km
10,Broadway_East,50,263,WASHINGTON AVE & HENRY JOHNSON BLVD,2663,WASHINGTON AVE & LARK ST,0.1 mi,0.2 km
10,Broadway_East,51,2663,WASHINGTON AVE & LARK ST,1788,WASHINGTON AVE & DOVE ST,0.1 mi,0.24 km
10,Broadway_East,52,1788,WASHINGTON AVE & DOVE ST,1789,WASHINGTON AVE & S SWAN ST,0.2 mi,0.27 km
10,Broadway_East,53,1789,WASHINGTON AVE & S SWAN ST,2706,WASHINGTON AVE & HAWK ST,0.1 mi,0.16 km
10,Broadway_East,54,2706,WASHINGTON AVE & HAWK ST,1787,STATE ST & EAGLE ST,0.2 mi,0.31 km
10,Broadway_East,55,1787,STATE ST & EAGLE ST,2509,STATE ST & LODGE ST,0.1 mi,0.16 km
10,Broadway_East,56,2509,STATE ST & LODGE ST,2589,STATE ST & PEARL ST,249 ft,0.07 km
10,Broadway_East,57,2589,STATE ST & PEARL ST,3940,BROADWAY & PETER D KIERNAN PLAZA,0.2 mi,0.3 km
10,Broadway_East,58,3940,BROADWAY & PETER D KIERNAN PLAZA,9018,BROADWAY & ORANGE ST,0.1 mi,0.23 km