10,Greyhound_east,1,7175,CROSSGATES MID-MALL,405,WESTERN AVE & JOHNSTON ST,0.6 mi,0.57 km
10,Greyhound_east,2,405,WESTERN AVE & JOHNSTON ST,406,WESTERN AVE & GARIEL TERR,0.1 mi,0.2 km
10,Greyhound_east,3,406,WESTERN AVE & GARIEL TERR,407,WESTERN AVE & ALTON RD,469 ft,0.14 km
10,Greyhound_east,4,407,WESTERN AVE & ALTON RD,408,WESTERN AVE & CHAPMAN DR,0.3 mi,0.46 km
10,Greyhound_east,5,408,WESTERN AVE & CHAPMAN DR,12021,2 EXECUTIVE PARK DR,0.8 mi,0.96 km
10,Greyhound_east,6,12021,2 EXECUTIVE PARK DR,12022,EXECUTIVE PARK DRIVE @ STOP SIGN,0.2 mi,0.26 km
10,Greyhound_east,7,12022,EXECUTIVE PARK DRIVE @ STOP SIGN,10623,STUYVESANT PLAZA (US POST OFFICE),0.2 mi,0.22 km
10,Greyhound_east,8,10623,STUYVESANT PLAZA (US POST OFFICE),10622,STUYVESANT PLAZA (MANGIA),0.2 mi,0.22 km
10,Greyhound_east,9,10622,STUYVESANT PLAZA (MANGIA),233,WESTERN AVE & GLYNN ST,0.9 mi,1.31 km
10,Greyhound_east,10,233,WESTERN AVE & GLYNN ST,232,WESTERN AVE & HOMESTEAD ST,338 ft,0.11 km
10,Greyhound_east,11,232,WESTERN AVE & HOMESTEAD ST,234,WESTERN AVE & MAGAZINE ST,0.2 mi,0.26 km
10,Greyhound_east,12,234,WESTERN AVE & MAGAZINE ST,235,WESTERN AVE & LOCUST ST,0.1 mi,0.18 km
10,Greyhound_east,13,235,WESTERN AVE & LOCUST ST,236,WESTERN AVE & RUSSELL RD,0.1 mi,0.22 km
10,Greyhound_east,14,236,WESTERN AVE & RUSSELL RD,228,WESTERN AVE & BEACON AVE,0.1 mi,0.17 km
10,Greyhound_east,15,228,WESTERN AVE & BEACON AVE,10612,WESTERN AVE & HILLCREST AVE,276 ft,0.08 km
10,Greyhound_east,16,10612,WESTERN AVE & HILLCREST AVE,251,WESTERN AVE & PINEHURST AVE,476 ft,0.12 km
10,Greyhound_east,17,251,WESTERN AVE & PINEHURST AVE,239,WESTERN AVE & ORLANDO AVE,299 ft,0.09 km
10,Greyhound_east,18,239,WESTERN AVE & ORLANDO AVE,240,WESTERN AVE & DAYTONA AVE,253 ft,0.08 km
10,Greyhound_east,19,240,WESTERN AVE & DAYTONA AVE,241,WESTERN AVE & SEMINOLE AVE,318 ft,0.11 km
10,Greyhound_east,20,241,WESTERN AVE & SEMINOLE AVE,242,WESTERN AVE & TAMPA AVE / ORMOND ST,486 ft,0.16 km
10,Greyhound_east,21,242,WESTERN AVE & TAMPA AVE / ORMOND ST,243,WESTERN AVE & ORMOND ST / DAVIS AVE,407 ft,0.12 km
10,Greyhound_east,22,243,WESTERN AVE & ORMOND ST / DAVIS AVE,244,WESTERN AVE & MILNER AVE,413 ft,0.12 km
10,Greyhound_east,23,244,WESTERN AVE & MILNER AVE,245,WESTERN AVE & COLONIAL AVE,328 ft,0.1 km
10,Greyhound_east,24,245,WESTERN AVE & COLONIAL AVE,238,WESTERN AVE & HOLMES DALE AVE,407 ft,0.11 km
10,Greyhound_east,25,238,WESTERN AVE & HOLMES DALE AVE,296,WESTERN AVE & FAIRLAWN AVE,400 ft,0.12 km
10,Greyhound_east,26,296,WESTERN AVE & FAIRLAWN AVE,297,WESTERN AVE & EUCLID AVE,361 ft,0.11 km
10,Greyhound_east,27,297,WESTERN AVE & EUCLID AVE,247,WESTERN AVE & BROOKLINE AVE,289 ft,0.09 km
10,Greyhound_east,28,247,WESTERN AVE & BROOKLINE AVE,248,WESTERN AVE & MARION AVE,430 ft,0.13 km
10,Greyhound_east,29,248,WESTERN AVE & MARION AVE,249,WESTERN AVE & S MANNING BLVD,364 ft,0.11 km
10,Greyhound_east,30,249,WESTERN AVE & S MANNING BLVD,877,WESTERN AVE & ALLEN ST,0.2 mi,0.36 km
10,Greyhound_east,31,877,WESTERN AVE & ALLEN ST,1356,WESTERN AVE & W LAWRENCE ST,390 ft,0.12 km
10,Greyhound_east,32,1356,WESTERN AVE & W LAWRENCE ST,3428,WESTERN AVE & N MAIN ST,0.1 mi,0.2 km
10,Greyhound_east,33,3428,WESTERN AVE & N MAIN ST,882,WESTERN AVE & PARTRIDGE ST,0.3 mi,0.49 km
10,Greyhound_east,34,882,WESTERN AVE & PARTRIDGE ST,257,WESTERN AVE & ONTARIO ST,0.1 mi,0.23 km
10,Greyhound_east,35,257,WESTERN AVE & ONTARIO ST,258,WESTERN AVE & QUAIL ST,0.1 mi,0.22 km
10,Greyhound_east,36,258,WESTERN AVE & QUAIL ST,259,WESTERN AVE & S LAKE AVE,0.2 mi,0.27 km
10,Greyhound_east,37,259,WESTERN AVE & S LAKE AVE,260,WESTERN AVE & THURLOW TERR,0.1 mi,0.16 km
10,Greyhound_east,38,260,WESTERN AVE & THURLOW TERR,261,WESTERN AVE & ROBIN ST,0.1 mi,0.22 km
10,Greyhound_east,39,261,WESTERN AVE & ROBIN ST,262,WESTERN AVE & SPRAGUE PL,0.1 mi,0.17 km
10,Greyhound_east,40,262,WESTERN AVE & SPRAGUE PL,263,WASHINGTON AVE & HENRY JOHNSON BLVD,0.2 mi,0.24 km
10,Greyhound_east,41,263,WASHINGTON AVE & HENRY JOHNSON BLVD,2663,WASHINGTON AVE & LARK ST,0.1 mi,0.2 km
10,Greyhound_east,42,2663,WASHINGTON AVE & LARK ST,1788,WASHINGTON AVE & DOVE ST,0.1 mi,0.24 km
10,Greyhound_east,43,1788,WASHINGTON AVE & DOVE ST,1789,WASHINGTON AVE & S SWAN ST,0.2 mi,0.27 km
10,Greyhound_east,44,1789,WASHINGTON AVE & S SWAN ST,2706,WASHINGTON AVE & HAWK ST,0.1 mi,0.16 km
10,Greyhound_east,45,2706,WASHINGTON AVE & HAWK ST,1787,STATE ST & EAGLE ST,0.2 mi,0.31 km
10,Greyhound_east,46,1787,STATE ST & EAGLE ST,2509,STATE ST & LODGE ST,0.1 mi,0.16 km
10,Greyhound_east,47,2509,STATE ST & LODGE ST,2589,STATE ST & PEARL ST,256 ft,0.07 km
10,Greyhound_east,48,2589,STATE ST & PEARL ST,3937,BROADWAY & HUDSON AVE,0.2 mi,0.26 km
10,Greyhound_east,49,3937,BROADWAY & HUDSON AVE,10502,MADISON AVE & GREEN ST,0.3 mi,0.38 km
10,Greyhound_east,50,10502,MADISON AVE & GREEN ST,10503,GREYHOUND TERMINAL,0.1 mi,0.15 km