11,Washington_East,77.20732117
11,Washington_East,75.87525177
11,Washington_East,75.88448334
11,Washington_East,76.35681915
11,Washington_East,77.8044281
11,Washington_East,78.02894592
11,Washington_East,75.54258728
11,Washington_East,75.79414368
11,Washington_East,76.14020538
11,Washington_East,75.78512573
11,Washington_East,75.32513428
11,Washington_East,75.4319458
11,Washington_East,75.80187225
11,Washington_East,77.20215607
11,Washington_East,77.80377197
11,Washington_East,78.47681427
11,Washington_East,79.68456268
11,Washington_East,79.7784729
11,Washington_East,77.62833405
11,Washington_East,73.2430191
11,Washington_East,72.22262573
11,Washington_East,72.21952057
11,Washington_East,72.19230652
11,Washington_East,72.20316315
11,Washington_East,73.11932373
11,Washington_East,74.30872345
11,Washington_East,75.80030823
11,Washington_East,77.65647888
11,Washington_East,79.05418396
11,Washington_East,79.13513947
11,Washington_East,78.4465332
11,Washington_East,74.6979599
11,Washington_East,72.34234619
11,Washington_East,71.91268921
11,Washington_East,71.56645966
11,Washington_East,71.46072388
11,Washington_East,71.11009216
11,Washington_East,71.00534821
11,Washington_East,72.79608154
11,Washington_East,75.83460999
11,Washington_East,80.46616364
11,Washington_East,80.31411743
11,Washington_East,81.5116272
11,Washington_East,81.10585022
11,Washington_East,79.37084198
11,Washington_East,76.71827698
11,Washington_East,72.7381134
11,Washington_East,76.17726135
11,Washington_East,81.74750519
11,Washington_East,79.64496613
11,Washington_East,77.47975922
11,Washington_East,77.51846313
11,Washington_East,77.99226379
11,Washington_East,78.42542267
11,Washington_East,78.85731506
11,Washington_East,79.46907043
11,Washington_East,81.42107391
11,Washington_East,80.23695374
11,Washington_East,81.10463715
11,Washington_East,81.8214035
11,Washington_East,81.82313538
11,Washington_East,82.20001221
11,Washington_East,82.33866882
11,Washington_East,82.24513245
11,Washington_East,82.32545471
11,Washington_East,82.32538605
11,Washington_East,82.66170502
11,Washington_East,84.41945648
11,Washington_East,84.32079315
11,Washington_East,81.29651642
11,Washington_East,81.03358459
11,Washington_East,81.15087128
11,Washington_East,81.62815094
11,Washington_East,82.33081818
11,Washington_East,83.64019012
11,Washington_East,85.02967072
11,Washington_East,84.98091888
11,Washington_East,83.71577454
11,Washington_East,83.71939087
11,Washington_East,84.91468811
11,Washington_East,89.5923233
11,Washington_East,88.43245697
11,Washington_East,79.47348022
11,Washington_East,79.51603699
11,Washington_East,79.51659393
11,Washington_East,80.70169067
11,Washington_East,82.03895569
11,Washington_East,81.86782074
11,Washington_East,81.63085175
11,Washington_East,81.93981934
11,Washington_East,82.53797913
11,Washington_East,84.01753998
11,Washington_East,83.96370697
11,Washington_East,82.32932281
11,Washington_East,80.03655243
11,Washington_East,77.77662659
11,Washington_East,77.12888336
11,Washington_East,76.52117157
11,Washington_East,76.28983307
11,Washington_East,76.45732117
11,Washington_East,76.04734039
11,Washington_East,76.0333786
11,Washington_East,76.01600647
11,Washington_East,76.01600647
11,Washington_East,76.01600647
11,Washington_East,76.01600647
11,Washington_East,76.01600647
11,Washington_East,76.01600647
11,Washington_East,76.01600647
11,Washington_East,76.01600647
11,Washington_East,76.01600647
11,Washington_East,76.01600647
11,Washington_East,76.01600647
11,Washington_East,76.01600647
11,Washington_East,76.01600647
11,Washington_East,76.01600647
11,Washington_East,76.01600647
11,Washington_East,76.01600647
11,Washington_East,76.02220917
11,Washington_East,76.06729126
11,Washington_East,76.01608276
11,Washington_East,76.02465057
11,Washington_East,76.09774017
11,Washington_East,76.11919403
11,Washington_East,76.22497559
11,Washington_East,76.98828888
11,Washington_East,78.07331085
11,Washington_East,78.83009338
11,Washington_East,79.09377289
11,Washington_East,79.18167877
11,Washington_East,79.41322327
11,Washington_East,79.86306763
11,Washington_East,79.91637421
11,Washington_East,79.63636017
11,Washington_East,79.00428009
11,Washington_East,79.165802
11,Washington_East,82.32240295
11,Washington_East,80.71829224
11,Washington_East,79.53898621
11,Washington_East,79.87037659
11,Washington_East,79.10889435
11,Washington_East,78.51103973
11,Washington_East,78.41668701
11,Washington_East,80.56551361
11,Washington_East,83.78166962
11,Washington_East,81.9497757
11,Washington_East,81.7900238
11,Washington_East,81.57714081
11,Washington_East,81.46138
11,Washington_East,81.62030792
11,Washington_East,81.74731445
11,Washington_East,81.72550201
11,Washington_East,81.52901459
11,Washington_East,81.29795837
11,Washington_East,81.04961395
11,Washington_East,80.92772675
11,Washington_East,81.27706146
11,Washington_East,80.5990448
11,Washington_East,79.87220764
11,Washington_East,79.4079361
11,Washington_East,80.69342804
11,Washington_East,82.46720886
11,Washington_East,77.2014389
11,Washington_East,75.12880707
11,Washington_East,75.15089417
11,Washington_East,75.54319763
11,Washington_East,76.00828552
11,Washington_East,75.74643707
11,Washington_East,75.18564606
11,Washington_East,75.17411804
11,Washington_East,75.42454529
11,Washington_East,75.6685791
11,Washington_East,75.82611084
11,Washington_East,76.17199707
11,Washington_East,76.22075653
11,Washington_East,76.03451538
11,Washington_East,77.05072021
11,Washington_East,78.42691803
11,Washington_East,79.48660278
11,Washington_East,80.79358673
11,Washington_East,82.72738647
11,Washington_East,82.72873688
11,Washington_East,82.2301712
11,Washington_East,82.08935547
11,Washington_East,82.09912109
11,Washington_East,82.063797
11,Washington_East,82.07243347
11,Washington_East,82.05562592
11,Washington_East,82.04893494
11,Washington_East,82.13518524
11,Washington_East,82.47320557
11,Washington_East,82.31869507
11,Washington_East,82.13555145
11,Washington_East,82.09088135
11,Washington_East,82.1100235
11,Washington_East,82.11811066
11,Washington_East,82.11681366
11,Washington_East,82.02342224
11,Washington_East,81.82926178
11,Washington_East,81.89897919
11,Washington_East,81.93989563
11,Washington_East,81.88476563
11,Washington_East,81.55416107
11,Washington_East,81.34526825
11,Washington_East,81.17388916
11,Washington_East,81.14009094
11,Washington_East,80.86549377
11,Washington_East,80.38430786
11,Washington_East,79.80902863
11,Washington_East,79.3536911
11,Washington_East,79.23671722
11,Washington_East,79.29209137
11,Washington_East,79.61678314
11,Washington_East,79.63175964
11,Washington_East,79.70816803
11,Washington_East,79.82922363
11,Washington_East,80.019104
11,Washington_East,80.3265686
11,Washington_East,80.66827393
11,Washington_East,81.15511322
11,Washington_East,81.26837158
11,Washington_East,81.32709503
11,Washington_East,81.43200684
11,Washington_East,81.70648193
11,Washington_East,81.76358032
11,Washington_East,81.73126984
11,Washington_East,81.6754837
11,Washington_East,81.61108398
11,Washington_East,81.44740295
11,Washington_East,81.10555267
11,Washington_East,80.4276123
11,Washington_East,80.03123474
11,Washington_East,79.66487885
11,Washington_East,79.50002289
11,Washington_East,79.45051575
11,Washington_East,79.47327423
11,Washington_East,79.61294556
11,Washington_East,79.84362793
11,Washington_East,80.05602264
11,Washington_East,80.15978241
11,Washington_East,80.32493591
11,Washington_East,80.51237488
11,Washington_East,80.47122955
11,Washington_East,80.52061462
11,Washington_East,80.61093903
11,Washington_East,80.52518463
11,Washington_East,80.40955353
11,Washington_East,80.23741913
11,Washington_East,79.94696045
11,Washington_East,79.7569046
11,Washington_East,79.38961029
11,Washington_East,79.02413177
11,Washington_East,79.42489624
11,Washington_East,78.99053955
11,Washington_East,78.69887543
11,Washington_East,78.71807098
11,Washington_East,78.71807098
11,Washington_East,78.70777893
11,Washington_East,78.69338226
11,Washington_East,78.68663788
11,Washington_East,78.6819458
11,Washington_East,78.66156006
11,Washington_East,78.62329102
11,Washington_East,78.56741333
11,Washington_East,78.5163269
11,Washington_East,78.48054504
11,Washington_East,78.45386505
11,Washington_East,78.42910004
11,Washington_East,78.39548492
11,Washington_East,78.36190033
11,Washington_East,78.33176422
11,Washington_East,78.2993927
11,Washington_East,78.25637817
11,Washington_East,78.20262146
11,Washington_East,78.1546402
11,Washington_East,78.11427307
11,Washington_East,78.0815506
11,Washington_East,78.05265808
11,Washington_East,78.01290894
11,Washington_East,77.96351624
11,Washington_East,77.91020966
11,Washington_East,77.85456848
11,Washington_East,77.81819153
11,Washington_East,77.78308105
11,Washington_East,77.76566315
11,Washington_East,77.73439789
11,Washington_East,77.68855286
11,Washington_East,77.62717438
11,Washington_East,77.57065582
11,Washington_East,77.51998901
11,Washington_East,77.51306152
11,Washington_East,77.48927307
11,Washington_East,77.46365356
11,Washington_East,77.44377899
11,Washington_East,77.42036438
11,Washington_East,77.37997437
11,Washington_East,77.33319092
11,Washington_East,77.30052185
11,Washington_East,77.26798248
11,Washington_East,77.23731232
11,Washington_East,77.21311951
11,Washington_East,77.19767761
11,Washington_East,77.19189453
11,Washington_East,77.16836548
11,Washington_East,77.12718201
11,Washington_East,77.07440948
11,Washington_East,77.02016449
11,Washington_East,76.97398376
11,Washington_East,76.93417358
11,Washington_East,76.89909363
11,Washington_East,76.85655975
11,Washington_East,76.8145752
11,Washington_East,76.77301025
11,Washington_East,76.74311066
11,Washington_East,76.70952606
11,Washington_East,76.65991211
11,Washington_East,76.6192627
11,Washington_East,76.585495
11,Washington_East,76.54428101
11,Washington_East,76.49141693
11,Washington_East,76.44369507
11,Washington_East,76.40953064
11,Washington_East,76.37632751
11,Washington_East,76.32759857
11,Washington_East,76.2742691
11,Washington_East,76.23184967
11,Washington_East,76.19907379
11,Washington_East,76.16777802
11,Washington_East,76.13404846
11,Washington_East,76.10347748
11,Washington_East,76.06453705
11,Washington_East,76.00701904
11,Washington_East,75.93328094
11,Washington_East,75.84230042
11,Washington_East,75.74316406
11,Washington_East,75.65555573
11,Washington_East,75.58184814
11,Washington_East,75.51792145
11,Washington_East,75.46331787
11,Washington_East,75.41468811
11,Washington_East,75.38650513
11,Washington_East,75.36705017
11,Washington_East,75.36640167
11,Washington_East,75.36572266
11,Washington_East,75.35303497
11,Washington_East,75.33389282
11,Washington_East,75.31645203
11,Washington_East,75.29814911
11,Washington_East,75.27210236
11,Washington_East,75.24297333
11,Washington_East,75.18385315
11,Washington_East,75.1149292
11,Washington_East,75.02947235
11,Washington_East,74.94932556
11,Washington_East,74.87249756
11,Washington_East,74.79091644
11,Washington_East,74.71033478
11,Washington_East,74.63457489
11,Washington_East,74.55715942
11,Washington_East,74.47344208
11,Washington_East,74.37287903
11,Washington_East,74.26390839
11,Washington_East,74.16259766
11,Washington_East,74.07460022
11,Washington_East,74.01313019
11,Washington_East,73.95218658
11,Washington_East,73.88510132
11,Washington_East,73.79499817
11,Washington_East,73.69566345
11,Washington_East,73.59492493
11,Washington_East,73.47776031
11,Washington_East,73.35484314
11,Washington_East,73.23351288
11,Washington_East,73.1206665
11,Washington_East,73.00970459
11,Washington_East,72.87391663
11,Washington_East,72.70983124
11,Washington_East,72.53423309
11,Washington_East,72.36164856
11,Washington_East,72.20579529
11,Washington_East,72.04650116
11,Washington_East,71.88666534
11,Washington_East,71.71429443
11,Washington_East,71.50247192
11,Washington_East,71.26792908
11,Washington_East,70.98557281
11,Washington_East,70.68102264
11,Washington_East,70.43319702
11,Washington_East,70.2279892
11,Washington_East,70.06674957
11,Washington_East,69.93994141
11,Washington_East,69.86717224
11,Washington_East,69.7950592
11,Washington_East,69.73891449
11,Washington_East,69.69693756
11,Washington_East,69.67218018
11,Washington_East,69.65409088
11,Washington_East,69.65998077
11,Washington_East,69.66456604
11,Washington_East,69.66861725
11,Washington_East,69.67321777
11,Washington_East,69.67873383
11,Washington_East,69.68265533
11,Washington_East,69.68675232
11,Washington_East,69.68490601
11,Washington_East,69.68655396
11,Washington_East,69.69429016
11,Washington_East,69.69878387
11,Washington_East,69.69404602
11,Washington_East,69.6858139
11,Washington_East,69.68413544
11,Washington_East,69.68575287
11,Washington_East,69.68373871
11,Washington_East,69.67973328
11,Washington_East,69.68166351
11,Washington_East,69.68536377
11,Washington_East,69.6764679
11,Washington_East,69.66144562
11,Washington_East,69.65483093
11,Washington_East,69.65343475
11,Washington_East,69.66294098
11,Washington_East,69.66688538
11,Washington_East,69.6707077
11,Washington_East,69.67982483
11,Washington_East,69.68109131
11,Washington_East,69.68276978
11,Washington_East,69.68078613
11,Washington_East,69.67549896
11,Washington_East,69.66149902
11,Washington_East,69.65472412
11,Washington_East,69.65919495
11,Washington_East,69.65481567
11,Washington_East,69.65415192
11,Washington_East,69.65763855
11,Washington_East,69.65737152
11,Washington_East,69.64715576
11,Washington_East,69.63751984
11,Washington_East,69.63604736
11,Washington_East,69.63554382
11,Washington_East,69.62695313
11,Washington_East,69.61223602
11,Washington_East,69.60359955
11,Washington_East,69.60455322
11,Washington_East,69.6035614
11,Washington_East,69.59107971
11,Washington_East,69.5852356
11,Washington_East,69.57839203
11,Washington_East,69.59284973
11,Washington_East,69.60713959
11,Washington_East,69.6133194
11,Washington_East,69.6166153
11,Washington_East,69.59445953
11,Washington_East,69.56768036
11,Washington_East,69.53335571
11,Washington_East,69.49881744
11,Washington_East,69.47851563
11,Washington_East,69.46350861
11,Washington_East,69.44869995
11,Washington_East,69.43177032
11,Washington_East,69.41682434
11,Washington_East,69.40303802
11,Washington_East,69.39855194
11,Washington_East,69.38856506
11,Washington_East,69.37090302
11,Washington_East,69.32555389
11,Washington_East,69.25296021
11,Washington_East,69.1890564
11,Washington_East,69.13851166
11,Washington_East,69.12840271
11,Washington_East,69.12612915
11,Washington_East,69.10555267
11,Washington_East,69.06394196
11,Washington_East,69.01547241
11,Washington_East,68.97608948
11,Washington_East,68.95555115
11,Washington_East,68.94312286
11,Washington_East,68.92860413
11,Washington_East,68.91146851
11,Washington_East,68.9228363
11,Washington_East,68.93870544
11,Washington_East,68.95155334
11,Washington_East,68.95998383
11,Washington_East,68.9585495
11,Washington_East,68.95565796
11,Washington_East,68.95623016
11,Washington_East,68.97034454
11,Washington_East,68.99262238
11,Washington_East,69.01418304
11,Washington_East,69.04039764
11,Washington_East,69.06098938
11,Washington_East,69.06878662
11,Washington_East,69.0693512
11,Washington_East,69.07460022
11,Washington_East,69.08617401
11,Washington_East,69.10084534
11,Washington_East,69.10245514
11,Washington_East,69.09588623
11,Washington_East,69.08811951
11,Washington_East,69.07175446
11,Washington_East,69.04175568
11,Washington_East,69.00305176
11,Washington_East,68.96139526
11,Washington_East,68.91958618
11,Washington_East,68.88368988
11,Washington_East,68.83976746
11,Washington_East,68.78222656
11,Washington_East,68.72225952
11,Washington_East,68.69046021
11,Washington_East,68.67831421
11,Washington_East,68.68901062
11,Washington_East,68.70970917
11,Washington_East,68.71298218
11,Washington_East,68.71298218
11,Washington_East,68.72763824
11,Washington_East,68.76196289
11,Washington_East,68.81089783
11,Washington_East,68.86860657
11,Washington_East,68.91495514
11,Washington_East,68.94766998
11,Washington_East,68.98797607
11,Washington_East,69.05605316
11,Washington_East,69.13770294
11,Washington_East,69.19692993
11,Washington_East,69.23488617
11,Washington_East,69.27721405
11,Washington_East,69.31886292
11,Washington_East,69.36223602
11,Washington_East,69.39427948
11,Washington_East,69.41342926
11,Washington_East,69.43144226
11,Washington_East,69.44662476
11,Washington_East,69.46058655
11,Washington_East,69.46709442
11,Washington_East,69.46501923
11,Washington_East,69.45883179
11,Washington_East,69.45528412
11,Washington_East,69.45511627
11,Washington_East,69.45803833
11,Washington_East,69.46472931
11,Washington_East,69.47229767
11,Washington_East,69.49037933
11,Washington_East,69.50125885
11,Washington_East,69.50506592
11,Washington_East,69.475914
11,Washington_East,69.44197083
11,Washington_East,69.4186554
11,Washington_East,69.40172577
11,Washington_East,69.38459015
11,Washington_East,69.36689758
11,Washington_East,69.36540985
11,Washington_East,69.35760498
11,Washington_East,69.3248291
11,Washington_East,69.30089569
11,Washington_East,69.30147552
11,Washington_East,69.29039764
11,Washington_East,69.26896667
11,Washington_East,69.24472046
11,Washington_East,69.21451569
11,Washington_East,69.18691254
11,Washington_East,69.16138458
11,Washington_East,69.12831879
11,Washington_East,69.10419464
11,Washington_East,69.09693909
11,Washington_East,69.08661652
11,Washington_East,69.04772949
11,Washington_East,69.00039673
11,Washington_East,68.96193695
11,Washington_East,68.93052673
11,Washington_East,68.89844513
11,Washington_East,68.88531494
11,Washington_East,68.87593842
11,Washington_East,68.85666656
11,Washington_East,68.82542419
11,Washington_East,68.80570984
11,Washington_East,68.7791748
11,Washington_East,68.75488281
11,Washington_East,68.74047089
11,Washington_East,68.75379181
11,Washington_East,68.76138306
11,Washington_East,68.76527405
11,Washington_East,68.74914551
11,Washington_East,68.73041534
11,Washington_East,68.71337891
11,Washington_East,68.7036972
11,Washington_East,68.6969223
11,Washington_East,68.67076874
11,Washington_East,68.63973236
11,Washington_East,68.61155701
11,Washington_East,68.55904388
11,Washington_East,68.50842285
11,Washington_East,68.48616791
11,Washington_East,68.45316315
11,Washington_East,68.4256134
11,Washington_East,68.40625
11,Washington_East,68.37454987
11,Washington_East,68.3502655
11,Washington_East,68.31393433
11,Washington_East,68.25527954
11,Washington_East,68.17945862
11,Washington_East,68.12709808
11,Washington_East,68.08901215
11,Washington_East,68.03657532
11,Washington_East,67.97858429
11,Washington_East,67.94228363
11,Washington_East,67.92581177
11,Washington_East,67.92188263
11,Washington_East,67.89916992
11,Washington_East,67.86534119
11,Washington_East,67.8216629
11,Washington_East,67.78393555
11,Washington_East,67.75997925
11,Washington_East,67.74655151
11,Washington_East,67.7467804
11,Washington_East,67.74871063
11,Washington_East,67.74487305
11,Washington_East,67.74999237
11,Washington_East,67.77164459
11,Washington_East,67.79436493
11,Washington_East,67.81000519
11,Washington_East,67.80238342
11,Washington_East,67.79612732
11,Washington_East,67.78157043
11,Washington_East,67.75852203
11,Washington_East,67.73339844
11,Washington_East,67.71876526
11,Washington_East,67.71710205
11,Washington_East,67.70908356
11,Washington_East,67.68282318
11,Washington_East,67.64917755
11,Washington_East,67.61673737
11,Washington_East,67.58256531
11,Washington_East,67.54612732
11,Washington_East,67.49481201
11,Washington_East,67.43209839
11,Washington_East,67.35915375
11,Washington_East,67.31529236
11,Washington_East,67.27670288
11,Washington_East,67.2224884
11,Washington_East,67.1615448
11,Washington_East,67.11960602
11,Washington_East,67.07519531
11,Washington_East,67.02127838
11,Washington_East,66.97535706
11,Washington_East,66.95124054
11,Washington_East,66.95210266
11,Washington_East,66.94683075
11,Washington_East,66.9340744
11,Washington_East,66.92403412
11,Washington_East,66.91728973
11,Washington_East,66.907547
11,Washington_East,66.8812027
11,Washington_East,66.82527161
11,Washington_East,66.7611618
11,Washington_East,66.70027924
11,Washington_East,66.63116455
11,Washington_East,66.55397034
11,Washington_East,66.49578094
11,Washington_East,66.41161346
11,Washington_East,66.2673645
11,Washington_East,66.1076355
11,Washington_East,65.96151733
11,Washington_East,65.86342621
11,Washington_East,65.78196716
11,Washington_East,65.70571136
11,Washington_East,65.66119385
11,Washington_East,65.62757874
11,Washington_East,65.62403107
11,Washington_East,65.62374115
11,Washington_East,65.6210556
11,Washington_East,65.61685944
11,Washington_East,65.59178162
11,Washington_East,65.54607391
11,Washington_East,65.58533478
11,Washington_East,65.64601135
11,Washington_East,65.72483063
11,Washington_East,65.79559326
11,Washington_East,65.85903931
11,Washington_East,65.90210724
11,Washington_East,65.94724274
11,Washington_East,65.9886322
11,Washington_East,66.01351929
11,Washington_East,66.02802277
11,Washington_East,66.06278992
11,Washington_East,66.1133194
11,Washington_East,66.16398621
11,Washington_East,66.21643066
11,Washington_East,66.28970337
11,Washington_East,66.34475708
11,Washington_East,66.39855194
11,Washington_East,66.47782898
11,Washington_East,66.56703186
11,Washington_East,66.66819
11,Washington_East,66.76296234
11,Washington_East,66.8194809
11,Washington_East,66.84939575
11,Washington_East,66.89625549
11,Washington_East,66.95095062
11,Washington_East,67.01927185
11,Washington_East,67.07863617
11,Washington_East,67.13748169
11,Washington_East,67.21526337
11,Washington_East,67.28585815
11,Washington_East,67.35331726
11,Washington_East,67.41008759
11,Washington_East,67.45373535
11,Washington_East,67.50635529
11,Washington_East,67.57447815
11,Washington_East,67.6177597
11,Washington_East,67.66144562
11,Washington_East,67.73545837
11,Washington_East,67.81965637
11,Washington_East,67.84981537
11,Washington_East,67.88009644
11,Washington_East,67.91031647
11,Washington_East,67.92476654
11,Washington_East,67.95212555
11,Washington_East,67.98664856
11,Washington_East,67.99276733
11,Washington_East,68.01213837
11,Washington_East,68.0486908
11,Washington_East,68.08255005
11,Washington_East,68.10207367
11,Washington_East,68.11321259
11,Washington_East,68.13087463
11,Washington_East,68.17465973
11,Washington_East,68.21447754
11,Washington_East,68.23878479
11,Washington_East,68.24713898
11,Washington_East,68.26285553
11,Washington_East,68.29676056
11,Washington_East,68.33885956
11,Washington_East,68.37995148
11,Washington_East,68.4214325
11,Washington_East,68.45751953
11,Washington_East,68.47787476
11,Washington_East,68.48921967
11,Washington_East,68.49867249
11,Washington_East,68.52071381
11,Washington_East,68.54868317
11,Washington_East,68.57445526
11,Washington_East,68.59725952
11,Washington_East,68.61930084
11,Washington_East,68.66362762
11,Washington_East,68.71160889
11,Washington_East,68.7594986
11,Washington_East,68.79248047
11,Washington_East,68.8130722
11,Washington_East,68.81550598
11,Washington_East,68.8398819
11,Washington_East,68.87631226
11,Washington_East,68.91286469
11,Washington_East,68.92735291
11,Washington_East,68.92663574
11,Washington_East,68.93481445
11,Washington_East,68.94309235
11,Washington_East,68.95314026
11,Washington_East,68.98780823
11,Washington_East,69.03066254
11,Washington_East,69.07229614
11,Washington_East,69.10218048
11,Washington_East,69.12262726
11,Washington_East,69.13475037
11,Washington_East,69.15040588
11,Washington_East,69.17828369
11,Washington_East,69.20689392
11,Washington_East,69.2347641
11,Washington_East,69.2615509
11,Washington_East,69.28822327
