12,Greyhound_West,5.863290787
12,Greyhound_West,5.849703312
12,Greyhound_West,5.803051472
12,Greyhound_West,5.808875561
12,Greyhound_West,5.861814499
12,Greyhound_West,5.889781475
12,Greyhound_West,5.889797688
12,Greyhound_West,5.88990736
12,Greyhound_West,5.893616676
12,Greyhound_West,5.805088043
12,Greyhound_West,5.667713642
12,Greyhound_West,5.506126881
12,Greyhound_West,5.310398102
12,Greyhound_West,5.14364481
12,Greyhound_West,5.01346302
12,Greyhound_West,4.88472271
12,Greyhound_West,4.761580467
12,Greyhound_West,4.656961441
12,Greyhound_West,4.586337566
12,Greyhound_West,4.562975883
12,Greyhound_West,4.526062965
12,Greyhound_West,4.470795155
12,Greyhound_West,4.426801205
12,Greyhound_West,4.441264629
12,Greyhound_West,4.489913464
12,Greyhound_West,4.557396412
12,Greyhound_West,4.651329994
12,Greyhound_West,4.707881451
12,Greyhound_West,4.867334843
12,Greyhound_West,5.003333569
12,Greyhound_West,5.123661995
12,Greyhound_West,5.243490219
12,Greyhound_West,5.367413521
12,Greyhound_West,5.528432369
12,Greyhound_West,5.692896843
12,Greyhound_West,5.844424248
12,Greyhound_West,6.0065341
12,Greyhound_West,6.178751945
12,Greyhound_West,6.333258629
12,Greyhound_West,6.4680686
12,Greyhound_West,6.632740498
12,Greyhound_West,6.810493469
12,Greyhound_West,6.929423332
12,Greyhound_West,7.055504322
12,Greyhound_West,7.16671896
12,Greyhound_West,7.248085499
12,Greyhound_West,7.328751564
12,Greyhound_West,7.385995865
12,Greyhound_West,7.457595825
12,Greyhound_West,7.507236481
12,Greyhound_West,7.495965958
12,Greyhound_West,7.459023476
12,Greyhound_West,7.450623512
12,Greyhound_West,7.445091724
12,Greyhound_West,7.40991354
12,Greyhound_West,7.376294136
12,Greyhound_West,7.36842823
12,Greyhound_West,7.328514576
12,Greyhound_West,7.300606251
12,Greyhound_West,7.242332458
12,Greyhound_West,7.246846199
12,Greyhound_West,7.23871088
12,Greyhound_West,7.403627872
12,Greyhound_West,7.704669952
12,Greyhound_West,8.122926712
12,Greyhound_West,8.555603981
12,Greyhound_West,9.021788597
12,Greyhound_West,9.48019886
12,Greyhound_West,9.921865463
12,Greyhound_West,10.38834572
12,Greyhound_West,10.86776447
12,Greyhound_West,11.33707333
12,Greyhound_West,11.7864809
12,Greyhound_West,12.2395668
12,Greyhound_West,12.68391705
12,Greyhound_West,13.12294674
12,Greyhound_West,13.60936832
12,Greyhound_West,14.06364155
12,Greyhound_West,14.25998211
12,Greyhound_West,14.28874779
12,Greyhound_West,14.30498695
12,Greyhound_West,14.31649494
12,Greyhound_West,14.31687832
12,Greyhound_West,14.32991028
12,Greyhound_West,14.36196899
12,Greyhound_West,14.35768414
12,Greyhound_West,14.33263874
12,Greyhound_West,14.26696491
12,Greyhound_West,14.19971466
12,Greyhound_West,14.15486813
12,Greyhound_West,14.13308811
12,Greyhound_West,14.0967617
12,Greyhound_West,14.02317524
12,Greyhound_West,13.95142841
12,Greyhound_West,13.93187618
12,Greyhound_West,13.90046692
12,Greyhound_West,14.3165102
12,Greyhound_West,14.81087208
12,Greyhound_West,15.72263241
12,Greyhound_West,17.14070129
12,Greyhound_West,18.30165863
12,Greyhound_West,19.09296036
12,Greyhound_West,19.86311531
12,Greyhound_West,20.66640663
12,Greyhound_West,21.53570366
12,Greyhound_West,22.51875114
12,Greyhound_West,23.52298355
12,Greyhound_West,24.43850899
12,Greyhound_West,25.24036026
12,Greyhound_West,26.02795982
12,Greyhound_West,26.85385132
12,Greyhound_West,27.95408249
12,Greyhound_West,29.33094025
12,Greyhound_West,30.31404495
12,Greyhound_West,30.78255844
12,Greyhound_West,31.14400673
12,Greyhound_West,31.51505089
12,Greyhound_West,31.89796638
12,Greyhound_West,32.30747986
12,Greyhound_West,32.71165848
12,Greyhound_West,33.14545059
12,Greyhound_West,33.68248367
12,Greyhound_West,34.31759644
12,Greyhound_West,34.89284134
12,Greyhound_West,34.92375946
12,Greyhound_West,34.96107864
12,Greyhound_West,34.99287415
12,Greyhound_West,35.10518646
12,Greyhound_West,35.24586868
12,Greyhound_West,35.466362
12,Greyhound_West,35.84730148
12,Greyhound_West,36.39920425
12,Greyhound_West,37.02427673
12,Greyhound_West,37.64390182
12,Greyhound_West,38.28727341
12,Greyhound_West,38.9744606
12,Greyhound_West,39.66161728
12,Greyhound_West,40.46488953
12,Greyhound_West,41.25721741
12,Greyhound_West,42.04109955
12,Greyhound_West,42.76929474
12,Greyhound_West,43.40686035
12,Greyhound_West,44.03443909
12,Greyhound_West,44.70589066
12,Greyhound_West,45.31579208
12,Greyhound_West,45.72211838
12,Greyhound_West,46.03691483
12,Greyhound_West,46.35066605
12,Greyhound_West,46.6299324
12,Greyhound_West,46.9190979
12,Greyhound_West,47.20219803
12,Greyhound_West,47.46284103
12,Greyhound_West,47.71011734
12,Greyhound_West,47.98829269
12,Greyhound_West,48.30002594
12,Greyhound_West,48.65932083
12,Greyhound_West,49.16332626
12,Greyhound_West,49.75597382
12,Greyhound_West,50.37304688
12,Greyhound_West,50.89986801
12,Greyhound_West,51.37997055
12,Greyhound_West,51.74439621
12,Greyhound_West,51.96604538
12,Greyhound_West,52.18625259
12,Greyhound_West,52.39308929
12,Greyhound_West,52.60148621
12,Greyhound_West,52.81290817
12,Greyhound_West,53.02353668
12,Greyhound_West,53.24569702
12,Greyhound_West,53.47454834
12,Greyhound_West,53.72572327
12,Greyhound_West,53.98801422
12,Greyhound_West,54.24654007
12,Greyhound_West,54.50078201
12,Greyhound_West,54.82316208
12,Greyhound_West,55.21323395
12,Greyhound_West,55.62200165
12,Greyhound_West,56.00424194
12,Greyhound_West,56.36751938
12,Greyhound_West,56.78065872
12,Greyhound_West,57.18932343
12,Greyhound_West,57.59408188
12,Greyhound_West,57.82012558
12,Greyhound_West,57.99541092
12,Greyhound_West,58.15468597
12,Greyhound_West,58.2904892
12,Greyhound_West,58.4374733
12,Greyhound_West,58.57823944
12,Greyhound_West,58.70505524
12,Greyhound_West,58.8240509
12,Greyhound_West,58.92610168
12,Greyhound_West,59.0646286
12,Greyhound_West,59.17044067
12,Greyhound_West,59.28690338
12,Greyhound_West,59.35868454
12,Greyhound_West,59.40861511
12,Greyhound_West,59.49103546
12,Greyhound_West,59.55686569
12,Greyhound_West,59.65652466
12,Greyhound_West,59.57569885
12,Greyhound_West,59.44955063
12,Greyhound_West,59.49481964
12,Greyhound_West,59.61299896
12,Greyhound_West,59.75068665
12,Greyhound_West,59.89625168
12,Greyhound_West,60.03033447
12,Greyhound_West,60.10935211
12,Greyhound_West,60.19498444
12,Greyhound_West,60.31533051
12,Greyhound_West,60.43027878
12,Greyhound_West,60.58690643
12,Greyhound_West,60.77309799
12,Greyhound_West,60.93244553
12,Greyhound_West,61.0651474
12,Greyhound_West,61.19932175
12,Greyhound_West,61.30031204
12,Greyhound_West,61.40442276
12,Greyhound_West,61.43735504
12,Greyhound_West,61.43039322
12,Greyhound_West,61.43530655
12,Greyhound_West,61.45932388
12,Greyhound_West,61.51153946
12,Greyhound_West,61.57390213
12,Greyhound_West,61.63306046
12,Greyhound_West,61.73558426
12,Greyhound_West,61.87914658
12,Greyhound_West,61.95184708
12,Greyhound_West,61.92252731
12,Greyhound_West,62.0104332
12,Greyhound_West,61.97669601
12,Greyhound_West,61.98310089
12,Greyhound_West,62.09654236
12,Greyhound_West,62.18429947
12,Greyhound_West,62.31348801
12,Greyhound_West,62.50630188
12,Greyhound_West,62.66560364
12,Greyhound_West,62.91795349
12,Greyhound_West,63.3657341
12,Greyhound_West,63.75464249
12,Greyhound_West,63.98845291
12,Greyhound_West,64.15046692
12,Greyhound_West,64.24911499
12,Greyhound_West,64.34396362
12,Greyhound_West,64.46051025
12,Greyhound_West,64.50749969
12,Greyhound_West,64.53847504
12,Greyhound_West,64.57574463
12,Greyhound_West,64.66975403
12,Greyhound_West,64.77987671
12,Greyhound_West,64.77212524
12,Greyhound_West,64.76066589
12,Greyhound_West,64.68818665
12,Greyhound_West,64.63337708
12,Greyhound_West,64.6645813
12,Greyhound_West,64.70197296
12,Greyhound_West,64.70693207
12,Greyhound_West,64.70693207
12,Greyhound_West,64.71656036
12,Greyhound_West,64.7468338
12,Greyhound_West,64.80461121
12,Greyhound_West,64.84030151
12,Greyhound_West,64.86719513
12,Greyhound_West,64.94882965
12,Greyhound_West,65.06043243
12,Greyhound_West,65.20462799
12,Greyhound_West,65.42862701
12,Greyhound_West,65.62274933
12,Greyhound_West,65.85312653
12,Greyhound_West,66.10003662
12,Greyhound_West,66.37471008
12,Greyhound_West,66.68994141
12,Greyhound_West,66.92797089
12,Greyhound_West,67.11087799
12,Greyhound_West,67.32076263
12,Greyhound_West,67.49166107
12,Greyhound_West,67.56575775
12,Greyhound_West,67.58489227
12,Greyhound_West,67.64067078
12,Greyhound_West,67.75045013
12,Greyhound_West,67.87233734
12,Greyhound_West,67.98213959
12,Greyhound_West,68.06174469
12,Greyhound_West,68.1700592
12,Greyhound_West,68.26065063
12,Greyhound_West,68.35423279
12,Greyhound_West,68.47872925
12,Greyhound_West,68.58041382
12,Greyhound_West,68.64280701
12,Greyhound_West,68.67191315
12,Greyhound_West,68.65535736
12,Greyhound_West,68.64079285
12,Greyhound_West,68.6342926
12,Greyhound_West,68.61940002
12,Greyhound_West,68.59870911
12,Greyhound_West,68.6632309
12,Greyhound_West,68.7782135
12,Greyhound_West,68.92965698
12,Greyhound_West,69.05033875
12,Greyhound_West,69.12242126
12,Greyhound_West,69.17875671
12,Greyhound_West,69.19799042
12,Greyhound_West,69.24160004
12,Greyhound_West,69.3215332
12,Greyhound_West,69.38305664
12,Greyhound_West,69.41375732
12,Greyhound_West,69.42843628
12,Greyhound_West,69.43244171
12,Greyhound_West,69.43058014
12,Greyhound_West,69.45815277
12,Greyhound_West,69.50558472
12,Greyhound_West,69.49481964
12,Greyhound_West,69.48768616
12,Greyhound_West,69.47224426
12,Greyhound_West,69.45853424
12,Greyhound_West,69.45072174
12,Greyhound_West,69.43613434
12,Greyhound_West,69.4309082
12,Greyhound_West,69.42224884
12,Greyhound_West,69.43464661
12,Greyhound_West,69.43948364
12,Greyhound_West,69.43180084
12,Greyhound_West,69.41544342
12,Greyhound_West,69.39824677
12,Greyhound_West,69.35312653
12,Greyhound_West,69.3079834
12,Greyhound_West,69.26409149
12,Greyhound_West,69.2199173
12,Greyhound_West,69.17401123
12,Greyhound_West,69.13548279
12,Greyhound_West,69.11429596
12,Greyhound_West,69.0710907
12,Greyhound_West,69.00236511
12,Greyhound_West,68.94862366
12,Greyhound_West,68.93386841
12,Greyhound_West,68.9269104
12,Greyhound_West,68.90553284
12,Greyhound_West,68.84339142
12,Greyhound_West,68.8144455
12,Greyhound_West,68.78627777
12,Greyhound_West,68.71939087
12,Greyhound_West,68.64065552
12,Greyhound_West,68.59537506
12,Greyhound_West,68.55654144
12,Greyhound_West,68.51205444
12,Greyhound_West,68.49033356
12,Greyhound_West,68.46508026
12,Greyhound_West,68.40602112
12,Greyhound_West,68.33798218
12,Greyhound_West,68.27364349
12,Greyhound_West,68.24730682
12,Greyhound_West,68.2162323
12,Greyhound_West,68.1468277
12,Greyhound_West,68.11343384
12,Greyhound_West,68.08371735
12,Greyhound_West,68.02560425
12,Greyhound_West,67.99446869
12,Greyhound_West,67.95336151
12,Greyhound_West,67.91482544
12,Greyhound_West,67.8687973
12,Greyhound_West,67.81939697
12,Greyhound_West,67.68517303
12,Greyhound_West,67.60389709
12,Greyhound_West,67.50766754
12,Greyhound_West,67.42756653
12,Greyhound_West,67.3372345
12,Greyhound_West,67.2199173
12,Greyhound_West,67.10491943
12,Greyhound_West,67.00671387
12,Greyhound_West,66.9044342
12,Greyhound_West,66.83386993
12,Greyhound_West,66.74945068
12,Greyhound_West,66.58853912
12,Greyhound_West,66.44372559
12,Greyhound_West,66.34642029
12,Greyhound_West,66.24327087
12,Greyhound_West,66.15509033
12,Greyhound_West,66.07257843
12,Greyhound_West,66.02787018
12,Greyhound_West,65.979599
12,Greyhound_West,65.9084549
12,Greyhound_West,65.82361603
12,Greyhound_West,65.70783997
12,Greyhound_West,65.59217834
12,Greyhound_West,65.58455658
12,Greyhound_West,65.62680817
12,Greyhound_West,65.62861633
12,Greyhound_West,65.62828064
12,Greyhound_West,65.6733551
12,Greyhound_West,65.77734375
12,Greyhound_West,65.91822815
12,Greyhound_West,66.1424942
12,Greyhound_West,66.39540863
12,Greyhound_West,66.52752686
12,Greyhound_West,66.64048004
12,Greyhound_West,66.74763489
12,Greyhound_West,66.8547287
12,Greyhound_West,66.90942383
12,Greyhound_West,66.92247772
12,Greyhound_West,66.94244385
12,Greyhound_West,66.95396423
12,Greyhound_West,66.96744537
12,Greyhound_West,67.04226685
12,Greyhound_West,67.12185669
12,Greyhound_West,67.20562744
12,Greyhound_West,67.29335022
12,Greyhound_West,67.36154938
12,Greyhound_West,67.4793396
12,Greyhound_West,67.56175232
12,Greyhound_West,67.61833954
12,Greyhound_West,67.67349243
12,Greyhound_West,67.71389008
12,Greyhound_West,67.71909332
12,Greyhound_West,67.75016022
12,Greyhound_West,67.78847504
12,Greyhound_West,67.80255127
12,Greyhound_West,67.80297852
12,Greyhound_West,67.76681519
12,Greyhound_West,67.74599457
12,Greyhound_West,67.74819183
12,Greyhound_West,67.7494812
12,Greyhound_West,67.78096008
12,Greyhound_West,67.84526825
12,Greyhound_West,67.90476227
12,Greyhound_West,67.92721558
12,Greyhound_West,67.95890808
12,Greyhound_West,68.0453186
12,Greyhound_West,68.11962891
12,Greyhound_West,68.21085358
12,Greyhound_West,68.32008362
12,Greyhound_West,68.36777496
12,Greyhound_West,68.41625977
12,Greyhound_West,68.45644379
12,Greyhound_West,68.50160217
12,Greyhound_West,68.58078766
12,Greyhound_West,68.64134979
12,Greyhound_West,68.692276
12,Greyhound_West,68.70730591
12,Greyhound_West,68.73103333
12,Greyhound_West,68.76181793
12,Greyhound_West,68.76204681
12,Greyhound_West,68.74372864
12,Greyhound_West,68.76983643
12,Greyhound_West,68.81097412
12,Greyhound_West,68.85450745
12,Greyhound_West,68.88491058
12,Greyhound_West,68.90477753
12,Greyhound_West,68.9576416
12,Greyhound_West,69.02566528
12,Greyhound_West,69.09276581
12,Greyhound_West,69.1035614
12,Greyhound_West,69.14625549
12,Greyhound_West,69.1918335
12,Greyhound_West,69.24272156
12,Greyhound_West,69.28105164
12,Greyhound_West,69.30384064
12,Greyhound_West,69.31756592
12,Greyhound_West,69.36427307
12,Greyhound_West,69.3712616
12,Greyhound_West,69.40036774
12,Greyhound_West,69.42974854
12,Greyhound_West,69.47934723
12,Greyhound_West,69.50750732
12,Greyhound_West,69.48882294
12,Greyhound_West,69.46900177
12,Greyhound_West,69.46018982
12,Greyhound_West,69.45987701
12,Greyhound_West,69.46822357
12,Greyhound_West,69.46760559
12,Greyhound_West,69.4467926
12,Greyhound_West,69.41958618
12,Greyhound_West,69.38267517
12,Greyhound_West,69.31508636
12,Greyhound_West,69.24607849
12,Greyhound_West,69.1751709
12,Greyhound_West,69.05012512
12,Greyhound_West,68.96001434
12,Greyhound_West,68.89826202
12,Greyhound_West,68.81174469
12,Greyhound_West,68.73844147
12,Greyhound_West,68.71816254
12,Greyhound_West,68.68979645
12,Greyhound_West,68.71070099
12,Greyhound_West,68.81765747
12,Greyhound_West,68.9074707
12,Greyhound_West,68.98731995
12,Greyhound_West,69.06467438
12,Greyhound_West,69.09825897
12,Greyhound_West,69.11109924
12,Greyhound_West,69.08673096
12,Greyhound_West,69.0750351
12,Greyhound_West,69.06208801
12,Greyhound_West,69.01306915
12,Greyhound_West,68.97045135
12,Greyhound_West,68.9641037
12,Greyhound_West,68.96596527
12,Greyhound_West,68.94231415
12,Greyhound_West,68.92538452
12,Greyhound_West,68.95573425
12,Greyhound_West,68.99476624
12,Greyhound_West,69.08576965
12,Greyhound_West,69.13790894
12,Greyhound_West,69.15576172
12,Greyhound_West,69.2738266
12,Greyhound_West,69.38122559
12,Greyhound_West,69.4066391
12,Greyhound_West,69.42580414
12,Greyhound_West,69.45663452
12,Greyhound_West,69.48588562
12,Greyhound_West,69.54088593
12,Greyhound_West,69.60092926
12,Greyhound_West,69.62037659
12,Greyhound_West,69.60015106
12,Greyhound_West,69.60015106
12,Greyhound_West,69.58718872
12,Greyhound_West,69.59010315
12,Greyhound_West,69.59450531
12,Greyhound_West,69.60363007
12,Greyhound_West,69.60865021
12,Greyhound_West,69.60741425
12,Greyhound_West,69.60788727
12,Greyhound_West,69.61518097
12,Greyhound_West,69.6281662
12,Greyhound_West,69.63744354
12,Greyhound_West,69.63974762
12,Greyhound_West,69.63873291
12,Greyhound_West,69.64310455
12,Greyhound_West,69.65259552
12,Greyhound_West,69.66160583
12,Greyhound_West,69.66136169
12,Greyhound_West,69.65816498
12,Greyhound_West,69.65719604
12,Greyhound_West,69.66046143
12,Greyhound_West,69.65932465
12,Greyhound_West,69.65683746
12,Greyhound_West,69.66430664
12,Greyhound_West,69.67642975
12,Greyhound_West,69.68208313
12,Greyhound_West,69.68299866
12,Greyhound_West,69.68457031
12,Greyhound_West,69.68235779
12,Greyhound_West,69.67958069
12,Greyhound_West,69.67131042
12,Greyhound_West,69.66847992
12,Greyhound_West,69.66539001
12,Greyhound_West,69.65723419
12,Greyhound_West,69.65428162
12,Greyhound_West,69.65842438
12,Greyhound_West,69.6665802
12,Greyhound_West,69.67992401
12,Greyhound_West,69.68613434
12,Greyhound_West,69.68276978
12,Greyhound_West,69.67959595
12,Greyhound_West,69.68360138
12,Greyhound_West,69.68599701
12,Greyhound_West,69.68623352
12,Greyhound_West,69.6843338
12,Greyhound_West,69.68754578
12,Greyhound_West,69.6944046
12,Greyhound_West,69.69881439
12,Greyhound_West,69.69745636
12,Greyhound_West,69.68924713
12,Greyhound_West,69.68492126
12,Greyhound_West,69.68580627
12,Greyhound_West,69.68572235
12,Greyhound_West,69.68224335
12,Greyhound_West,69.67884064
12,Greyhound_West,69.67401123
12,Greyhound_West,69.66925049
12,Greyhound_West,69.66617584
12,Greyhound_West,69.66207123
12,Greyhound_West,69.6577301
12,Greyhound_West,69.65310669
12,Greyhound_West,69.67125702
12,Greyhound_West,69.69335175
12,Greyhound_West,69.72389221
12,Greyhound_West,69.77231598
12,Greyhound_West,69.82408142
12,Greyhound_West,69.89200592
12,Greyhound_West,69.95339966
12,Greyhound_West,70.07423401
12,Greyhound_West,70.21333313
12,Greyhound_West,70.38660431
12,Greyhound_West,70.57420349
12,Greyhound_West,70.83287048
12,Greyhound_West,71.08895874
12,Greyhound_West,71.32221985
12,Greyhound_West,71.52061462
12,Greyhound_West,71.70343781
12,Greyhound_West,71.85398865
12,Greyhound_West,71.99419403
12,Greyhound_West,72.13804626
12,Greyhound_West,72.26979065
12,Greyhound_West,72.41156006
12,Greyhound_West,72.56121826
12,Greyhound_West,72.71285248
12,Greyhound_West,72.8564682
12,Greyhound_West,72.97974396
12,Greyhound_West,73.07990265
12,Greyhound_West,73.17292023
12,Greyhound_West,73.27465057
12,Greyhound_West,73.38069916
12,Greyhound_West,73.48587799
12,Greyhound_West,73.58843231
12,Greyhound_West,73.67658234
12,Greyhound_West,73.75966644
12,Greyhound_West,73.84825897
12,Greyhound_West,73.9085083
12,Greyhound_West,73.96843719
12,Greyhound_West,74.01586151
12,Greyhound_West,74.06962585
12,Greyhound_West,74.14321136
12,Greyhound_West,74.22920227
12,Greyhound_West,74.32291412
12,Greyhound_West,74.41487885
12,Greyhound_West,74.49724579
12,Greyhound_West,74.56565857
12,Greyhound_West,74.63249969
12,Greyhound_West,74.69694519
12,Greyhound_West,74.76690674
12,Greyhound_West,74.83776093
12,Greyhound_West,74.90653229
12,Greyhound_West,74.97247314
12,Greyhound_West,75.04382324
12,Greyhound_West,75.11598206
12,Greyhound_West,75.17482758
12,Greyhound_West,75.22905731
12,Greyhound_West,75.25637054
12,Greyhound_West,75.27999115
12,Greyhound_West,75.29986572
12,Greyhound_West,75.31390381
12,Greyhound_West,75.33068848
12,Greyhound_West,75.34664154
12,Greyhound_West,75.35798645
12,Greyhound_West,75.36262512
12,Greyhound_West,75.35826111
12,Greyhound_West,75.37367249
12,Greyhound_West,75.39060211
12,Greyhound_West,75.42478943
12,Greyhound_West,75.46697998
12,Greyhound_West,75.51541901
12,Greyhound_West,75.57073212
12,Greyhound_West,75.63095856
12,Greyhound_West,75.70235443
12,Greyhound_West,75.78374481
12,Greyhound_West,75.87058258
12,Greyhound_West,75.94668579
12,Greyhound_West,76.00802612
12,Greyhound_West,76.05834961
12,Greyhound_West,76.09619904
12,Greyhound_West,76.12152863
12,Greyhound_West,76.15018463
12,Greyhound_West,76.17878723
12,Greyhound_West,76.20522308
12,Greyhound_West,76.23455811
12,Greyhound_West,76.27131653
12,Greyhound_West,76.3170929
12,Greyhound_West,76.36307526
12,Greyhound_West,76.39487457
12,Greyhound_West,76.42315674
12,Greyhound_West,76.45545197
12,Greyhound_West,76.49908447
12,Greyhound_West,76.54465485
12,Greyhound_West,76.58042145
12,Greyhound_West,76.61090088
12,Greyhound_West,76.64217377
12,Greyhound_West,76.68212891
12,Greyhound_West,76.72052002
12,Greyhound_West,76.74802399
12,Greyhound_West,76.77533722
12,Greyhound_West,76.81137848
12,Greyhound_West,76.84718323
12,Greyhound_West,76.8854599
12,Greyhound_West,76.91810608
12,Greyhound_West,76.94897461
12,Greyhound_West,76.98571014
12,Greyhound_West,77.02613068
12,Greyhound_West,77.07390594
12,Greyhound_West,77.12125397
12,Greyhound_West,77.15670013
12,Greyhound_West,77.19199371
12,Greyhound_West,77.19347382
12,Greyhound_West,77.20159149
12,Greyhound_West,77.21736908
12,Greyhound_West,77.23940277
12,Greyhound_West,77.2660675
12,Greyhound_West,77.29414368
12,Greyhound_West,77.32303619
12,Greyhound_West,77.35691071
12,Greyhound_West,77.40113068
12,Greyhound_West,77.42986298
12,Greyhound_West,77.44807434
12,Greyhound_West,77.46620941
12,Greyhound_West,77.48873138
12,Greyhound_West,77.51099396
12,Greyhound_West,77.52217102
12,Greyhound_West,77.54335785
12,Greyhound_West,77.59223175
12,Greyhound_West,77.64175415
12,Greyhound_West,77.69458771
12,Greyhound_West,77.73439789
12,Greyhound_West,77.76358032
12,Greyhound_West,77.78204346
12,Greyhound_West,77.80147552
12,Greyhound_West,77.83600616
12,Greyhound_West,77.86968231
12,Greyhound_West,77.91764069
12,Greyhound_West,77.96445465
12,Greyhound_West,78.00798035
12,Greyhound_West,78.04553986
12,Greyhound_West,78.07260895
12,Greyhound_West,78.09902191
12,Greyhound_West,78.13017273
12,Greyhound_West,78.16707611
12,Greyhound_West,78.20970917
12,Greyhound_West,78.25597382
12,Greyhound_West,78.2989502
12,Greyhound_West,78.32665253
12,Greyhound_West,78.3559494
12,Greyhound_West,78.38142395
12,Greyhound_West,78.41175842
12,Greyhound_West,78.43917847
12,Greyhound_West,78.45934296
12,Greyhound_West,78.48009491
12,Greyhound_West,78.50853729
12,Greyhound_West,78.54384613
12,Greyhound_West,78.59249115
12,Greyhound_West,78.63857269
12,Greyhound_West,78.66500854
12,Greyhound_West,78.68079376
12,Greyhound_West,78.68411255
12,Greyhound_West,78.68725586
12,Greyhound_West,78.69850159
12,Greyhound_West,78.7101059
12,Greyhound_West,78.71691895
12,Greyhound_West,78.71063232
12,Greyhound_West,78.70145416
12,Greyhound_West,78.69364929
12,Greyhound_West,78.68603516
12,Greyhound_West,78.68932343
12,Greyhound_West,78.69643402
12,Greyhound_West,78.71646881
12,Greyhound_West,78.74889374
12,Greyhound_West,78.78518677
12,Greyhound_West,78.83480072
12,Greyhound_West,78.84947968
12,Greyhound_West,78.84767151
12,Greyhound_West,78.84635162
12,Greyhound_West,78.8994751
12,Greyhound_West,78.95944214
12,Greyhound_West,79.01815796
12,Greyhound_West,79.08071899
12,Greyhound_West,79.15451813
12,Greyhound_West,79.25048065
12,Greyhound_West,79.35128021
12,Greyhound_West,79.41711426
12,Greyhound_West,79.43153381
12,Greyhound_West,79.40265656
12,Greyhound_West,79.31498718
12,Greyhound_West,79.21348572
12,Greyhound_West,79.13275146
12,Greyhound_West,79.05368042
12,Greyhound_West,79.0280304
12,Greyhound_West,79.02333069
12,Greyhound_West,79.03387451
12,Greyhound_West,79.0895462
12,Greyhound_West,79.1576004
12,Greyhound_West,79.23136139
12,Greyhound_West,79.30706787
12,Greyhound_West,79.30706787
12,Greyhound_West,79.49790955
12,Greyhound_West,79.67870331
12,Greyhound_West,79.80718231
12,Greyhound_West,79.89570618
12,Greyhound_West,79.98383331
12,Greyhound_West,80.09940338
12,Greyhound_West,80.28175354
12,Greyhound_West,80.40234375
12,Greyhound_West,80.41579437
12,Greyhound_West,80.46444702
12,Greyhound_West,80.52366638
12,Greyhound_West,80.5875473
12,Greyhound_West,80.61560822
12,Greyhound_West,80.56920624
12,Greyhound_West,80.52858734
12,Greyhound_West,80.52059174
12,Greyhound_West,80.48922729
12,Greyhound_West,80.46094513
12,Greyhound_West,80.50649261
12,Greyhound_West,80.47631073
12,Greyhound_West,80.37750244
12,Greyhound_West,80.30152893
12,Greyhound_West,80.20681
12,Greyhound_West,80.15373993
12,Greyhound_West,80.22315216
12,Greyhound_West,80.16864777
12,Greyhound_West,80.09020233
12,Greyhound_West,80.00739288
12,Greyhound_West,79.91811371
12,Greyhound_West,79.78046417
12,Greyhound_West,79.67269135
12,Greyhound_West,79.56533813
12,Greyhound_West,79.49302673
12,Greyhound_West,79.4596405
12,Greyhound_West,79.454422
12,Greyhound_West,79.44245148
12,Greyhound_West,79.48757172
12,Greyhound_West,79.48745728
12,Greyhound_West,79.56721497
12,Greyhound_West,79.6410141
12,Greyhound_West,79.75579834
12,Greyhound_West,79.9500885
12,Greyhound_West,79.97667694
12,Greyhound_West,80.16781616
12,Greyhound_West,80.35968018
12,Greyhound_West,80.56720734
12,Greyhound_West,80.93399811
12,Greyhound_West,81.2074585
12,Greyhound_West,81.36081696
12,Greyhound_West,81.49957275
12,Greyhound_West,81.56697083
12,Greyhound_West,81.61737823
12,Greyhound_West,81.65054321
12,Greyhound_West,81.68372345
12,Greyhound_West,81.72174072
12,Greyhound_West,81.73777008
12,Greyhound_West,81.7628479
12,Greyhound_West,81.76722717
12,Greyhound_West,81.75744629
12,Greyhound_West,81.71865845
12,Greyhound_West,81.61230469
12,Greyhound_West,81.47452545
12,Greyhound_West,81.35955811
12,Greyhound_West,81.34220886
12,Greyhound_West,81.31624603
12,Greyhound_West,81.32194519
12,Greyhound_West,81.19876862
12,Greyhound_West,81.17525482
12,Greyhound_West,81.102005
12,Greyhound_West,80.86789703
12,Greyhound_West,80.61776733
12,Greyhound_West,80.45359039
12,Greyhound_West,80.30859375
12,Greyhound_West,80.15435028
12,Greyhound_West,80.02176666
12,Greyhound_West,79.87310028
12,Greyhound_West,79.83348083
12,Greyhound_West,79.78692627
12,Greyhound_West,79.71697998
12,Greyhound_West,79.68789673
12,Greyhound_West,79.63975525
12,Greyhound_West,79.62394714
12,Greyhound_West,79.62433624
12,Greyhound_West,79.53239441
12,Greyhound_West,79.34388733
12,Greyhound_West,79.25608826
12,Greyhound_West,79.21718597
12,Greyhound_West,79.23342896
12,Greyhound_West,79.26106262
12,Greyhound_West,79.35433197
12,Greyhound_West,79.53472137
12,Greyhound_West,79.80255127
12,Greyhound_West,80.06911469
12,Greyhound_West,80.35543823
12,Greyhound_West,80.58061981
12,Greyhound_West,80.81522369
12,Greyhound_West,81.02169037
12,Greyhound_West,81.11224365
12,Greyhound_West,81.14549255
12,Greyhound_West,81.15692139
12,Greyhound_West,81.22380066
12,Greyhound_West,81.32843018
12,Greyhound_West,81.35167694
12,Greyhound_West,81.42440796
12,Greyhound_West,81.61638641
12,Greyhound_West,81.79268646
12,Greyhound_West,81.90090179
12,Greyhound_West,81.95121765
12,Greyhound_West,81.94674683
12,Greyhound_West,81.93493652
12,Greyhound_West,81.91028595
12,Greyhound_West,81.86151123
12,Greyhound_West,81.81842041
12,Greyhound_West,81.88527679
12,Greyhound_West,81.97668457
12,Greyhound_West,82.08010101
12,Greyhound_West,82.11767578
12,Greyhound_West,82.13025665
12,Greyhound_West,82.15115356
12,Greyhound_West,82.11256409
12,Greyhound_West,82.10837555
12,Greyhound_West,82.1068573
12,Greyhound_West,82.09915924
12,Greyhound_West,82.09597015
12,Greyhound_West,82.10197449
12,Greyhound_West,82.13868713
12,Greyhound_West,82.20774078
12,Greyhound_West,82.3021698
12,Greyhound_West,82.49829102
12,Greyhound_West,82.50576019
12,Greyhound_West,82.34438324
12,Greyhound_West,82.17150879
12,Greyhound_West,82.12590027
12,Greyhound_West,82.0871582
12,Greyhound_West,82.06116486
12,Greyhound_West,82.03945923
12,Greyhound_West,82.05405426
12,Greyhound_West,82.06491089
12,Greyhound_West,82.09215546
12,Greyhound_West,82.07240295
12,Greyhound_West,82.07713318
12,Greyhound_West,82.09122467
12,Greyhound_West,82.10954285
12,Greyhound_West,82.09056091
12,Greyhound_West,82.09015656
12,Greyhound_West,82.11185455
12,Greyhound_West,82.19639587
12,Greyhound_West,82.40944672
12,Greyhound_West,82.68165588
12,Greyhound_West,82.79370117
12,Greyhound_West,82.78343964
12,Greyhound_West,82.41233826
12,Greyhound_West,82.69461823
12,Greyhound_West,82.81974792
12,Greyhound_West,82.75492859
12,Greyhound_West,82.5539856
12,Greyhound_West,82.3211441
12,Greyhound_West,82.15348053
12,Greyhound_West,82.09506989
12,Greyhound_West,82.08705139
12,Greyhound_West,82.10282898
12,Greyhound_West,82.1032486
12,Greyhound_West,82.09248352
12,Greyhound_West,82.07597351
12,Greyhound_West,82.07205963
12,Greyhound_West,82.090271
12,Greyhound_West,82.06214142
12,Greyhound_West,82.06249237
12,Greyhound_West,82.04666901
12,Greyhound_West,82.05990601
12,Greyhound_West,82.10069275
12,Greyhound_West,82.13398743
12,Greyhound_West,82.20948792
12,Greyhound_West,82.44676208
12,Greyhound_West,82.51755524
12,Greyhound_West,82.41927338
12,Greyhound_West,82.25886536
12,Greyhound_West,82.17876434
12,Greyhound_West,82.12644958
12,Greyhound_West,82.09298706
12,Greyhound_West,82.09424591
12,Greyhound_West,82.10810089
12,Greyhound_West,82.11167908
12,Greyhound_West,82.11134338
12,Greyhound_West,82.11955261
12,Greyhound_West,82.1627121
12,Greyhound_West,82.11630249
12,Greyhound_West,82.1083374
12,Greyhound_West,82.0421524
12,Greyhound_West,81.93265533
12,Greyhound_West,81.85144806
12,Greyhound_West,81.8059082
12,Greyhound_West,81.93526459
12,Greyhound_West,82.07066345
12,Greyhound_West,82.1118927
12,Greyhound_West,82.11615753
12,Greyhound_West,82.11607361
12,Greyhound_West,82.11618042
12,Greyhound_West,82.1151886
12,Greyhound_West,82.09339142
12,Greyhound_West,81.96179199
12,Greyhound_West,81.92016602
12,Greyhound_West,81.85095215
12,Greyhound_West,81.93552399
12,Greyhound_West,82.0710144
12,Greyhound_West,82.17459106
12,Greyhound_West,82.31391907
12,Greyhound_West,82.5171051
12,Greyhound_West,82.4411087
12,Greyhound_West,82.14658356
12,Greyhound_West,81.75289154
12,Greyhound_West,81.2510376
12,Greyhound_West,80.60402679
12,Greyhound_West,80.06269073
12,Greyhound_West,79.69799042
12,Greyhound_West,79.27622223
12,Greyhound_West,78.99790955
12,Greyhound_West,78.91492462
12,Greyhound_West,78.86406708
12,Greyhound_West,78.95173645
12,Greyhound_West,79.0591507
12,Greyhound_West,79.14453125
12,Greyhound_West,79.20806122
12,Greyhound_West,79.17734528
12,Greyhound_West,79.14644623
12,Greyhound_West,79.08049774
12,Greyhound_West,78.99954224
12,Greyhound_West,78.97589111
12,Greyhound_West,78.88253021
12,Greyhound_West,78.74576569
12,Greyhound_West,78.54807281
12,Greyhound_West,78.34906769
12,Greyhound_West,78.25092316
12,Greyhound_West,78.05807495
12,Greyhound_West,77.88543701
12,Greyhound_West,77.78539276
12,Greyhound_West,77.83779907
12,Greyhound_West,77.97281647
12,Greyhound_West,78.15956116
12,Greyhound_West,78.37274933
12,Greyhound_West,78.5514679
12,Greyhound_West,78.57802582
12,Greyhound_West,78.21639252
12,Greyhound_West,77.84522247
12,Greyhound_West,77.52732086
12,Greyhound_West,77.27887726
12,Greyhound_West,77.15338135
12,Greyhound_West,77.1600647
12,Greyhound_West,77.24269867
12,Greyhound_West,77.36934662
12,Greyhound_West,77.65655518
12,Greyhound_West,77.85347748
12,Greyhound_West,77.44046021
12,Greyhound_West,76.44191742
12,Greyhound_West,76.04103851
12,Greyhound_West,76.04103851
12,Greyhound_West,77.84550476
12,Greyhound_West,77.27010345
12,Greyhound_West,77.19403839
12,Greyhound_West,77.90184784
12,Greyhound_West,78.56893158
12,Greyhound_West,78.04044342
12,Greyhound_West,77.82398987
12,Greyhound_West,78.32030487
12,Greyhound_West,78.77390289
12,Greyhound_West,78.99825287
12,Greyhound_West,79.17472839
12,Greyhound_West,79.37498474
12,Greyhound_West,79.62391663
12,Greyhound_West,79.83023071
12,Greyhound_West,80.16120911
12,Greyhound_West,80.60406494
12,Greyhound_West,80.92806244
12,Greyhound_West,81.26039886
12,Greyhound_West,81.38550568
12,Greyhound_West,81.35255432
12,Greyhound_West,81.25911713
12,Greyhound_West,81.01895142
12,Greyhound_West,80.43499756
12,Greyhound_West,80.02912903
12,Greyhound_West,79.80896759
12,Greyhound_West,79.64215851
12,Greyhound_West,79.61323547
12,Greyhound_West,79.24629211
12,Greyhound_West,79.25585938
12,Greyhound_West,79.7301178
12,Greyhound_West,80.47376251
12,Greyhound_West,81.04575348
12,Greyhound_West,81.14832306
12,Greyhound_West,81.34976959
12,Greyhound_West,81.7401886
12,Greyhound_West,81.94553375
12,Greyhound_West,81.89517212
12,Greyhound_West,81.88916779
12,Greyhound_West,82.11761475
12,Greyhound_West,82.11772919
12,Greyhound_West,82.10289764
12,Greyhound_West,82.11444855
12,Greyhound_West,82.30767822
12,Greyhound_West,82.39052582
12,Greyhound_West,82.10136414
12,Greyhound_West,82.07603455
12,Greyhound_West,82.08279419
12,Greyhound_West,82.07619476
12,Greyhound_West,82.05501556
12,Greyhound_West,82.26778412
12,Greyhound_West,82.79772186
12,Greyhound_West,81.23704529
12,Greyhound_West,79.40149689
12,Greyhound_West,79.01334381
12,Greyhound_West,77.78079987
12,Greyhound_West,76.58783722
12,Greyhound_West,76.03647614
12,Greyhound_West,74.78110504
12,Greyhound_West,74.52109528
12,Greyhound_West,75.93624115
12,Greyhound_West,76.11833191
12,Greyhound_West,76.18054199
12,Greyhound_West,77.58712006
12,Greyhound_West,78.79682922
12,Greyhound_West,78.34671783
12,Greyhound_West,76.22819519
12,Greyhound_West,76.24419403
12,Greyhound_West,77.5847702
12,Greyhound_West,80.51892853
12,Greyhound_West,81.52249146
12,Greyhound_West,79.56119537
12,Greyhound_West,79.8129425
12,Greyhound_West,78.74834442
12,Greyhound_West,78.41591644
12,Greyhound_West,81.6687851
12,Greyhound_West,82.46711731
12,Greyhound_West,81.82492065
12,Greyhound_West,81.54833984
12,Greyhound_West,81.49437714
12,Greyhound_West,81.73597717
12,Greyhound_West,81.72598267
12,Greyhound_West,81.44396973
12,Greyhound_West,81.11946106
12,Greyhound_West,80.95595551
12,Greyhound_West,81.0197525
12,Greyhound_West,79.30270386
12,Greyhound_West,78.41601563
12,Greyhound_West,78.41601563
12,Greyhound_West,78.46350098
12,Greyhound_West,79.81532288
12,Greyhound_West,79.41690826
12,Greyhound_West,79.21753693
12,Greyhound_West,79.2481842
12,Greyhound_West,79.36484528
12,Greyhound_West,79.03298187
12,Greyhound_West,78.51252747
12,Greyhound_West,77.65251923
12,Greyhound_West,77.61170959
12,Greyhound_West,77.71144104
12,Greyhound_West,77.32518768
12,Greyhound_West,76.60699463
12,Greyhound_West,76.02302551
12,Greyhound_West,76.01621246
12,Greyhound_West,76.01628876
12,Greyhound_West,76.01600647
12,Greyhound_West,76.01600647
12,Greyhound_West,76.01600647
12,Greyhound_West,76.01600647
12,Greyhound_West,76.04836273
12,Greyhound_West,76.27916718
12,Greyhound_West,76.46125031
12,Greyhound_West,76.62684631
12,Greyhound_West,77.29122162
12,Greyhound_West,78.70804596
12,Greyhound_West,80.91305542
12,Greyhound_West,82.13624573
12,Greyhound_West,82.04382324
12,Greyhound_West,80.64048004
12,Greyhound_West,79.0815506
12,Greyhound_West,78.32735443
12,Greyhound_West,78.32671356
12,Greyhound_West,78.43598938
12,Greyhound_West,81.98943329
12,Greyhound_West,80.98101044
12,Greyhound_West,82.07957458
12,Greyhound_West,82.20072937
12,Greyhound_West,81.52613068
12,Greyhound_West,79.50972748
12,Greyhound_West,87.96256256
12,Greyhound_West,95.82668304
12,Greyhound_West,90.7821579
12,Greyhound_West,86.90424347
12,Greyhound_West,86.70020294
12,Greyhound_West,84.95598602
12,Greyhound_West,82.73922729
12,Greyhound_West,81.70888519
12,Greyhound_West,81.05252838
12,Greyhound_West,81.0160141
12,Greyhound_West,81.45152283
12,Greyhound_West,85.33679199
12,Greyhound_West,87.0316391
12,Greyhound_West,85.28298187
12,Greyhound_West,84.98725891
12,Greyhound_West,83.36470032
12,Greyhound_West,81.60604095
12,Greyhound_West,79.26245117
12,Greyhound_West,78.82118225
12,Greyhound_West,78.88227081
12,Greyhound_West,78.91098022
12,Greyhound_West,78.56905365
12,Greyhound_West,78.34661102
12,Greyhound_West,78.05001068
12,Greyhound_West,78.07463074
12,Greyhound_West,78.02848053
12,Greyhound_West,78.28380585
12,Greyhound_West,79.0684967
12,Greyhound_West,86.13497925
12,Greyhound_West,85.62641144
12,Greyhound_West,82.1588974
12,Greyhound_West,81.16176605
12,Greyhound_West,80.91632843
12,Greyhound_West,81.10758209
12,Greyhound_West,81.45155334
12,Greyhound_West,81.82798004
12,Greyhound_West,82.62017059
12,Greyhound_West,83.32407379
12,Greyhound_West,84.22884369
12,Greyhound_West,85.35120392
12,Greyhound_West,84.74343872
12,Greyhound_West,84.59098816
12,Greyhound_West,84.77385712
12,Greyhound_West,84.80290985
12,Greyhound_West,84.81599426
12,Greyhound_West,84.81687927
12,Greyhound_West,84.96395111
12,Greyhound_West,85.01638794
12,Greyhound_West,85.54875946
12,Greyhound_West,86.48239899
12,Greyhound_West,86.73897552
12,Greyhound_West,87.02394867
12,Greyhound_West,87.21585083
12,Greyhound_West,87.26638794
12,Greyhound_West,86.6480484
12,Greyhound_West,86.20665741
12,Greyhound_West,87.01933289
12,Greyhound_West,86.93348694
12,Greyhound_West,86.03941345
12,Greyhound_West,85.55939484
12,Greyhound_West,84.72013855
12,Greyhound_West,84.59010315
12,Greyhound_West,84.57145691
12,Greyhound_West,84.79940033
12,Greyhound_West,85.60636139
12,Greyhound_West,86.09812164
12,Greyhound_West,86.98143768
12,Greyhound_West,86.99269104
12,Greyhound_West,86.1498642
12,Greyhound_West,86.00527954
12,Greyhound_West,86.22913361
12,Greyhound_West,85.75520325
12,Greyhound_West,85.05698395
12,Greyhound_West,84.81983948
12,Greyhound_West,84.82706451
12,Greyhound_West,85.09868622
12,Greyhound_West,85.87558746
12,Greyhound_West,85.63430786
12,Greyhound_West,84.89344788
12,Greyhound_West,83.19689941
12,Greyhound_West,82.12810516
12,Greyhound_West,82.1134491
12,Greyhound_West,84.54498291
12,Greyhound_West,84.85779572
12,Greyhound_West,83.78372955
12,Greyhound_West,83.78960419
12,Greyhound_West,82.25440979
12,Greyhound_West,81.63864136
12,Greyhound_West,81.5160141
12,Greyhound_West,81.5160141
12,Greyhound_West,81.5160141
12,Greyhound_West,81.6841507
12,Greyhound_West,88.10038757
12,Greyhound_West,84.63660431
12,Greyhound_West,82.60762787
12,Greyhound_West,80.5400238
12,Greyhound_West,80.98225403
12,Greyhound_West,79.08384705
12,Greyhound_West,78.90805054
12,Greyhound_West,78.66571045
12,Greyhound_West,78.27649689
12,Greyhound_West,78.07691193
12,Greyhound_West,77.8629837
12,Greyhound_West,77.83102417
12,Greyhound_West,78.02779388
12,Greyhound_West,78.83101654
12,Greyhound_West,77.17010498
12,Greyhound_West,75.02948761
12,Greyhound_West,73.28423309
12,Greyhound_West,72.15489197
12,Greyhound_West,72.26899719
12,Greyhound_West,72.22780609
12,Greyhound_West,73.57659149
12,Greyhound_West,78.74654388
12,Greyhound_West,79.88568115
12,Greyhound_West,78.44277191
12,Greyhound_West,77.72771454
12,Greyhound_West,76.20605469
12,Greyhound_West,75.43212128
12,Greyhound_West,75.34395599
12,Greyhound_West,75.98439026
12,Greyhound_West,75.72875214
12,Greyhound_West,76.6697998
12,Greyhound_West,78.85957336
12,Greyhound_West,79.20823669
12,Greyhound_West,76.24654388
12,Greyhound_West,77.20732117
