9,Counterclockwise,9.137060165
9,Counterclockwise,9.155042648
9,Counterclockwise,9.167847633
9,Counterclockwise,9.181488037
9,Counterclockwise,9.193314552
9,Counterclockwise,9.155359268
9,Counterclockwise,9.10382843
9,Counterclockwise,9.041863441
9,Counterclockwise,9.01051712
9,Counterclockwise,9.006507874
9,Counterclockwise,9.03071022
9,Counterclockwise,9.082274437
9,Counterclockwise,9.125232697
9,Counterclockwise,9.165597916
9,Counterclockwise,9.196990967
9,Counterclockwise,9.210729599
9,Counterclockwise,9.210261345
9,Counterclockwise,9.184919357
9,Counterclockwise,9.175271034
9,Counterclockwise,9.16464138
9,Counterclockwise,9.150339127
9,Counterclockwise,9.129737854
9,Counterclockwise,9.123580933
9,Counterclockwise,9.131705284
9,Counterclockwise,9.163737297
9,Counterclockwise,9.170988083
9,Counterclockwise,9.159022331
9,Counterclockwise,9.124267578
9,Counterclockwise,9.087240219
9,Counterclockwise,9.057991028
9,Counterclockwise,9.0391922
9,Counterclockwise,9.035309792
9,Counterclockwise,9.024959564
9,Counterclockwise,9.007733345
9,Counterclockwise,8.977408409
9,Counterclockwise,8.960840225
9,Counterclockwise,8.952001572
9,Counterclockwise,8.951806068
9,Counterclockwise,8.95581913
9,Counterclockwise,9.001544952
9,Counterclockwise,9.100337029
9,Counterclockwise,9.58087635
9,Counterclockwise,9.971341133
9,Counterclockwise,10.25932884
9,Counterclockwise,10.5477562
9,Counterclockwise,11.09072113
9,Counterclockwise,11.63000965
9,Counterclockwise,12.07155132
9,Counterclockwise,12.392313
9,Counterclockwise,12.59254646
9,Counterclockwise,12.69478512
9,Counterclockwise,12.74383736
9,Counterclockwise,12.80242443
9,Counterclockwise,12.9128294
9,Counterclockwise,13.12000084
9,Counterclockwise,13.49010754
9,Counterclockwise,14.03702068
9,Counterclockwise,14.78635216
9,Counterclockwise,15.10872841
9,Counterclockwise,15.07069016
9,Counterclockwise,14.97687244
9,Counterclockwise,14.85921001
9,Counterclockwise,14.68776989
9,Counterclockwise,14.55776215
9,Counterclockwise,14.63498878
9,Counterclockwise,14.76651192
9,Counterclockwise,14.8329668
9,Counterclockwise,14.8592453
9,Counterclockwise,14.85453415
9,Counterclockwise,14.82049656
9,Counterclockwise,14.74058533
9,Counterclockwise,14.63328171
9,Counterclockwise,14.58383179
9,Counterclockwise,14.54885006
9,Counterclockwise,14.49740982
9,Counterclockwise,14.42290878
9,Counterclockwise,14.33833694
9,Counterclockwise,14.23375893
9,Counterclockwise,14.10632133
9,Counterclockwise,13.9527607
9,Counterclockwise,13.84167099
9,Counterclockwise,13.76931286
9,Counterclockwise,13.80040836
9,Counterclockwise,13.7930336
9,Counterclockwise,13.77782917
9,Counterclockwise,13.76396847
9,Counterclockwise,13.71474934
9,Counterclockwise,13.64694214
9,Counterclockwise,13.5643692
9,Counterclockwise,13.47509289
9,Counterclockwise,13.41535664
9,Counterclockwise,13.41295528
9,Counterclockwise,13.51255894
9,Counterclockwise,13.6383152
9,Counterclockwise,13.8134222
9,Counterclockwise,13.66077423
9,Counterclockwise,13.5333271
9,Counterclockwise,13.42944241
9,Counterclockwise,13.36809826
9,Counterclockwise,13.33969879
9,Counterclockwise,13.28999043
9,Counterclockwise,13.20458794
9,Counterclockwise,13.08847618
9,Counterclockwise,12.93561459
9,Counterclockwise,12.77814484
9,Counterclockwise,12.60547924
9,Counterclockwise,12.39193439
9,Counterclockwise,12.23809624
9,Counterclockwise,12.10979271
9,Counterclockwise,11.99392414
9,Counterclockwise,11.92824173
9,Counterclockwise,11.83903408
9,Counterclockwise,11.70916271
9,Counterclockwise,11.51366234
9,Counterclockwise,11.32650757
9,Counterclockwise,11.16870308
9,Counterclockwise,11.02916241
9,Counterclockwise,10.8894825
9,Counterclockwise,10.75123882
9,Counterclockwise,10.63084984
9,Counterclockwise,10.52091503
9,Counterclockwise,10.44192314
9,Counterclockwise,10.38859653
9,Counterclockwise,10.37940884
9,Counterclockwise,10.38600731
9,Counterclockwise,10.41208744
9,Counterclockwise,10.4645319
9,Counterclockwise,10.50030994
9,Counterclockwise,10.58814716
9,Counterclockwise,10.71046829
9,Counterclockwise,10.88554192
9,Counterclockwise,11.04440784
9,Counterclockwise,11.18515873
9,Counterclockwise,11.26744747
9,Counterclockwise,11.37493801
9,Counterclockwise,11.49099541
9,Counterclockwise,11.71764183
9,Counterclockwise,11.97461605
9,Counterclockwise,12.27978897
9,Counterclockwise,12.54930782
9,Counterclockwise,12.80021858
9,Counterclockwise,12.99689579
9,Counterclockwise,13.19144344
9,Counterclockwise,13.37993336
9,Counterclockwise,13.55182076
9,Counterclockwise,13.71620941
9,Counterclockwise,13.86526966
9,Counterclockwise,13.9799633
9,Counterclockwise,14.0762434
9,Counterclockwise,14.14527035
9,Counterclockwise,14.2125206
9,Counterclockwise,14.27726173
9,Counterclockwise,14.26352978
9,Counterclockwise,14.24195862
9,Counterclockwise,14.25547314
9,Counterclockwise,14.27618122
9,Counterclockwise,14.29479408
9,Counterclockwise,14.30172729
9,Counterclockwise,14.31131172
9,Counterclockwise,14.31306362
9,Counterclockwise,14.31598186
9,Counterclockwise,14.33179188
9,Counterclockwise,14.35717487
9,Counterclockwise,14.36783791
9,Counterclockwise,14.36599731
9,Counterclockwise,14.35310173
9,Counterclockwise,14.31635857
9,Counterclockwise,14.27004814
9,Counterclockwise,14.22406673
9,Counterclockwise,14.18313694
9,Counterclockwise,14.16327572
9,Counterclockwise,14.14725494
9,Counterclockwise,14.12730217
9,Counterclockwise,14.075243
9,Counterclockwise,14.02234173
9,Counterclockwise,13.97025681
9,Counterclockwise,13.94351101
9,Counterclockwise,13.93131828
9,Counterclockwise,13.90397835
9,Counterclockwise,14.13980103
9,Counterclockwise,14.4589777
9,Counterclockwise,14.81422234
9,Counterclockwise,15.36923122
9,Counterclockwise,16.27750397
9,Counterclockwise,17.2682209
9,Counterclockwise,18.11418724
9,Counterclockwise,18.70793724
9,Counterclockwise,19.22929382
9,Counterclockwise,19.76755333
9,Counterclockwise,20.31988907
9,Counterclockwise,20.89036369
9,Counterclockwise,21.5044117
9,Counterclockwise,22.18025398
9,Counterclockwise,22.88070869
9,Counterclockwise,23.57519341
9,Counterclockwise,24.22930717
9,Counterclockwise,24.80359077
9,Counterclockwise,25.35132599
9,Counterclockwise,25.90011024
9,Counterclockwise,26.4597435
9,Counterclockwise,27.0617981
9,Counterclockwise,27.86183357
9,Counterclockwise,28.79940414
9,Counterclockwise,29.69569969
9,Counterclockwise,30.32274246
9,Counterclockwise,30.67495346
9,Counterclockwise,30.92718887
9,Counterclockwise,31.1822052
9,Counterclockwise,31.44032288
9,Counterclockwise,31.6995163
9,Counterclockwise,31.97335243
9,Counterclockwise,32.26136398
9,Counterclockwise,32.54315567
9,Counterclockwise,32.82633209
9,Counterclockwise,33.1341629
9,Counterclockwise,33.49386978
9,Counterclockwise,33.91297913
9,Counterclockwise,34.36081696
9,Counterclockwise,34.83161926
9,Counterclockwise,34.90607452
9,Counterclockwise,34.92810822
9,Counterclockwise,34.95540619
9,Counterclockwise,34.97531128
9,Counterclockwise,35.01630402
9,Counterclockwise,35.09770203
9,Counterclockwise,35.1868782
9,Counterclockwise,35.30125427
9,Counterclockwise,35.4750061
9,Counterclockwise,35.73165894
9,Counterclockwise,36.04641724
9,Counterclockwise,36.47140121
9,Counterclockwise,36.91083145
9,Counterclockwise,37.33759308
9,Counterclockwise,37.76869583
9,Counterclockwise,38.21943665
9,Counterclockwise,38.69542694
9,Counterclockwise,39.17366791
9,Counterclockwise,39.65138245
9,Counterclockwise,40.20383072
9,Counterclockwise,40.77194595
9,Counterclockwise,41.31377029
9,Counterclockwise,41.86008835
9,Counterclockwise,42.3952179
9,Counterclockwise,42.87557602
9,Counterclockwise,43.31781769
9,Counterclockwise,43.754673
9,Counterclockwise,44.19930649
9,Counterclockwise,44.66945267
9,Counterclockwise,45.12631226
9,Counterclockwise,45.48387527
9,Counterclockwise,45.73351669
9,Counterclockwise,45.95206451
9,Counterclockwise,46.17227554
9,Counterclockwise,46.3886528
9,Counterclockwise,46.58065414
9,Counterclockwise,46.78142166
9,Counterclockwise,46.78142166
9,Counterclockwise,47.03865051
9,Counterclockwise,47.28814316
9,Counterclockwise,47.51499939
9,Counterclockwise,47.74524689
9,Counterclockwise,47.99517059
9,Counterclockwise,48.2745285
9,Counterclockwise,48.5926857
9,Counterclockwise,49.01038742
9,Counterclockwise,49.52523041
9,Counterclockwise,50.09030533
9,Counterclockwise,50.61633682
9,Counterclockwise,51.06444168
9,Counterclockwise,51.48765182
9,Counterclockwise,51.78647995
9,Counterclockwise,51.97506332
9,Counterclockwise,52.17287827
9,Counterclockwise,52.35861206
9,Counterclockwise,52.5500145
9,Counterclockwise,52.73776627
9,Counterclockwise,52.92580795
9,Counterclockwise,53.12330627
9,Counterclockwise,53.32461548
9,Counterclockwise,53.53652954
9,Counterclockwise,53.76815033
9,Counterclockwise,54.00377274
9,Counterclockwise,54.23672485
9,Counterclockwise,54.46437454
9,Counterclockwise,54.74082947
9,Counterclockwise,55.08295441
9,Counterclockwise,55.4414444
9,Counterclockwise,55.8002243
9,Counterclockwise,56.13570786
9,Counterclockwise,56.47330475
9,Counterclockwise,56.85363388
9,Counterclockwise,57.22150803
9,Counterclockwise,57.58776855
9,Counterclockwise,57.80155945
9,Counterclockwise,57.95215225
9,Counterclockwise,58.11109543
9,Counterclockwise,58.23419189
9,Counterclockwise,58.35677719
9,Counterclockwise,58.50212097
9,Counterclockwise,58.60549927
9,Counterclockwise,58.72685623
9,Counterclockwise,58.83283615
9,Counterclockwise,58.92586136
9,Counterclockwise,59.05117416
9,Counterclockwise,59.15072632
9,Counterclockwise,59.2544136
9,Counterclockwise,59.33834076
9,Counterclockwise,59.37763214
9,Counterclockwise,59.44551849
9,Counterclockwise,59.51070023
9,Counterclockwise,59.57647324
9,Counterclockwise,59.67104721
9,Counterclockwise,59.57384109
9,Counterclockwise,59.46249008
9,Counterclockwise,59.46954346
9,Counterclockwise,59.57938766
9,Counterclockwise,59.69615555
9,Counterclockwise,59.82699966
9,Counterclockwise,59.96459198
9,Counterclockwise,60.05798721
9,Counterclockwise,60.1257515
9,Counterclockwise,60.20786667
9,Counterclockwise,60.32001495
9,Counterclockwise,60.42383575
9,Counterclockwise,60.55538559
9,Counterclockwise,60.72888184
9,Counterclockwise,60.87762451
9,Counterclockwise,61.00782013
9,Counterclockwise,61.12623596
9,Counterclockwise,61.24023056
9,Counterclockwise,61.32555008
9,Counterclockwise,61.41381836
9,Counterclockwise,61.43764114
9,Counterclockwise,61.43157196
9,Counterclockwise,61.4314003
9,Counterclockwise,61.45262527
9,Counterclockwise,61.48540115
9,Counterclockwise,61.55551529
9,Counterclockwise,61.59055328
9,Counterclockwise,61.66801071
9,Counterclockwise,61.76977539
9,Counterclockwise,61.90248871
9,Counterclockwise,61.95034409
9,Counterclockwise,61.92338562
9,Counterclockwise,61.99768066
9,Counterclockwise,61.98296356
9,Counterclockwise,61.96317291
9,Counterclockwise,62.04847717
9,Counterclockwise,62.12869263
9,Counterclockwise,62.22262955
9,Counterclockwise,62.377491
9,Counterclockwise,62.53989029
9,Counterclockwise,62.68191528
9,Counterclockwise,62.91455841
9,Counterclockwise,63.31603622
9,Counterclockwise,63.69314575
9,Counterclockwise,63.92717743
9,Counterclockwise,64.08959961
9,Counterclockwise,64.21822357
9,Counterclockwise,64.28295898
9,Counterclockwise,64.37939453
9,Counterclockwise,64.47715759
9,Counterclockwise,64.51080322
9,Counterclockwise,64.53878021
9,Counterclockwise,64.57089233
9,Counterclockwise,64.64768219
9,Counterclockwise,64.76159668
9,Counterclockwise,64.77949524
9,Counterclockwise,64.77303314
9,Counterclockwise,64.73129272
9,Counterclockwise,64.65996552
9,Counterclockwise,64.63426208
9,Counterclockwise,64.67276001
9,Counterclockwise,64.70218658
9,Counterclockwise,64.70811462
9,Counterclockwise,64.71137238
9,Counterclockwise,64.73920441
9,Counterclockwise,64.79271698
9,Counterclockwise,64.83410645
9,Counterclockwise,64.85014343
9,Counterclockwise,64.90839386
9,Counterclockwise,65.00483704
9,Counterclockwise,65.12493134
9,Counterclockwise,65.2966156
9,Counterclockwise,65.50092316
9,Counterclockwise,65.69493866
9,Counterclockwise,65.91775513
9,Counterclockwise,66.15479279
9,Counterclockwise,66.41557312
9,Counterclockwise,66.71521759
9,Counterclockwise,66.93830872
9,Counterclockwise,67.10887146
9,Counterclockwise,67.30666351
9,Counterclockwise,67.47624969
9,Counterclockwise,67.55955505
9,Counterclockwise,67.57777405
9,Counterclockwise,67.6205368
9,Counterclockwise,67.71038055
9,Counterclockwise,67.8208313
9,Counterclockwise,67.93156433
9,Counterclockwise,68.028862
9,Counterclockwise,68.10055542
9,Counterclockwise,68.2111969
9,Counterclockwise,68.28607178
9,Counterclockwise,68.38602448
9,Counterclockwise,68.50476074
9,Counterclockwise,68.59342194
9,Counterclockwise,68.64738464
9,Counterclockwise,68.67247772
9,Counterclockwise,68.65546417
9,Counterclockwise,68.64167786
9,Counterclockwise,68.63405609
9,Counterclockwise,68.62481689
9,Counterclockwise,68.58908844
9,Counterclockwise,68.63784027
9,Counterclockwise,68.72837067
9,Counterclockwise,68.87374878
9,Counterclockwise,69.00183105
9,Counterclockwise,69.08673859
9,Counterclockwise,69.14822388
9,Counterclockwise,69.18676758
9,Counterclockwise,69.20973969
9,Counterclockwise,69.25902557
9,Counterclockwise,69.34020233
9,Counterclockwise,69.38899231
9,Counterclockwise,69.41625977
9,Counterclockwise,69.42906189
9,Counterclockwise,69.43244171
9,Counterclockwise,69.43023682
9,Counterclockwise,69.45375061
9,Counterclockwise,69.49939728
9,Counterclockwise,69.49889374
9,Counterclockwise,69.44734955
9,Counterclockwise,69.38536072
9,Counterclockwise,69.28993988
9,Counterclockwise,69.21128082
9,Counterclockwise,69.13306427
9,Counterclockwise,69.03344727
9,Counterclockwise,68.9450531
9,Counterclockwise,68.85626984
9,Counterclockwise,68.75733948
9,Counterclockwise,68.64427948
9,Counterclockwise,68.52422333
9,Counterclockwise,68.42351532
9,Counterclockwise,68.34928131
9,Counterclockwise,68.2951889
9,Counterclockwise,68.28626251
9,Counterclockwise,68.29017639
9,Counterclockwise,68.3203125
9,Counterclockwise,68.29911041
9,Counterclockwise,68.26763153
9,Counterclockwise,68.23988342
9,Counterclockwise,68.21240997
9,Counterclockwise,68.18492889
9,Counterclockwise,68.14081573
9,Counterclockwise,68.08269501
9,Counterclockwise,68.01205444
9,Counterclockwise,67.95398712
9,Counterclockwise,67.93952179
9,Counterclockwise,67.92743683
9,Counterclockwise,67.90815735
9,Counterclockwise,67.89367676
9,Counterclockwise,67.82653046
9,Counterclockwise,67.73692322
9,Counterclockwise,67.68603516
9,Counterclockwise,67.63710022
9,Counterclockwise,67.61631775
9,Counterclockwise,67.64024353
9,Counterclockwise,67.66208649
9,Counterclockwise,67.61196899
9,Counterclockwise,67.5382843
9,Counterclockwise,67.55970764
9,Counterclockwise,67.53870392
9,Counterclockwise,67.51889801
9,Counterclockwise,67.49384308
9,Counterclockwise,67.47309875
9,Counterclockwise,67.42575073
9,Counterclockwise,67.3849411
9,Counterclockwise,67.33927917
9,Counterclockwise,67.28141022
9,Counterclockwise,67.25350189
9,Counterclockwise,67.20762634
9,Counterclockwise,67.13153839
9,Counterclockwise,67.07933807
9,Counterclockwise,67.09204102
9,Counterclockwise,67.07058716
9,Counterclockwise,67.03130341
9,Counterclockwise,66.95503235
9,Counterclockwise,66.77748108
9,Counterclockwise,66.45960999
9,Counterclockwise,66.14754486
9,Counterclockwise,65.89395905
9,Counterclockwise,65.70757294
9,Counterclockwise,65.51380157
9,Counterclockwise,65.27932739
9,Counterclockwise,65.06602478
9,Counterclockwise,64.92771912
9,Counterclockwise,64.86003876
9,Counterclockwise,64.8500061
9,Counterclockwise,64.85953522
9,Counterclockwise,64.85712433
9,Counterclockwise,64.79654694
9,Counterclockwise,64.65139771
9,Counterclockwise,64.39448547
9,Counterclockwise,63.96768188
9,Counterclockwise,63.39973068
9,Counterclockwise,62.83508301
9,Counterclockwise,62.47272491
9,Counterclockwise,62.23159409
9,Counterclockwise,62.07825089
9,Counterclockwise,61.92915344
9,Counterclockwise,61.76107407
9,Counterclockwise,61.76107407
9,Counterclockwise,61.7201767
9,Counterclockwise,61.72229385
9,Counterclockwise,61.74812698
9,Counterclockwise,61.76664352
9,Counterclockwise,61.77930069
9,Counterclockwise,61.80092239
9,Counterclockwise,61.81292343
9,Counterclockwise,61.81815338
9,Counterclockwise,61.82142639
9,Counterclockwise,61.82317352
9,Counterclockwise,61.84113312
9,Counterclockwise,61.85606766
9,Counterclockwise,61.87047577
9,Counterclockwise,61.8733902
9,Counterclockwise,61.86627197
9,Counterclockwise,61.86749268
9,Counterclockwise,61.87845993
9,Counterclockwise,61.90224075
9,Counterclockwise,61.9161377
9,Counterclockwise,61.92718124
9,Counterclockwise,61.94358063
9,Counterclockwise,62.00504303
9,Counterclockwise,62.06356049
9,Counterclockwise,62.10429382
9,Counterclockwise,62.21269226
9,Counterclockwise,62.35072708
9,Counterclockwise,62.60251999
9,Counterclockwise,62.84719467
9,Counterclockwise,63.09862518
9,Counterclockwise,63.34785461
9,Counterclockwise,63.59610367
9,Counterclockwise,63.77615738
9,Counterclockwise,63.91609192
9,Counterclockwise,63.99507523
9,Counterclockwise,64.06658173
9,Counterclockwise,64.12721252
9,Counterclockwise,64.18717957
9,Counterclockwise,64.2424469
9,Counterclockwise,64.27428436
9,Counterclockwise,64.30747986
9,Counterclockwise,64.349823
9,Counterclockwise,64.39152527
9,Counterclockwise,64.43248749
9,Counterclockwise,64.46984863
9,Counterclockwise,64.51279449
9,Counterclockwise,64.5433197
9,Counterclockwise,64.57123566
9,Counterclockwise,64.59568024
9,Counterclockwise,64.61542511
9,Counterclockwise,64.63729858
9,Counterclockwise,64.66200256
9,Counterclockwise,64.68865967
9,Counterclockwise,64.73088074
9,Counterclockwise,64.7742691
9,Counterclockwise,64.79832458
9,Counterclockwise,64.81804657
9,Counterclockwise,64.82888031
9,Counterclockwise,64.84483337
9,Counterclockwise,64.86315155
9,Counterclockwise,64.89399719
9,Counterclockwise,64.91870117
9,Counterclockwise,64.9473877
9,Counterclockwise,64.969841
9,Counterclockwise,64.97846985
9,Counterclockwise,64.96947479
9,Counterclockwise,64.94580078
9,Counterclockwise,65.01554871
9,Counterclockwise,65.07872772
9,Counterclockwise,65.13640594
9,Counterclockwise,65.210289
9,Counterclockwise,65.28516388
9,Counterclockwise,65.36495972
9,Counterclockwise,65.4444809
9,Counterclockwise,65.50024414
9,Counterclockwise,65.56021118
9,Counterclockwise,65.62608337
9,Counterclockwise,65.70141602
9,Counterclockwise,65.78586578
9,Counterclockwise,65.85903168
9,Counterclockwise,65.93096161
9,Counterclockwise,66.00131989
9,Counterclockwise,66.06771851
9,Counterclockwise,66.14174652
9,Counterclockwise,66.22223663
9,Counterclockwise,66.29624939
9,Counterclockwise,66.36471558
9,Counterclockwise,66.42129517
9,Counterclockwise,66.48027039
9,Counterclockwise,66.53524017
9,Counterclockwise,66.58292389
9,Counterclockwise,66.64266205
9,Counterclockwise,66.70110321
9,Counterclockwise,66.7612381
9,Counterclockwise,66.8227005
9,Counterclockwise,66.87976837
9,Counterclockwise,66.92650604
9,Counterclockwise,66.96760559
9,Counterclockwise,67.00697327
9,Counterclockwise,67.04924011
9,Counterclockwise,67.09363556
9,Counterclockwise,67.15090179
9,Counterclockwise,67.21022034
9,Counterclockwise,67.24967957
9,Counterclockwise,67.26980591
9,Counterclockwise,67.27137756
9,Counterclockwise,67.25069427
9,Counterclockwise,67.22935486
9,Counterclockwise,67.21566772
9,Counterclockwise,67.19400787
9,Counterclockwise,67.16732025
9,Counterclockwise,67.13264465
9,Counterclockwise,67.09686279
9,Counterclockwise,67.05963135
9,Counterclockwise,67.02801514
9,Counterclockwise,66.99858856
9,Counterclockwise,66.96723175
9,Counterclockwise,66.93714142
9,Counterclockwise,66.90789795
9,Counterclockwise,66.87969971
9,Counterclockwise,66.85295868
9,Counterclockwise,66.8224411
9,Counterclockwise,66.79162598
9,Counterclockwise,66.77242279
9,Counterclockwise,66.75469208
9,Counterclockwise,66.73928833
9,Counterclockwise,66.72236633
9,Counterclockwise,66.69496155
9,Counterclockwise,66.66009521
9,Counterclockwise,66.62297058
9,Counterclockwise,66.58248901
9,Counterclockwise,66.53946686
9,Counterclockwise,66.49391174
9,Counterclockwise,66.44781494
9,Counterclockwise,66.4539032
9,Counterclockwise,66.46617126
9,Counterclockwise,66.46616364
9,Counterclockwise,66.45397186
9,Counterclockwise,66.44781494
9,Counterclockwise,66.39807892
9,Counterclockwise,66.36050415
9,Counterclockwise,66.33172607
9,Counterclockwise,66.29941559
9,Counterclockwise,66.25292206
9,Counterclockwise,66.20398712
9,Counterclockwise,66.15291595
9,Counterclockwise,66.09559631
9,Counterclockwise,66.02970886
9,Counterclockwise,65.97878265
9,Counterclockwise,65.94139862
9,Counterclockwise,65.91010284
9,Counterclockwise,65.86393738
9,Counterclockwise,65.81385803
9,Counterclockwise,65.75553131
9,Counterclockwise,65.69004822
9,Counterclockwise,65.62477112
9,Counterclockwise,65.57070923
9,Counterclockwise,65.51688385
9,Counterclockwise,65.4678421
9,Counterclockwise,65.42555237
9,Counterclockwise,65.37317657
9,Counterclockwise,65.31227112
9,Counterclockwise,65.24711609
9,Counterclockwise,65.18153381
9,Counterclockwise,65.11672974
9,Counterclockwise,65.05246735
9,Counterclockwise,64.98654938
9,Counterclockwise,64.92179108
9,Counterclockwise,64.85590363
9,Counterclockwise,64.77891541
9,Counterclockwise,64.7078476
9,Counterclockwise,64.64993286
9,Counterclockwise,64.59067535
9,Counterclockwise,64.52877808
9,Counterclockwise,64.46905518
9,Counterclockwise,64.40766907
9,Counterclockwise,64.33677673
9,Counterclockwise,64.26447296
9,Counterclockwise,64.18914795
9,Counterclockwise,64.10253143
9,Counterclockwise,64.02553558
9,Counterclockwise,63.95711517
9,Counterclockwise,63.89849854
9,Counterclockwise,63.83226395
9,Counterclockwise,63.76699066
9,Counterclockwise,63.70359802
9,Counterclockwise,63.62376785
9,Counterclockwise,63.55286789
9,Counterclockwise,63.47819519
9,Counterclockwise,63.39161682
9,Counterclockwise,63.33705902
9,Counterclockwise,63.27452469
9,Counterclockwise,63.21708679
9,Counterclockwise,63.19232559
9,Counterclockwise,63.16727829
9,Counterclockwise,63.16049576
9,Counterclockwise,63.15087891
9,Counterclockwise,63.16548157
9,Counterclockwise,63.19347382
9,Counterclockwise,63.17954254
9,Counterclockwise,63.16805267
9,Counterclockwise,63.13073349
9,Counterclockwise,63.07217789
9,Counterclockwise,63.02643204
9,Counterclockwise,62.99655151
9,Counterclockwise,62.96009064
9,Counterclockwise,62.91107178
9,Counterclockwise,62.80033875
9,Counterclockwise,62.65922546
9,Counterclockwise,62.50349808
9,Counterclockwise,62.31339645
9,Counterclockwise,62.08004761
9,Counterclockwise,61.84575272
9,Counterclockwise,61.67926407
9,Counterclockwise,61.717659
9,Counterclockwise,61.77875137
9,Counterclockwise,61.66913986
9,Counterclockwise,61.52050018
9,Counterclockwise,61.3534584
9,Counterclockwise,61.16672516
9,Counterclockwise,60.9614563
9,Counterclockwise,60.65788269
9,Counterclockwise,60.26332855
9,Counterclockwise,59.80354309
9,Counterclockwise,59.52451706
9,Counterclockwise,59.33197403
9,Counterclockwise,59.23707581
9,Counterclockwise,59.2249794
9,Counterclockwise,59.21777344
9,Counterclockwise,59.21600342
9,Counterclockwise,59.21600342
9,Counterclockwise,59.21600342
9,Counterclockwise,59.21600342
9,Counterclockwise,59.21600342
9,Counterclockwise,59.21600342
9,Counterclockwise,59.21600342
9,Counterclockwise,59.21600342
9,Counterclockwise,59.21600342
9,Counterclockwise,59.21600342
9,Counterclockwise,59.21600342
9,Counterclockwise,59.21600342
9,Counterclockwise,59.21600342
9,Counterclockwise,59.21600342
9,Counterclockwise,59.21600342
9,Counterclockwise,59.21600342
9,Counterclockwise,59.21600342
9,Counterclockwise,59.21600342
9,Counterclockwise,59.21600342
9,Counterclockwise,59.21600342
9,Counterclockwise,59.21600342
9,Counterclockwise,59.21600342
9,Counterclockwise,59.21600342
9,Counterclockwise,59.21600342
9,Counterclockwise,59.21600342
9,Counterclockwise,59.21600342
9,Counterclockwise,59.21600342
9,Counterclockwise,59.21600342
9,Counterclockwise,59.21600342
9,Counterclockwise,59.21600342
9,Counterclockwise,59.21600342
9,Counterclockwise,59.21600342
9,Counterclockwise,59.21600342
9,Counterclockwise,59.21600342
9,Counterclockwise,59.23244476
9,Counterclockwise,59.28125
9,Counterclockwise,59.35039139
9,Counterclockwise,59.63428116
9,Counterclockwise,59.90379333
9,Counterclockwise,60.14268875
9,Counterclockwise,60.39949417
9,Counterclockwise,60.60765076
9,Counterclockwise,60.90602875
9,Counterclockwise,61.21548843
9,Counterclockwise,61.57088089
9,Counterclockwise,62.00754166
9,Counterclockwise,62.36929703
9,Counterclockwise,62.67353058
9,Counterclockwise,62.92164993
9,Counterclockwise,63.10635757
9,Counterclockwise,63.25177002
9,Counterclockwise,63.37168503
9,Counterclockwise,63.43555832
9,Counterclockwise,63.47372055
9,Counterclockwise,63.48149872
9,Counterclockwise,63.47058105
9,Counterclockwise,63.45611191
9,Counterclockwise,63.45247269
9,Counterclockwise,63.474823
9,Counterclockwise,63.50621033
9,Counterclockwise,63.55344772
9,Counterclockwise,63.59404373
9,Counterclockwise,63.6281662
9,Counterclockwise,63.70104599
9,Counterclockwise,63.75754929
9,Counterclockwise,63.81295013
9,Counterclockwise,63.88783264
9,Counterclockwise,63.97098541
9,Counterclockwise,64.08715057
9,Counterclockwise,64.21931458
9,Counterclockwise,64.34171295
9,Counterclockwise,64.45305634
9,Counterclockwise,64.54965973
9,Counterclockwise,64.64027405
9,Counterclockwise,64.73734283
9,Counterclockwise,64.82985687
9,Counterclockwise,64.95145416
9,Counterclockwise,65.07790375
9,Counterclockwise,65.19750977
9,Counterclockwise,65.29756165
9,Counterclockwise,65.39260101
9,Counterclockwise,65.47442627
9,Counterclockwise,65.55137634
9,Counterclockwise,65.62348938
9,Counterclockwise,65.69488525
9,Counterclockwise,65.76100159
9,Counterclockwise,65.81891632
9,Counterclockwise,65.88111877
9,Counterclockwise,65.95066071
9,Counterclockwise,66.02420807
9,Counterclockwise,66.09631348
9,Counterclockwise,66.16389465
9,Counterclockwise,66.23725128
9,Counterclockwise,66.30964661
9,Counterclockwise,66.38095856
9,Counterclockwise,66.46128082
9,Counterclockwise,66.54075623
9,Counterclockwise,66.60912323
9,Counterclockwise,66.67758942
9,Counterclockwise,66.7440033
9,Counterclockwise,66.80496979
9,Counterclockwise,66.86657715
9,Counterclockwise,66.92099762
9,Counterclockwise,66.96676636
9,Counterclockwise,67.00805664
9,Counterclockwise,67.04399872
9,Counterclockwise,67.08592987
9,Counterclockwise,67.12702179
9,Counterclockwise,67.18783569
9,Counterclockwise,67.25473022
9,Counterclockwise,67.32426453
9,Counterclockwise,67.39565277
9,Counterclockwise,67.46094513
9,Counterclockwise,67.51847839
9,Counterclockwise,67.57099152
9,Counterclockwise,67.61102295
9,Counterclockwise,67.65330505
9,Counterclockwise,67.6829834
9,Counterclockwise,67.71430969
9,Counterclockwise,67.74358368
9,Counterclockwise,67.77432251
9,Counterclockwise,67.80168152
9,Counterclockwise,67.82798767
9,Counterclockwise,67.859375
9,Counterclockwise,67.88913727
9,Counterclockwise,67.91689301
9,Counterclockwise,67.95301056
9,Counterclockwise,67.98690796
9,Counterclockwise,68.00491333
9,Counterclockwise,68.01425934
9,Counterclockwise,68.0173645
9,Counterclockwise,68.01940155
9,Counterclockwise,68.05278778
9,Counterclockwise,68.11075592
9,Counterclockwise,68.15224457
9,Counterclockwise,68.19022369
9,Counterclockwise,68.22367859
9,Counterclockwise,68.24463654
9,Counterclockwise,68.2735672
9,Counterclockwise,68.29082489
9,Counterclockwise,68.30335236
9,Counterclockwise,68.31363678
9,Counterclockwise,68.32521057
9,Counterclockwise,68.3345108
9,Counterclockwise,68.34313965
9,Counterclockwise,68.3562088
9,Counterclockwise,68.37793732
9,Counterclockwise,68.40484619
9,Counterclockwise,68.42434692
9,Counterclockwise,68.44290161
9,Counterclockwise,68.46218109
9,Counterclockwise,68.49994659
9,Counterclockwise,68.53922272
9,Counterclockwise,68.57713318
9,Counterclockwise,68.59816742
9,Counterclockwise,68.6171875
9,Counterclockwise,68.63555908
9,Counterclockwise,68.66394806
9,Counterclockwise,68.68656921
9,Counterclockwise,68.7035675
9,Counterclockwise,68.73294067
9,Counterclockwise,68.76385498
9,Counterclockwise,68.7951355
9,Counterclockwise,68.80968475
9,Counterclockwise,68.82646942
9,Counterclockwise,68.84687805
9,Counterclockwise,68.88345337
9,Counterclockwise,68.91304016
9,Counterclockwise,68.92901611
9,Counterclockwise,68.92740631
9,Counterclockwise,68.92159271
9,Counterclockwise,68.91559601
9,Counterclockwise,68.9141922
9,Counterclockwise,68.92629242
9,Counterclockwise,68.95336914
9,Counterclockwise,68.98669434
9,Counterclockwise,69.01927185
9,Counterclockwise,69.05184937
9,Counterclockwise,69.00014496
9,Counterclockwise,69.04982758
9,Counterclockwise,69.07396698
9,Counterclockwise,69.09849548
9,Counterclockwise,69.11355591
9,Counterclockwise,69.12799072
9,Counterclockwise,69.14360046
9,Counterclockwise,69.18138123
9,Counterclockwise,69.21807098
9,Counterclockwise,69.2478714
9,Counterclockwise,69.25367737
9,Counterclockwise,69.2492981
9,Counterclockwise,69.24240875
9,Counterclockwise,69.255867
9,Counterclockwise,69.28091431
9,Counterclockwise,69.31073761
9,Counterclockwise,69.33734894
9,Counterclockwise,69.36827087
9,Counterclockwise,69.39978027
9,Counterclockwise,69.43180084
9,Counterclockwise,69.46231842
9,Counterclockwise,69.47788239
9,Counterclockwise,69.48710632
9,Counterclockwise,69.48326874
9,Counterclockwise,69.49288177
9,Counterclockwise,69.5124054
9,Counterclockwise,69.53952026
9,Counterclockwise,69.56254578
9,Counterclockwise,69.57944489
9,Counterclockwise,69.58296967
9,Counterclockwise,69.57911682
9,Counterclockwise,69.56313324
9,Counterclockwise,69.55198669
9,Counterclockwise,69.54727173
9,Counterclockwise,69.5609436
9,Counterclockwise,69.57460785
9,Counterclockwise,69.58135986
9,Counterclockwise,69.57068634
9,Counterclockwise,69.55371857
9,Counterclockwise,69.54922485
9,Counterclockwise,69.56433868
9,Counterclockwise,69.58635712
9,Counterclockwise,69.58724213
9,Counterclockwise,69.57772064
9,Counterclockwise,69.56269836
9,Counterclockwise,69.55564117
9,Counterclockwise,69.55227661
9,Counterclockwise,69.56143188
9,Counterclockwise,69.56846619
9,Counterclockwise,69.57069397
9,Counterclockwise,69.57066345
9,Counterclockwise,69.57946777
9,Counterclockwise,69.60425568
9,Counterclockwise,69.63465881
9,Counterclockwise,69.6631546
9,Counterclockwise,69.67663574
9,Counterclockwise,69.68939209
9,Counterclockwise,69.70135498
9,Counterclockwise,69.71514893
9,Counterclockwise,69.72719574
9,Counterclockwise,69.73192596
9,Counterclockwise,69.72647858
9,Counterclockwise,69.72636414
9,Counterclockwise,69.75429535
9,Counterclockwise,69.79207611
9,Counterclockwise,69.84015656
9,Counterclockwise,69.87876892
9,Counterclockwise,69.9120636
9,Counterclockwise,69.93596649
9,Counterclockwise,69.97041321
9,Counterclockwise,70.01254272
9,Counterclockwise,70.07180786
9,Counterclockwise,70.12970734
9,Counterclockwise,70.182724
9,Counterclockwise,70.22972107
9,Counterclockwise,70.28019714
9,Counterclockwise,70.34414673
9,Counterclockwise,70.42107391
9,Counterclockwise,70.50409698
9,Counterclockwise,70.59119415
9,Counterclockwise,70.67795563
9,Counterclockwise,70.7600174
9,Counterclockwise,70.83029175
9,Counterclockwise,70.89505005
9,Counterclockwise,70.97156525
9,Counterclockwise,71.04937744
9,Counterclockwise,71.13741302
9,Counterclockwise,71.20415497
9,Counterclockwise,71.26966095
9,Counterclockwise,71.3394165
9,Counterclockwise,71.41110229
9,Counterclockwise,71.48218536
9,Counterclockwise,71.55365753
9,Counterclockwise,71.56980133
9,Counterclockwise,71.56977081
9,Counterclockwise,71.56707001
9,Counterclockwise,71.5647583
9,Counterclockwise,71.57073212
9,Counterclockwise,71.58288574
9,Counterclockwise,71.58718109
9,Counterclockwise,71.5953598
9,Counterclockwise,71.59622955
9,Counterclockwise,71.59262848
9,Counterclockwise,71.59631348
9,Counterclockwise,71.59144592
9,Counterclockwise,71.59144592
9,Counterclockwise,71.56942749
9,Counterclockwise,71.54139709
9,Counterclockwise,71.49649811
9,Counterclockwise,71.43814087
9,Counterclockwise,71.37146759
9,Counterclockwise,71.30429077
9,Counterclockwise,71.24622345
9,Counterclockwise,71.19506073
9,Counterclockwise,71.13320923
9,Counterclockwise,71.07675934
9,Counterclockwise,71.01605225
9,Counterclockwise,70.94742584
9,Counterclockwise,70.88864136
9,Counterclockwise,70.82126617
9,Counterclockwise,70.7381134
9,Counterclockwise,70.65133667
9,Counterclockwise,70.56118011
9,Counterclockwise,70.49653625
9,Counterclockwise,70.4352951
9,Counterclockwise,70.35442352
9,Counterclockwise,70.25817871
9,Counterclockwise,70.17195129
9,Counterclockwise,70.10339355
9,Counterclockwise,70.0439682
9,Counterclockwise,69.98058319
9,Counterclockwise,69.90055847
9,Counterclockwise,69.81793213
9,Counterclockwise,69.74195862
9,Counterclockwise,69.67619324
9,Counterclockwise,69.62192535
9,Counterclockwise,69.57795715
9,Counterclockwise,69.56155396
9,Counterclockwise,69.56499481
9,Counterclockwise,69.59150696
9,Counterclockwise,69.63079071
9,Counterclockwise,69.68522644
9,Counterclockwise,69.74300385
9,Counterclockwise,69.81174469
9,Counterclockwise,69.88648224
9,Counterclockwise,69.91705322
9,Counterclockwise,69.92204285
9,Counterclockwise,69.9622345
9,Counterclockwise,70.03677368
9,Counterclockwise,70.13443756
9,Counterclockwise,70.22048187
9,Counterclockwise,70.28291321
9,Counterclockwise,70.32791901
9,Counterclockwise,70.36056519
9,Counterclockwise,70.39307404
9,Counterclockwise,70.39362335
9,Counterclockwise,70.39873505
9,Counterclockwise,70.36343384
9,Counterclockwise,70.3261261
9,Counterclockwise,70.26206207
9,Counterclockwise,70.19434357
9,Counterclockwise,70.12796021
9,Counterclockwise,70.05103302
9,Counterclockwise,69.97904205
9,Counterclockwise,69.90648651
9,Counterclockwise,69.82362366
9,Counterclockwise,69.72103882
9,Counterclockwise,69.63289642
9,Counterclockwise,69.54449463
9,Counterclockwise,69.47264862
9,Counterclockwise,69.43069458
9,Counterclockwise,69.38459778
9,Counterclockwise,69.3442688
9,Counterclockwise,69.23319244
9,Counterclockwise,69.07655334
9,Counterclockwise,68.79586029
9,Counterclockwise,68.46628571
9,Counterclockwise,68.10197449
9,Counterclockwise,67.69335175
9,Counterclockwise,67.36606598
9,Counterclockwise,67.08605957
9,Counterclockwise,66.90190887
9,Counterclockwise,66.76519012
9,Counterclockwise,66.69356537
9,Counterclockwise,66.62250519
9,Counterclockwise,66.57309723
9,Counterclockwise,66.53115082
9,Counterclockwise,66.51599884
9,Counterclockwise,66.51581573
9,Counterclockwise,66.51599884
9,Counterclockwise,66.51602936
9,Counterclockwise,66.51602173
9,Counterclockwise,66.51602173
9,Counterclockwise,66.51604462
9,Counterclockwise,66.5165863
9,Counterclockwise,66.52488708
9,Counterclockwise,66.53660583
9,Counterclockwise,66.59606171
9,Counterclockwise,66.66570282
9,Counterclockwise,66.81973267
9,Counterclockwise,66.98802185
9,Counterclockwise,67.29656982
9,Counterclockwise,67.64678192
9,Counterclockwise,68.0391922
9,Counterclockwise,68.36746979
9,Counterclockwise,68.6472168
9,Counterclockwise,68.8526001
9,Counterclockwise,69.03109741
9,Counterclockwise,69.18405151
9,Counterclockwise,69.28157043
9,Counterclockwise,69.40309143
9,Counterclockwise,69.49652863
9,Counterclockwise,69.66201782
9,Counterclockwise,69.80262756
9,Counterclockwise,69.93331146
9,Counterclockwise,70.03958893
9,Counterclockwise,70.13713074
9,Counterclockwise,70.22821808
9,Counterclockwise,70.304245
9,Counterclockwise,70.37593079
9,Counterclockwise,70.45141602
9,Counterclockwise,70.52412415
9,Counterclockwise,70.57289886
9,Counterclockwise,70.60249329
9,Counterclockwise,70.6426239
9,Counterclockwise,70.68920135
9,Counterclockwise,70.73313904
9,Counterclockwise,70.77839661
9,Counterclockwise,70.80532074
9,Counterclockwise,70.85269165
9,Counterclockwise,70.88391113
9,Counterclockwise,70.92071533
9,Counterclockwise,70.95713043
9,Counterclockwise,70.98512268
9,Counterclockwise,71.00854492
9,Counterclockwise,70.99980164
9,Counterclockwise,70.97554016
9,Counterclockwise,70.98163605
9,Counterclockwise,71.00730896
9,Counterclockwise,71.01165771
9,Counterclockwise,71.00132751
9,Counterclockwise,70.99816895
9,Counterclockwise,70.9909668
9,Counterclockwise,70.98215485
9,Counterclockwise,70.97572327
9,Counterclockwise,70.96784973
9,Counterclockwise,70.96218872
9,Counterclockwise,70.95924377
9,Counterclockwise,70.94793701
9,Counterclockwise,70.92527771
9,Counterclockwise,70.91336823
9,Counterclockwise,70.91152954
9,Counterclockwise,70.90721893
9,Counterclockwise,70.90590668
9,Counterclockwise,70.90341187
9,Counterclockwise,70.8989563
9,Counterclockwise,70.89888
9,Counterclockwise,70.89447021
9,Counterclockwise,70.89121246
9,Counterclockwise,70.87697601
9,Counterclockwise,70.88113403
9,Counterclockwise,70.85787964
9,Counterclockwise,70.81343079
9,Counterclockwise,70.7722702
9,Counterclockwise,70.73558044
9,Counterclockwise,70.71727753
9,Counterclockwise,70.71266937
9,Counterclockwise,70.68891144
9,Counterclockwise,70.65296936
9,Counterclockwise,70.60295868
9,Counterclockwise,70.55687714
9,Counterclockwise,70.50293732
9,Counterclockwise,70.45574951
9,Counterclockwise,70.4087677
9,Counterclockwise,70.3554306
9,Counterclockwise,70.28443909
9,Counterclockwise,70.20838928
9,Counterclockwise,70.13720703
9,Counterclockwise,70.07803345
9,Counterclockwise,70.03203583
9,Counterclockwise,69.9933548
9,Counterclockwise,69.95714569
9,Counterclockwise,69.92646027
9,Counterclockwise,69.9006958
9,Counterclockwise,69.87482452
9,Counterclockwise,69.85839844
9,Counterclockwise,69.84185791
9,Counterclockwise,69.81085205
9,Counterclockwise,69.7569809
9,Counterclockwise,69.69656372
9,Counterclockwise,69.64267731
9,Counterclockwise,69.59344482
9,Counterclockwise,69.54327393
9,Counterclockwise,69.49287415
9,Counterclockwise,69.44258881
9,Counterclockwise,69.39179993
9,Counterclockwise,69.34049988
9,Counterclockwise,69.28835297
9,Counterclockwise,69.2447052
9,Counterclockwise,69.20129395
9,Counterclockwise,69.14985657
9,Counterclockwise,69.08456421
9,Counterclockwise,69.04784393
9,Counterclockwise,69.03952026
9,Counterclockwise,69.06286621
9,Counterclockwise,69.0625
9,Counterclockwise,69.02432251
9,Counterclockwise,68.96674347
9,Counterclockwise,68.87684631
9,Counterclockwise,68.81168365
9,Counterclockwise,68.77489471
9,Counterclockwise,68.75072479
9,Counterclockwise,68.71546936
9,Counterclockwise,68.6665802
9,Counterclockwise,68.60160065
9,Counterclockwise,68.56168365
9,Counterclockwise,68.52739716
9,Counterclockwise,68.50436401
9,Counterclockwise,68.47473907
9,Counterclockwise,68.42471313
9,Counterclockwise,68.3614502
9,Counterclockwise,68.2961731
9,Counterclockwise,68.24842072
9,Counterclockwise,68.20585632
9,Counterclockwise,68.16344452
9,Counterclockwise,68.16937256
9,Counterclockwise,68.16138458
9,Counterclockwise,68.14689636
9,Counterclockwise,68.13020325
9,Counterclockwise,68.09706116
9,Counterclockwise,68.04276276
9,Counterclockwise,67.9945755
9,Counterclockwise,67.95228577
9,Counterclockwise,67.91279602
9,Counterclockwise,67.86689758
9,Counterclockwise,67.81384277
9,Counterclockwise,67.75928497
9,Counterclockwise,67.71635437
9,Counterclockwise,67.66905212
9,Counterclockwise,67.61932373
9,Counterclockwise,67.56049347
9,Counterclockwise,67.49943542
9,Counterclockwise,67.43792725
9,Counterclockwise,67.38768768
9,Counterclockwise,67.3381424
9,Counterclockwise,67.28870392
9,Counterclockwise,67.23875427
9,Counterclockwise,67.18725586
9,Counterclockwise,67.13615417
9,Counterclockwise,67.08637238
9,Counterclockwise,67.03723907
9,Counterclockwise,66.98425293
9,Counterclockwise,66.9354248
9,Counterclockwise,66.88622284
9,Counterclockwise,66.8418808
9,Counterclockwise,66.82746124
9,Counterclockwise,66.82035828
9,Counterclockwise,66.81776428
9,Counterclockwise,66.8132019
9,Counterclockwise,66.79666138
9,Counterclockwise,66.76535797
9,Counterclockwise,66.76535797
9,Counterclockwise,66.73400116
9,Counterclockwise,66.71155548
9,Counterclockwise,66.69911194
9,Counterclockwise,66.67250824
9,Counterclockwise,66.64295197
9,Counterclockwise,66.61597443
9,Counterclockwise,66.62484741
9,Counterclockwise,66.63406372
9,Counterclockwise,66.63943481
9,Counterclockwise,66.65804291
9,Counterclockwise,66.67752838
9,Counterclockwise,66.68482208
9,Counterclockwise,66.69654846
9,Counterclockwise,66.71195984
9,Counterclockwise,66.71495819
9,Counterclockwise,66.7303772
9,Counterclockwise,66.7407074
9,Counterclockwise,66.73366547
9,Counterclockwise,66.7244339
9,Counterclockwise,66.72801971
9,Counterclockwise,66.74008179
9,Counterclockwise,66.74163818
9,Counterclockwise,66.73061371
9,Counterclockwise,66.7307663
9,Counterclockwise,66.74002838
9,Counterclockwise,66.75062561
9,Counterclockwise,66.74782562
9,Counterclockwise,66.74530792
9,Counterclockwise,66.7413559
9,Counterclockwise,66.74845886
9,Counterclockwise,66.74958801
9,Counterclockwise,66.73799133
9,Counterclockwise,66.73944855
9,Counterclockwise,66.74814606
9,Counterclockwise,66.75530243
9,Counterclockwise,66.7507019
9,Counterclockwise,66.74151611
9,Counterclockwise,66.73215485
9,Counterclockwise,66.72761536
9,Counterclockwise,66.72524261
9,Counterclockwise,66.73397827
9,Counterclockwise,66.7440567
9,Counterclockwise,66.75767517
9,Counterclockwise,66.77170563
9,Counterclockwise,66.78168488
9,Counterclockwise,66.78863525
9,Counterclockwise,66.78910828
9,Counterclockwise,66.78840637
9,Counterclockwise,66.78334045
9,Counterclockwise,66.78517151
9,Counterclockwise,66.79491425
9,Counterclockwise,66.7829895
9,Counterclockwise,66.76319122
9,Counterclockwise,66.75925446
9,Counterclockwise,66.7665863
9,Counterclockwise,66.76351166
9,Counterclockwise,66.74164581
9,Counterclockwise,66.71666718
9,Counterclockwise,66.71247101
9,Counterclockwise,66.70938873
9,Counterclockwise,66.70677185
9,Counterclockwise,66.68399811
9,Counterclockwise,66.65721893
9,Counterclockwise,66.62997437
9,Counterclockwise,66.61826324
9,Counterclockwise,66.61371613
9,Counterclockwise,66.60985565
9,Counterclockwise,66.59293365
9,Counterclockwise,66.56260681
9,Counterclockwise,66.53279877
9,Counterclockwise,66.5038147
9,Counterclockwise,66.47734833
9,Counterclockwise,66.45368958
9,Counterclockwise,66.43663025
9,Counterclockwise,66.42602539
9,Counterclockwise,66.41577148
9,Counterclockwise,66.40155792
9,Counterclockwise,66.36662292
9,Counterclockwise,66.33424377
9,Counterclockwise,66.30802917
9,Counterclockwise,66.28290558
9,Counterclockwise,66.26316833
9,Counterclockwise,66.24158478
9,Counterclockwise,66.21303558
9,Counterclockwise,66.18262482
9,Counterclockwise,66.15926361
9,Counterclockwise,66.14169312
9,Counterclockwise,66.12460327
9,Counterclockwise,66.11127472
9,Counterclockwise,66.11108398
9,Counterclockwise,66.12200165
9,Counterclockwise,66.1312561
9,Counterclockwise,66.1206665
9,Counterclockwise,66.08443451
9,Counterclockwise,66.0514679
9,Counterclockwise,66.06243134
9,Counterclockwise,66.06903076
9,Counterclockwise,66.06105804
9,Counterclockwise,66.01383209
9,Counterclockwise,65.96875763
9,Counterclockwise,65.95179749
9,Counterclockwise,65.94728851
9,Counterclockwise,65.92171478
9,Counterclockwise,65.90734863
9,Counterclockwise,65.90585327
9,Counterclockwise,65.90351868
9,Counterclockwise,65.89561462
9,Counterclockwise,65.85949707
9,Counterclockwise,65.83174133
9,Counterclockwise,65.81390381
9,Counterclockwise,65.79878998
9,Counterclockwise,65.77835846
9,Counterclockwise,65.75434875
9,Counterclockwise,65.73916626
9,Counterclockwise,65.73639679
9,Counterclockwise,65.73012543
9,Counterclockwise,65.72576904
9,Counterclockwise,65.71974945
9,Counterclockwise,65.71329498
9,Counterclockwise,65.71159363
9,Counterclockwise,65.71305084
9,Counterclockwise,65.70898438
9,Counterclockwise,65.69046021
9,Counterclockwise,65.66755676
9,Counterclockwise,65.64080048
9,Counterclockwise,65.60987854
9,Counterclockwise,65.58580017
9,Counterclockwise,65.57294464
9,Counterclockwise,65.57123566
9,Counterclockwise,65.58046722
9,Counterclockwise,65.59600067
9,Counterclockwise,65.59448242
9,Counterclockwise,65.56712341
9,Counterclockwise,65.53600311
9,Counterclockwise,65.50196075
9,Counterclockwise,65.47602081
9,Counterclockwise,65.44425201
9,Counterclockwise,65.42190552
9,Counterclockwise,65.41275787
9,Counterclockwise,65.40673828
9,Counterclockwise,65.38969421
9,Counterclockwise,65.35671997
9,Counterclockwise,65.32978821
9,Counterclockwise,65.31697083
9,Counterclockwise,65.31549072
9,Counterclockwise,65.31155396
9,Counterclockwise,65.30196381
9,Counterclockwise,65.27689362
9,Counterclockwise,65.26472473
9,Counterclockwise,65.25902557
9,Counterclockwise,65.23299408
9,Counterclockwise,65.19747162
9,Counterclockwise,65.16222382
9,Counterclockwise,65.12794495
9,Counterclockwise,65.11750793
9,Counterclockwise,65.10623932
9,Counterclockwise,65.09649658
9,Counterclockwise,65.08013916
9,Counterclockwise,65.06964111
9,Counterclockwise,65.06455994
9,Counterclockwise,65.06214142
9,Counterclockwise,65.04961395
9,Counterclockwise,65.03565979
9,Counterclockwise,65.02422333
9,Counterclockwise,65.01538849
9,Counterclockwise,65.00171661
9,Counterclockwise,64.98324585
9,Counterclockwise,64.96681213
9,Counterclockwise,64.96419525
9,Counterclockwise,64.96572876
9,Counterclockwise,64.96368408
9,Counterclockwise,64.95297241
9,Counterclockwise,64.93656158
9,Counterclockwise,64.92697144
9,Counterclockwise,64.91981506
9,Counterclockwise,64.91274261
9,Counterclockwise,64.91217804
9,Counterclockwise,64.90602112
9,Counterclockwise,64.89225769
9,Counterclockwise,64.86640167
9,Counterclockwise,64.84637451
9,Counterclockwise,64.83132172
9,Counterclockwise,64.82702637
9,Counterclockwise,64.81968689
9,Counterclockwise,64.80643463
9,Counterclockwise,64.79248047
9,Counterclockwise,64.78447723
9,Counterclockwise,64.79673004
9,Counterclockwise,64.80885315
9,Counterclockwise,64.81614685
9,Counterclockwise,64.81194305
9,Counterclockwise,64.80216217
9,Counterclockwise,64.7868576
9,Counterclockwise,64.7688446
9,Counterclockwise,64.75994873
9,Counterclockwise,64.75720978
9,Counterclockwise,64.75709534
9,Counterclockwise,64.73325348
9,Counterclockwise,64.68438721
9,Counterclockwise,64.63553619
9,Counterclockwise,64.62275696
9,Counterclockwise,64.61595154
9,Counterclockwise,64.61600494
9,Counterclockwise,64.61604309
9,Counterclockwise,64.61608124
9,Counterclockwise,64.61253357
9,Counterclockwise,64.60667419
9,Counterclockwise,64.59809113
9,Counterclockwise,64.56896973
9,Counterclockwise,64.53752136
9,Counterclockwise,64.52477264
9,Counterclockwise,64.52196503
9,Counterclockwise,64.52548218
9,Counterclockwise,64.53249359
9,Counterclockwise,64.53683472
9,Counterclockwise,64.521698
9,Counterclockwise,64.51040649
9,Counterclockwise,64.50102234
9,Counterclockwise,64.483284
9,Counterclockwise,64.46001434
9,Counterclockwise,64.43460846
9,Counterclockwise,64.42120361
9,Counterclockwise,64.4149704
9,Counterclockwise,64.41436768
9,Counterclockwise,64.4112854
9,Counterclockwise,64.40653992
9,Counterclockwise,64.40429688
9,Counterclockwise,64.40509796
9,Counterclockwise,64.40460968
9,Counterclockwise,64.40472412
9,Counterclockwise,64.40609741
9,Counterclockwise,64.40763092
9,Counterclockwise,64.40857697
9,Counterclockwise,64.41152191
9,Counterclockwise,64.40337372
9,Counterclockwise,64.37940216
9,Counterclockwise,64.33641052
9,Counterclockwise,64.33721924
9,Counterclockwise,64.35887909
9,Counterclockwise,64.39338684
9,Counterclockwise,64.41374969
9,Counterclockwise,64.41536713
9,Counterclockwise,64.41436768
9,Counterclockwise,64.4152832
9,Counterclockwise,64.42041779
9,Counterclockwise,64.43598175
9,Counterclockwise,64.44522095
9,Counterclockwise,64.44018555
9,Counterclockwise,64.42539215
9,Counterclockwise,64.40569305
9,Counterclockwise,64.39012146
9,Counterclockwise,64.35974884
9,Counterclockwise,64.33322144
9,Counterclockwise,64.3230896
9,Counterclockwise,64.33781433
9,Counterclockwise,64.34122467
9,Counterclockwise,64.36223602
9,Counterclockwise,64.39151764
9,Counterclockwise,64.39951324
9,Counterclockwise,64.4031601
9,Counterclockwise,64.39847565
9,Counterclockwise,64.38467407
9,Counterclockwise,64.37094116
9,Counterclockwise,64.34953308
9,Counterclockwise,64.33657074
9,Counterclockwise,64.33258057
9,Counterclockwise,64.32482147
9,Counterclockwise,64.31177521
9,Counterclockwise,64.3008728
9,Counterclockwise,64.29273987
9,Counterclockwise,64.2833252
9,Counterclockwise,64.27411652
9,Counterclockwise,64.26654053
9,Counterclockwise,64.25867462
9,Counterclockwise,64.24843597
9,Counterclockwise,64.23535919
9,Counterclockwise,64.22150421
9,Counterclockwise,64.21466827
9,Counterclockwise,64.2146759
9,Counterclockwise,64.21859741
9,Counterclockwise,64.22566223
9,Counterclockwise,64.23286438
9,Counterclockwise,64.23642731
9,Counterclockwise,64.23774719
9,Counterclockwise,64.23439026
9,Counterclockwise,64.22887421
9,Counterclockwise,64.2258606
9,Counterclockwise,64.22190857
9,Counterclockwise,64.22039032
9,Counterclockwise,64.21817017
9,Counterclockwise,64.2130127
9,Counterclockwise,64.20838165
9,Counterclockwise,64.20142365
9,Counterclockwise,64.19567871
9,Counterclockwise,64.19637299
9,Counterclockwise,64.20101166
9,Counterclockwise,64.20410919
9,Counterclockwise,64.20314789
9,Counterclockwise,64.20219421
9,Counterclockwise,64.19994354
9,Counterclockwise,64.19945526
9,Counterclockwise,64.20716858
9,Counterclockwise,64.21300507
9,Counterclockwise,64.21827698
9,Counterclockwise,64.22120667
9,Counterclockwise,64.22145844
9,Counterclockwise,64.22211456
9,Counterclockwise,64.20812225
9,Counterclockwise,64.18291473
9,Counterclockwise,64.15385437
9,Counterclockwise,64.12260437
9,Counterclockwise,64.10329437
9,Counterclockwise,64.09651947
9,Counterclockwise,64.08844757
9,Counterclockwise,64.08065033
9,Counterclockwise,64.07748413
9,Counterclockwise,64.06563568
9,Counterclockwise,64.06244659
9,Counterclockwise,64.06427765
9,Counterclockwise,64.07154846
9,Counterclockwise,64.08322144
9,Counterclockwise,64.09292603
9,Counterclockwise,64.09431458
9,Counterclockwise,64.09801483
9,Counterclockwise,64.10331726
9,Counterclockwise,64.10141754
9,Counterclockwise,64.09482574
9,Counterclockwise,64.07420349
9,Counterclockwise,64.05167389
9,Counterclockwise,64.04936981
9,Counterclockwise,64.04884338
9,Counterclockwise,64.0630722
9,Counterclockwise,64.0782547
9,Counterclockwise,64.09005737
9,Counterclockwise,64.09687042
9,Counterclockwise,64.09748077
9,Counterclockwise,64.09457397
9,Counterclockwise,64.07678223
9,Counterclockwise,64.04403687
9,Counterclockwise,64.00678253
9,Counterclockwise,63.97490311
9,Counterclockwise,63.95917511
9,Counterclockwise,63.98123932
9,Counterclockwise,64.00054169
9,Counterclockwise,64.03334045
9,Counterclockwise,64.06427765
9,Counterclockwise,64.07974243
9,Counterclockwise,64.09172058
9,Counterclockwise,64.09316254
9,Counterclockwise,64.08709717
9,Counterclockwise,64.07775116
9,Counterclockwise,64.06723022
9,Counterclockwise,64.06511688
9,Counterclockwise,64.08250427
9,Counterclockwise,64.09671021
9,Counterclockwise,64.09392548
9,Counterclockwise,64.08524323
9,Counterclockwise,64.06045532
9,Counterclockwise,64.03556061
9,Counterclockwise,64.00826263
9,Counterclockwise,63.97824097
9,Counterclockwise,63.95085144
9,Counterclockwise,63.92949677
9,Counterclockwise,63.91547394
9,Counterclockwise,63.91121292
9,Counterclockwise,63.90948868
9,Counterclockwise,63.90280533
9,Counterclockwise,63.90011978
9,Counterclockwise,63.89623642
9,Counterclockwise,63.89554214
9,Counterclockwise,63.89067459
9,Counterclockwise,63.87667465
9,Counterclockwise,63.86203003
9,Counterclockwise,63.84111404
9,Counterclockwise,63.80690384
9,Counterclockwise,63.73454285
9,Counterclockwise,63.65348053
9,Counterclockwise,63.55920029
9,Counterclockwise,63.47447968
9,Counterclockwise,63.43316269
9,Counterclockwise,63.4128952
9,Counterclockwise,63.41605377
9,Counterclockwise,63.41769409
9,Counterclockwise,63.41029739
9,Counterclockwise,63.38206482
9,Counterclockwise,63.34467697
9,Counterclockwise,63.27830505
9,Counterclockwise,63.22522354
9,Counterclockwise,63.1848526
9,Counterclockwise,63.15396118
9,Counterclockwise,63.13129044
9,Counterclockwise,63.11843109
9,Counterclockwise,63.10870743
9,Counterclockwise,63.09490967
9,Counterclockwise,63.07503891
9,Counterclockwise,63.04504013
9,Counterclockwise,63.02695465
9,Counterclockwise,63.01681137
9,Counterclockwise,63.00784302
9,Counterclockwise,63.0028038
9,Counterclockwise,62.99610519
9,Counterclockwise,62.99630737
9,Counterclockwise,63.00402451
9,Counterclockwise,63.01878357
9,Counterclockwise,63.04834366
9,Counterclockwise,63.08301926
9,Counterclockwise,63.13882446
9,Counterclockwise,63.20196152
9,Counterclockwise,63.28751373
9,Counterclockwise,63.38763809
9,Counterclockwise,63.51755524
9,Counterclockwise,63.64381409
9,Counterclockwise,63.75629044
9,Counterclockwise,63.87358475
9,Counterclockwise,63.99126053
9,Counterclockwise,64.11894226
9,Counterclockwise,64.24539185
9,Counterclockwise,64.33525848
9,Counterclockwise,64.41603088
9,Counterclockwise,64.45752716
9,Counterclockwise,64.48347473
9,Counterclockwise,64.48621368
9,Counterclockwise,64.47161102
9,Counterclockwise,64.44973755
9,Counterclockwise,64.41248322
9,Counterclockwise,64.37374878
9,Counterclockwise,64.31271362
9,Counterclockwise,64.2724762
9,Counterclockwise,64.23545837
9,Counterclockwise,64.20894623
9,Counterclockwise,64.20622253
9,Counterclockwise,64.21755981
9,Counterclockwise,64.23880768
9,Counterclockwise,64.27043915
9,Counterclockwise,64.30407715
9,Counterclockwise,64.35018921
9,Counterclockwise,64.39112854
9,Counterclockwise,64.41773224
9,Counterclockwise,64.43560028
9,Counterclockwise,64.4617691
9,Counterclockwise,64.4886322
9,Counterclockwise,64.50344086
9,Counterclockwise,64.50782776
9,Counterclockwise,64.50922394
9,Counterclockwise,64.50640106
9,Counterclockwise,64.50461578
9,Counterclockwise,64.50054169
9,Counterclockwise,64.4874649
9,Counterclockwise,64.47769928
9,Counterclockwise,64.46329498
9,Counterclockwise,64.44919586
9,Counterclockwise,64.43413544
9,Counterclockwise,64.42134857
9,Counterclockwise,64.40775299
9,Counterclockwise,64.38664246
9,Counterclockwise,64.35655975
9,Counterclockwise,64.32793427
9,Counterclockwise,64.30550385
9,Counterclockwise,64.27824402
9,Counterclockwise,64.23368835
9,Counterclockwise,64.17697906
9,Counterclockwise,64.09951782
9,Counterclockwise,64.01353455
9,Counterclockwise,63.93605423
9,Counterclockwise,63.875
9,Counterclockwise,63.83081055
9,Counterclockwise,63.81439209
9,Counterclockwise,63.80109024
9,Counterclockwise,63.75547409
9,Counterclockwise,63.70682144
9,Counterclockwise,63.6590004
9,Counterclockwise,63.60620117
9,Counterclockwise,63.55495453
9,Counterclockwise,63.51427078
9,Counterclockwise,63.48005295
9,Counterclockwise,63.45998764
9,Counterclockwise,63.43997192
9,Counterclockwise,63.42186737
9,Counterclockwise,63.4078331
9,Counterclockwise,63.38911438
9,Counterclockwise,63.365345
9,Counterclockwise,63.3391304
9,Counterclockwise,63.31280136
9,Counterclockwise,63.28051376
9,Counterclockwise,63.24340439
9,Counterclockwise,63.20719147
9,Counterclockwise,63.17024994
9,Counterclockwise,63.13492203
9,Counterclockwise,63.11680603
9,Counterclockwise,63.09394073
9,Counterclockwise,63.0711937
9,Counterclockwise,63.04673004
9,Counterclockwise,63.01774216
9,Counterclockwise,62.99040222
9,Counterclockwise,62.96284103
9,Counterclockwise,62.93549728
9,Counterclockwise,62.91708755
9,Counterclockwise,62.91405487
9,Counterclockwise,62.90402603
9,Counterclockwise,62.86054993
9,Counterclockwise,62.81832123
9,Counterclockwise,62.77635956
9,Counterclockwise,62.74132156
9,Counterclockwise,62.71012115
9,Counterclockwise,62.67493439
9,Counterclockwise,62.63981628
9,Counterclockwise,62.60630417
9,Counterclockwise,62.57679749
9,Counterclockwise,62.54310989
9,Counterclockwise,62.5243454
9,Counterclockwise,62.51620483
9,Counterclockwise,62.51620483
9,Counterclockwise,62.52724457
9,Counterclockwise,62.47657394
9,Counterclockwise,62.42041779
9,Counterclockwise,62.3786087
9,Counterclockwise,62.34698868
9,Counterclockwise,62.32489395
9,Counterclockwise,62.26844025
9,Counterclockwise,62.20526123
9,Counterclockwise,62.14876938
9,Counterclockwise,62.10797501
9,Counterclockwise,62.07710648
9,Counterclockwise,62.06120682
9,Counterclockwise,62.04590225
9,Counterclockwise,62.03927612
9,Counterclockwise,62.04131317
9,Counterclockwise,62.0206871
9,Counterclockwise,62.00159836
9,Counterclockwise,61.99541855
9,Counterclockwise,61.99090195
9,Counterclockwise,61.94987869
9,Counterclockwise,61.91095734
9,Counterclockwise,61.88190079
9,Counterclockwise,61.85155487
9,Counterclockwise,61.81753159
9,Counterclockwise,61.80620956
9,Counterclockwise,61.80960464
9,Counterclockwise,61.80176926
9,Counterclockwise,61.73765182
9,Counterclockwise,61.69799042
9,Counterclockwise,61.66755676
9,Counterclockwise,61.60456085
9,Counterclockwise,61.53987122
9,Counterclockwise,61.4762764
9,Counterclockwise,61.43343735
9,Counterclockwise,61.3584137
9,Counterclockwise,61.27153015
9,Counterclockwise,61.19578934
9,Counterclockwise,61.14988327
9,Counterclockwise,61.10451508
9,Counterclockwise,61.05761337
9,Counterclockwise,61.0330658
9,Counterclockwise,60.99890137
9,Counterclockwise,60.95021057
9,Counterclockwise,60.89546585
9,Counterclockwise,60.86374283
9,Counterclockwise,60.82915115
9,Counterclockwise,60.7798996
9,Counterclockwise,60.6989975
9,Counterclockwise,60.58518982
9,Counterclockwise,60.47102356
9,Counterclockwise,60.35928726
9,Counterclockwise,60.25217056
9,Counterclockwise,60.1684761
9,Counterclockwise,60.08211899
9,Counterclockwise,59.99118805
9,Counterclockwise,59.93462753
9,Counterclockwise,59.9002037
9,Counterclockwise,59.86449814
9,Counterclockwise,59.82144928
9,Counterclockwise,59.7165947
9,Counterclockwise,59.57661438
9,Counterclockwise,59.40681839
9,Counterclockwise,59.21011353
9,Counterclockwise,59.01350784
9,Counterclockwise,58.80485916
9,Counterclockwise,58.58137512
9,Counterclockwise,58.34472656
9,Counterclockwise,58.11978531
9,Counterclockwise,57.90571213
9,Counterclockwise,57.66423035
9,Counterclockwise,57.28926468
9,Counterclockwise,56.83361816
9,Counterclockwise,56.26821518
9,Counterclockwise,55.61095047
9,Counterclockwise,55.05070496
9,Counterclockwise,54.67106628
9,Counterclockwise,54.42756271
9,Counterclockwise,54.24472427
9,Counterclockwise,54.07654953
9,Counterclockwise,53.91262054
9,Counterclockwise,53.73825836
9,Counterclockwise,53.56328201
9,Counterclockwise,53.35567474
9,Counterclockwise,53.12562561
9,Counterclockwise,52.87508011
9,Counterclockwise,52.62272263
9,Counterclockwise,52.36168671
9,Counterclockwise,52.09407043
9,Counterclockwise,51.82763672
9,Counterclockwise,51.56784058
9,Counterclockwise,51.28371811
9,Counterclockwise,50.97798157
9,Counterclockwise,50.65831757
9,Counterclockwise,50.34896088
9,Counterclockwise,50.03661346
9,Counterclockwise,49.72437668
9,Counterclockwise,49.41827774
9,Counterclockwise,49.08715439
9,Counterclockwise,48.73054123
9,Counterclockwise,48.36846542
9,Counterclockwise,48.04699707
9,Counterclockwise,47.74777222
9,Counterclockwise,47.47559738
9,Counterclockwise,47.23912048
9,Counterclockwise,47.03126144
9,Counterclockwise,46.84146118
9,Counterclockwise,46.66479111
9,Counterclockwise,46.47154617
9,Counterclockwise,46.24293518
9,Counterclockwise,45.97135162
9,Counterclockwise,45.69125748
9,Counterclockwise,45.3796463
9,Counterclockwise,45.04170609
9,Counterclockwise,44.71247864
9,Counterclockwise,44.40737534
9,Counterclockwise,44.06474686
9,Counterclockwise,43.71998215
9,Counterclockwise,43.37806702
9,Counterclockwise,43.03664017
9,Counterclockwise,42.71705627
9,Counterclockwise,42.42947388
9,Counterclockwise,42.16746521
9,Counterclockwise,41.91033554
9,Counterclockwise,41.66662598
9,Counterclockwise,41.44865417
9,Counterclockwise,41.24843597
9,Counterclockwise,41.00226593
9,Counterclockwise,40.74268723
9,Counterclockwise,40.46370316
9,Counterclockwise,40.16345215
9,Counterclockwise,39.85490036
9,Counterclockwise,39.54380798
9,Counterclockwise,39.23802185
9,Counterclockwise,38.95324707
9,Counterclockwise,38.70197296
9,Counterclockwise,38.4846344
9,Counterclockwise,38.27653503
9,Counterclockwise,38.07733536
9,Counterclockwise,37.9074173
9,Counterclockwise,37.7805481
9,Counterclockwise,37.65747833
9,Counterclockwise,37.52126694
9,Counterclockwise,37.35054779
9,Counterclockwise,37.15551376
9,Counterclockwise,36.94866943
9,Counterclockwise,36.68408203
9,Counterclockwise,36.32938766
9,Counterclockwise,35.94086075
9,Counterclockwise,35.56833649
9,Counterclockwise,35.29792404
9,Counterclockwise,35.05842209
9,Counterclockwise,34.7823143
9,Counterclockwise,34.41703033
9,Counterclockwise,33.98523331
9,Counterclockwise,33.55494308
9,Counterclockwise,33.20360947
9,Counterclockwise,32.98049164
9,Counterclockwise,32.82635117
9,Counterclockwise,32.71331406
9,Counterclockwise,32.63002014
9,Counterclockwise,32.57237244
9,Counterclockwise,32.52826691
9,Counterclockwise,32.48712158
9,Counterclockwise,32.4433136
9,Counterclockwise,32.38409042
9,Counterclockwise,32.33321381
9,Counterclockwise,32.28477478
9,Counterclockwise,32.24978256
9,Counterclockwise,32.21720886
9,Counterclockwise,32.08884048
9,Counterclockwise,31.840765
9,Counterclockwise,31.57720375
9,Counterclockwise,31.31309509
9,Counterclockwise,31.04072762
9,Counterclockwise,30.7663517
9,Counterclockwise,30.4776001
9,Counterclockwise,30.13070107
9,Counterclockwise,29.74994278
9,Counterclockwise,29.33162308
9,Counterclockwise,28.89187622
9,Counterclockwise,28.5239048
9,Counterclockwise,28.19892693
9,Counterclockwise,27.94178963
9,Counterclockwise,27.68856812
9,Counterclockwise,27.41282082
9,Counterclockwise,27.09480095
9,Counterclockwise,26.75823784
9,Counterclockwise,26.43812943
9,Counterclockwise,26.12377739
9,Counterclockwise,25.83977509
9,Counterclockwise,25.58337402
9,Counterclockwise,25.42685509
9,Counterclockwise,25.32283592
9,Counterclockwise,25.2649765
9,Counterclockwise,25.23461723
9,Counterclockwise,25.22735596
9,Counterclockwise,25.29549217
9,Counterclockwise,25.41486168
9,Counterclockwise,25.69829178
9,Counterclockwise,25.993536
9,Counterclockwise,26.33960342
9,Counterclockwise,26.7033844
9,Counterclockwise,27.09059525
9,Counterclockwise,27.52653885
9,Counterclockwise,28.01026917
9,Counterclockwise,28.61035919
9,Counterclockwise,29.35850906
9,Counterclockwise,30.09649086
9,Counterclockwise,30.8047924
9,Counterclockwise,31.44691849
9,Counterclockwise,32.08718491
9,Counterclockwise,32.69654846
9,Counterclockwise,33.24403763
9,Counterclockwise,33.67124557
9,Counterclockwise,34.07144928
9,Counterclockwise,34.46828461
9,Counterclockwise,34.8648262
9,Counterclockwise,35.26085663
9,Counterclockwise,35.65731812
9,Counterclockwise,36.05615234
9,Counterclockwise,36.4553566
9,Counterclockwise,36.85087967
9,Counterclockwise,37.29998779
9,Counterclockwise,37.70547485
9,Counterclockwise,38.1123085
9,Counterclockwise,38.4448204
9,Counterclockwise,38.62985611
9,Counterclockwise,38.76924133
9,Counterclockwise,38.84554672
9,Counterclockwise,38.89000702
9,Counterclockwise,38.92552567
9,Counterclockwise,38.95936584
9,Counterclockwise,38.99798203
9,Counterclockwise,39.01256943
9,Counterclockwise,39.01758957
9,Counterclockwise,39.01846695
9,Counterclockwise,39.02965546
9,Counterclockwise,39.03540039
9,Counterclockwise,39.02216721
9,Counterclockwise,39.0150795
9,Counterclockwise,39.0386467
9,Counterclockwise,39.030056
9,Counterclockwise,39.0078392
9,Counterclockwise,38.94938278
9,Counterclockwise,38.88104248
9,Counterclockwise,38.77312088
9,Counterclockwise,38.78335953
9,Counterclockwise,38.7350502
9,Counterclockwise,38.69835663
9,Counterclockwise,38.63542938
9,Counterclockwise,38.57183838
9,Counterclockwise,38.51483154
9,Counterclockwise,38.45172882
9,Counterclockwise,38.3870697
9,Counterclockwise,38.31855011
9,Counterclockwise,38.31855011
9,Counterclockwise,38.24792862
9,Counterclockwise,38.14985275
9,Counterclockwise,38.04024506
9,Counterclockwise,37.93358994
9,Counterclockwise,37.83417511
9,Counterclockwise,37.73734283
9,Counterclockwise,37.62474823
9,Counterclockwise,37.50393677
9,Counterclockwise,37.39225006
9,Counterclockwise,37.30071259
9,Counterclockwise,37.24123001
9,Counterclockwise,37.19465637
9,Counterclockwise,37.1564827
9,Counterclockwise,37.12008286
9,Counterclockwise,37.0916481
9,Counterclockwise,37.07575607
9,Counterclockwise,37.02531052
9,Counterclockwise,36.95749664
9,Counterclockwise,36.93787766
9,Counterclockwise,36.88129044
9,Counterclockwise,36.85376358
9,Counterclockwise,36.65548325
9,Counterclockwise,36.26960373
9,Counterclockwise,35.7632637
9,Counterclockwise,35.21895981
9,Counterclockwise,34.70819473
9,Counterclockwise,34.22626495
9,Counterclockwise,33.74966049
9,Counterclockwise,33.20567322
9,Counterclockwise,32.64364624
9,Counterclockwise,32.06545258
9,Counterclockwise,31.50417709
9,Counterclockwise,30.98808098
9,Counterclockwise,30.53197479
9,Counterclockwise,30.1162529
9,Counterclockwise,29.75132179
9,Counterclockwise,29.42341805
9,Counterclockwise,29.1012764
9,Counterclockwise,28.80602837
9,Counterclockwise,28.53527641
9,Counterclockwise,28.26438522
9,Counterclockwise,28.02726746
9,Counterclockwise,27.80466461
9,Counterclockwise,27.60543633
9,Counterclockwise,27.41235161
9,Counterclockwise,27.23282623
9,Counterclockwise,27.08987427
9,Counterclockwise,26.94544792
9,Counterclockwise,26.83740997
9,Counterclockwise,26.74704361
9,Counterclockwise,26.7334404
9,Counterclockwise,26.69597626
9,Counterclockwise,26.66309929
9,Counterclockwise,26.67692184
9,Counterclockwise,26.65238571
9,Counterclockwise,26.64770889
9,Counterclockwise,26.66369438
9,Counterclockwise,26.7692337
9,Counterclockwise,26.82266998
9,Counterclockwise,26.95400238
9,Counterclockwise,27.11992073
9,Counterclockwise,27.25639915
9,Counterclockwise,27.40645218
9,Counterclockwise,27.5634346
9,Counterclockwise,27.62318039
9,Counterclockwise,27.73084259
9,Counterclockwise,27.78308487
9,Counterclockwise,27.63576889
9,Counterclockwise,27.41862869
9,Counterclockwise,27.22577286
9,Counterclockwise,27.10233116
9,Counterclockwise,27.01475716
9,Counterclockwise,26.97754288
9,Counterclockwise,27.00181961
9,Counterclockwise,27.06830406
9,Counterclockwise,27.2668457
9,Counterclockwise,27.6958847
9,Counterclockwise,28.2127285
9,Counterclockwise,28.81807137
9,Counterclockwise,29.55328751
9,Counterclockwise,30.27660942
9,Counterclockwise,30.6410656
9,Counterclockwise,30.92296219
9,Counterclockwise,31.19158745
9,Counterclockwise,31.43481827
9,Counterclockwise,31.66918564
9,Counterclockwise,31.85283852
9,Counterclockwise,32.01862335
9,Counterclockwise,32.18676758
9,Counterclockwise,32.33341217
9,Counterclockwise,32.46728516
9,Counterclockwise,32.58070755
9,Counterclockwise,32.68993759
9,Counterclockwise,32.80452347
9,Counterclockwise,32.6362915
9,Counterclockwise,32.77306366
9,Counterclockwise,32.95021439
9,Counterclockwise,33.14809418
9,Counterclockwise,33.41363144
9,Counterclockwise,33.68066788
9,Counterclockwise,33.90231323
9,Counterclockwise,34.05558395
9,Counterclockwise,34.16778946
9,Counterclockwise,34.25269318
9,Counterclockwise,34.33356857
9,Counterclockwise,34.40201569
9,Counterclockwise,34.46847153
9,Counterclockwise,34.52707672
9,Counterclockwise,34.58223343
9,Counterclockwise,34.62641525
9,Counterclockwise,34.66975403
9,Counterclockwise,34.70481873
9,Counterclockwise,34.74301147
9,Counterclockwise,34.81132126
9,Counterclockwise,34.88611221
9,Counterclockwise,34.90633392
9,Counterclockwise,34.87774658
9,Counterclockwise,34.52823639
9,Counterclockwise,34.11932373
9,Counterclockwise,33.72681808
9,Counterclockwise,33.3886261
9,Counterclockwise,33.09522247
9,Counterclockwise,32.84088135
9,Counterclockwise,32.60149765
9,Counterclockwise,32.36265564
9,Counterclockwise,32.12598419
9,Counterclockwise,31.88682365
9,Counterclockwise,31.6492691
9,Counterclockwise,31.42173767
9,Counterclockwise,31.19742203
9,Counterclockwise,30.97501564
9,Counterclockwise,30.77120018
9,Counterclockwise,30.51455688
9,Counterclockwise,30.1164608
9,Counterclockwise,29.53624916
9,Counterclockwise,28.77984238
9,Counterclockwise,27.9794178
9,Counterclockwise,27.28365707
9,Counterclockwise,26.73155212
9,Counterclockwise,26.27627182
9,Counterclockwise,25.84385872
9,Counterclockwise,25.41916656
9,Counterclockwise,25.00575447
9,Counterclockwise,24.55678749
9,Counterclockwise,24.05509758
9,Counterclockwise,23.49213791
9,Counterclockwise,22.88301468
9,Counterclockwise,22.26588249
9,Counterclockwise,21.66493416
9,Counterclockwise,21.12291718
9,Counterclockwise,20.61679077
9,Counterclockwise,20.13207626
9,Counterclockwise,19.64943886
9,Counterclockwise,19.17674828
9,Counterclockwise,18.71291161
9,Counterclockwise,18.22781944
9,Counterclockwise,17.62967491
9,Counterclockwise,16.87518883
9,Counterclockwise,16.05710602
9,Counterclockwise,15.35410309
9,Counterclockwise,14.87280083
9,Counterclockwise,14.5429306
9,Counterclockwise,14.28044796
9,Counterclockwise,14.02450275
9,Counterclockwise,13.76592922
9,Counterclockwise,13.49718952
9,Counterclockwise,13.23101139
9,Counterclockwise,12.97843742
9,Counterclockwise,12.73230553
9,Counterclockwise,12.47761917
9,Counterclockwise,12.21518517
9,Counterclockwise,11.95324039
9,Counterclockwise,11.69035149
9,Counterclockwise,11.42706013
9,Counterclockwise,11.1597023
9,Counterclockwise,10.8968792
9,Counterclockwise,10.63308907
9,Counterclockwise,10.37379646
9,Counterclockwise,10.12563992
9,Counterclockwise,9.876607895
9,Counterclockwise,9.60990715
9,Counterclockwise,9.351401329
9,Counterclockwise,9.119466782
9,Counterclockwise,8.937521935
9,Counterclockwise,8.791079521
9,Counterclockwise,8.66373539
9,Counterclockwise,8.540904045
9,Counterclockwise,8.419592857
9,Counterclockwise,8.295938492
9,Counterclockwise,8.17536068
9,Counterclockwise,8.067547798
9,Counterclockwise,7.959192753
9,Counterclockwise,7.846543789
9,Counterclockwise,7.730818748
9,Counterclockwise,7.632101536
9,Counterclockwise,7.549965382
9,Counterclockwise,7.463903904
9,Counterclockwise,7.368927956
9,Counterclockwise,7.258762836
9,Counterclockwise,7.182182789
9,Counterclockwise,7.179519176
9,Counterclockwise,7.228167057
9,Counterclockwise,7.278625011
9,Counterclockwise,7.325713158
9,Counterclockwise,7.362298489
9,Counterclockwise,7.395468712
9,Counterclockwise,7.436908722
9,Counterclockwise,7.474086285
9,Counterclockwise,7.503175735
9,Counterclockwise,7.504857063
9,Counterclockwise,7.498409271
9,Counterclockwise,7.472835541
9,Counterclockwise,7.456810951
9,Counterclockwise,7.451349258
9,Counterclockwise,7.451057911
9,Counterclockwise,7.446930408
9,Counterclockwise,7.432254314
9,Counterclockwise,7.407476902
9,Counterclockwise,7.388845444
9,Counterclockwise,7.372539043
9,Counterclockwise,7.369165897
9,Counterclockwise,7.353569031
9,Counterclockwise,7.326081276
9,Counterclockwise,7.310523033
9,Counterclockwise,7.290153503
9,Counterclockwise,7.253191948
9,Counterclockwise,7.238193512
9,Counterclockwise,7.246843815
9,Counterclockwise,7.240301132
9,Counterclockwise,7.212669373
9,Counterclockwise,7.202554226
9,Counterclockwise,7.203481674
9,Counterclockwise,7.24540329
9,Counterclockwise,7.282485008
9,Counterclockwise,7.309634209
9,Counterclockwise,7.310370922
9,Counterclockwise,7.30388546
9,Counterclockwise,7.301980495
9,Counterclockwise,7.304246902
9,Counterclockwise,7.331509113
9,Counterclockwise,7.352653027
9,Counterclockwise,7.365880013
9,Counterclockwise,7.373961449
9,Counterclockwise,7.396841526
9,Counterclockwise,7.433479309
9,Counterclockwise,7.461849689
9,Counterclockwise,7.495688438
9,Counterclockwise,7.539463997
9,Counterclockwise,7.585180283
9,Counterclockwise,7.650015831
9,Counterclockwise,7.721205711
9,Counterclockwise,7.789352894
9,Counterclockwise,7.843662739
9,Counterclockwise,7.877459049
9,Counterclockwise,7.921314716
