10,Broadway_East,77.20732117
10,Broadway_East,76.18254089
10,Broadway_East,75.86276245
10,Broadway_East,75.90266418
10,Broadway_East,76.07228088
10,Broadway_East,76.55450439
10,Broadway_East,77.40960693
10,Broadway_East,78.74620819
10,Broadway_East,77.66339874
10,Broadway_East,75.64115906
10,Broadway_East,75.61035919
10,Broadway_East,75.79232788
10,Broadway_East,75.90142822
10,Broadway_East,76.27654266
10,Broadway_East,76.67623901
10,Broadway_East,77.37274933
10,Broadway_East,77.85807037
10,Broadway_East,77.35037994
10,Broadway_East,76.32201385
10,Broadway_East,75.72373962
10,Broadway_East,75.87346649
10,Broadway_East,76.76065826
10,Broadway_East,77.87618256
10,Broadway_East,78.97306824
10,Broadway_East,79.90486145
10,Broadway_East,80.84438324
10,Broadway_East,81.07591248
10,Broadway_East,81.05280304
10,Broadway_East,80.91220093
10,Broadway_East,80.76959229
10,Broadway_East,80.54521179
10,Broadway_East,80.22226715
10,Broadway_East,80.08493805
10,Broadway_East,80.26318359
10,Broadway_East,80.5297699
10,Broadway_East,80.86016846
10,Broadway_East,81.32678986
10,Broadway_East,81.49243164
10,Broadway_East,81.57175446
10,Broadway_East,81.52431488
10,Broadway_East,81.63822174
10,Broadway_East,81.90376282
10,Broadway_East,82.21681213
10,Broadway_East,82.75727844
10,Broadway_East,83.25839996
10,Broadway_East,83.73117065
10,Broadway_East,84.29521942
10,Broadway_East,84.80620575
10,Broadway_East,85.55644989
10,Broadway_East,86.8191452
10,Broadway_East,87.11894226
10,Broadway_East,87.02036285
10,Broadway_East,86.94722748
10,Broadway_East,86.78610992
10,Broadway_East,86.58297729
10,Broadway_East,86.29625702
10,Broadway_East,86.19046783
10,Broadway_East,86.10754395
10,Broadway_East,86.04383087
10,Broadway_East,86.10555267
10,Broadway_East,86.14323425
10,Broadway_East,86.22285461
10,Broadway_East,86.51412964
10,Broadway_East,86.69700623
10,Broadway_East,86.89787292
10,Broadway_East,86.99420929
10,Broadway_East,87.08273315
10,Broadway_East,87.01301575
10,Broadway_East,86.10591125
10,Broadway_East,85.01887512
10,Broadway_East,84.48564911
10,Broadway_East,84.25988007
10,Broadway_East,83.70051575
10,Broadway_East,83.23773193
10,Broadway_East,82.72532654
10,Broadway_East,82.19510651
10,Broadway_East,81.88700104
10,Broadway_East,81.62708282
10,Broadway_East,81.52089691
10,Broadway_East,81.56407166
10,Broadway_East,81.47988892
10,Broadway_East,81.29541779
10,Broadway_East,80.83752441
10,Broadway_East,80.50598145
10,Broadway_East,80.24446869
10,Broadway_East,80.06988525
10,Broadway_East,80.2306366
10,Broadway_East,80.55265045
10,Broadway_East,80.77880859
10,Broadway_East,80.92922211
10,Broadway_East,81.06435394
10,Broadway_East,81.07514954
10,Broadway_East,80.97173309
10,Broadway_East,80.79938507
10,Broadway_East,80.5398407
10,Broadway_East,80.14756775
10,Broadway_East,79.81510162
10,Broadway_East,79.58921051
10,Broadway_East,79.40758514
10,Broadway_East,79.3147049
10,Broadway_East,79.32789612
10,Broadway_East,79.16895294
10,Broadway_East,78.96606445
10,Broadway_East,78.71513367
10,Broadway_East,78.59231567
10,Broadway_East,78.50039673
10,Broadway_East,78.24707031
10,Broadway_East,77.89221191
10,Broadway_East,77.55057526
10,Broadway_East,77.13495636
10,Broadway_East,76.89143372
10,Broadway_East,76.63290405
10,Broadway_East,76.39479828
10,Broadway_East,76.14591217
10,Broadway_East,76.0969696
10,Broadway_East,76.1537323
10,Broadway_East,76.34667969
10,Broadway_East,76.78520203
10,Broadway_East,77.18582153
10,Broadway_East,77.63855743
10,Broadway_East,78.01265717
10,Broadway_East,78.29522705
10,Broadway_East,78.47068024
10,Broadway_East,78.17198944
10,Broadway_East,76.87185669
10,Broadway_East,76.38937378
10,Broadway_East,75.5456543
10,Broadway_East,74.25694275
10,Broadway_East,73.6937027
10,Broadway_East,73.41788483
10,Broadway_East,73.23764038
10,Broadway_East,73.49320221
10,Broadway_East,74.11771393
10,Broadway_East,74.94529724
10,Broadway_East,75.37171936
10,Broadway_East,75.2767868
10,Broadway_East,74.00849915
10,Broadway_East,73.35163879
10,Broadway_East,72.82473755
10,Broadway_East,72.46176147
10,Broadway_East,72.22065735
10,Broadway_East,71.77679443
10,Broadway_East,70.89364624
10,Broadway_East,70.24843597
10,Broadway_East,69.53298187
10,Broadway_East,68.66706085
10,Broadway_East,67.87620544
10,Broadway_East,67.2899704
10,Broadway_East,66.85153961
10,Broadway_East,66.5072403
10,Broadway_East,66.06560516
10,Broadway_East,65.54927826
10,Broadway_East,64.89337158
10,Broadway_East,64.44651794
10,Broadway_East,63.80010986
10,Broadway_East,62.5709877
10,Broadway_East,61.01468277
10,Broadway_East,60.61068726
10,Broadway_East,60.62804794
10,Broadway_East,61.27745819
10,Broadway_East,62.24734116
10,Broadway_East,63.21115112
10,Broadway_East,63.78027344
10,Broadway_East,63.885849
10,Broadway_East,64.19959259
10,Broadway_East,64.48067474
10,Broadway_East,64.62297058
10,Broadway_East,64.70672607
10,Broadway_East,64.80918884
10,Broadway_East,65.01384735
10,Broadway_East,65.4567337
10,Broadway_East,65.91815948
10,Broadway_East,66.34547424
10,Broadway_East,66.90755463
10,Broadway_East,67.74078369
10,Broadway_East,68.48579407
10,Broadway_East,69.21595764
10,Broadway_East,69.76786804
10,Broadway_East,70.02788544
10,Broadway_East,70.1987915
10,Broadway_East,70.36352539
10,Broadway_East,70.55867767
10,Broadway_East,70.5968399
10,Broadway_East,70.66194916
10,Broadway_East,70.69129181
10,Broadway_East,70.70440674
10,Broadway_East,70.71433258
10,Broadway_East,70.71990204
10,Broadway_East,70.76432037
10,Broadway_East,70.74057007
10,Broadway_East,70.77552795
10,Broadway_East,70.75583649
10,Broadway_East,70.75423431
10,Broadway_East,70.83058929
10,Broadway_East,70.92186737
10,Broadway_East,70.82833862
10,Broadway_East,70.72914886
10,Broadway_East,70.67245483
10,Broadway_East,70.54132843
10,Broadway_East,70.4184494
10,Broadway_East,70.25331116
10,Broadway_East,69.96050262
10,Broadway_East,69.86412811
10,Broadway_East,70.43765259
10,Broadway_East,70.91370392
10,Broadway_East,70.86537933
10,Broadway_East,70.69206238
10,Broadway_East,70.34230042
10,Broadway_East,69.77303314
10,Broadway_East,68.94540405
10,Broadway_East,68.04429626
10,Broadway_East,67.19225311
10,Broadway_East,66.73750305
10,Broadway_East,66.63771057
10,Broadway_East,66.66764832
10,Broadway_East,66.73417664
10,Broadway_East,67.05714417
10,Broadway_East,67.75753021
10,Broadway_East,68.51841736
10,Broadway_East,69.28513336
10,Broadway_East,69.86590576
10,Broadway_East,70.08403015
10,Broadway_East,69.82669067
10,Broadway_East,69.16905975
10,Broadway_East,68.41106415
10,Broadway_East,67.80557251
10,Broadway_East,67.15883636
10,Broadway_East,66.71527863
10,Broadway_East,66.06660461
10,Broadway_East,65.28007507
10,Broadway_East,64.91252899
10,Broadway_East,64.54749298
10,Broadway_East,64.18813324
10,Broadway_East,63.79162979
10,Broadway_East,63.60437775
10,Broadway_East,63.62133026
10,Broadway_East,63.84634399
10,Broadway_East,64.29273987
10,Broadway_East,64.85614014
10,Broadway_East,65.00020599
10,Broadway_East,64.81691742
10,Broadway_East,64.71581268
10,Broadway_East,64.62439728
10,Broadway_East,64.48168182
10,Broadway_East,64.19740295
10,Broadway_East,63.88184738
10,Broadway_East,63.89286041
10,Broadway_East,63.90859985
10,Broadway_East,63.94917679
10,Broadway_East,63.94380569
10,Broadway_East,63.96084976
10,Broadway_East,63.92422485
10,Broadway_East,63.9095993
10,Broadway_East,63.92575836
10,Broadway_East,63.91707611
10,Broadway_East,63.90475082
10,Broadway_East,63.90475082
10,Broadway_East,63.90772629
10,Broadway_East,63.91563797
10,Broadway_East,63.92803955
10,Broadway_East,63.9384346
10,Broadway_East,63.93315125
10,Broadway_East,63.89501572
10,Broadway_East,63.85485077
10,Broadway_East,63.80467606
10,Broadway_East,63.73908997
10,Broadway_East,63.63959885
10,Broadway_East,63.56336212
10,Broadway_East,63.50387955
10,Broadway_East,63.43939972
10,Broadway_East,63.34651947
10,Broadway_East,63.27498627
10,Broadway_East,63.23071289
10,Broadway_East,63.20885468
10,Broadway_East,63.20039368
10,Broadway_East,63.1942215
10,Broadway_East,63.1846962
10,Broadway_East,63.18386078
10,Broadway_East,63.18025589
10,Broadway_East,63.16233444
10,Broadway_East,63.14851379
10,Broadway_East,63.14057541
10,Broadway_East,63.13991547
10,Broadway_East,63.1354599
10,Broadway_East,63.10148621
10,Broadway_East,63.07590103
10,Broadway_East,63.08884811
10,Broadway_East,63.10832977
10,Broadway_East,63.10626221
10,Broadway_East,63.09809494
10,Broadway_East,63.1067543
10,Broadway_East,63.12514114
10,Broadway_East,63.12744904
10,Broadway_East,63.1242981
10,Broadway_East,63.12464905
10,Broadway_East,63.13726807
10,Broadway_East,63.15564346
10,Broadway_East,63.17084885
10,Broadway_East,63.16830444
10,Broadway_East,63.13794327
10,Broadway_East,63.0913353
10,Broadway_East,63.04061508
10,Broadway_East,62.98917007
10,Broadway_East,62.94210052
10,Broadway_East,62.91909409
10,Broadway_East,62.9270134
10,Broadway_East,62.95985031
10,Broadway_East,63.00357437
10,Broadway_East,63.03764725
10,Broadway_East,63.0620575
10,Broadway_East,63.07879639
10,Broadway_East,63.09636307
10,Broadway_East,63.09649277
10,Broadway_East,63.09542847
10,Broadway_East,63.09064102
10,Broadway_East,63.08128357
10,Broadway_East,63.03511429
10,Broadway_East,62.98457718
10,Broadway_East,62.93743896
10,Broadway_East,62.85018921
10,Broadway_East,62.71601868
10,Broadway_East,62.58596802
10,Broadway_East,62.46155548
10,Broadway_East,62.29063797
10,Broadway_East,62.11618805
10,Broadway_East,61.9418869
10,Broadway_East,61.78932571
10,Broadway_East,61.68944168
10,Broadway_East,61.61979675
10,Broadway_East,61.54198837
10,Broadway_East,61.44124985
10,Broadway_East,61.3171463
10,Broadway_East,61.18586731
10,Broadway_East,61.05398178
10,Broadway_East,60.92177963
10,Broadway_East,60.83623505
10,Broadway_East,60.78261185
10,Broadway_East,60.7375946
10,Broadway_East,60.6524086
10,Broadway_East,60.53420639
10,Broadway_East,60.40984726
10,Broadway_East,60.28663254
10,Broadway_East,60.16291046
10,Broadway_East,60.04814529
10,Broadway_East,59.94065475
10,Broadway_East,59.83611298
10,Broadway_East,59.73849487
10,Broadway_East,59.65962601
10,Broadway_East,59.56245422
10,Broadway_East,59.44430542
10,Broadway_East,59.32016754
10,Broadway_East,59.21655655
10,Broadway_East,59.09666824
10,Broadway_East,58.95280838
10,Broadway_East,58.79847336
10,Broadway_East,58.64636612
10,Broadway_East,58.49725723
10,Broadway_East,58.35359955
10,Broadway_East,58.22272491
10,Broadway_East,58.08554077
10,Broadway_East,57.94495773
10,Broadway_East,57.81356049
10,Broadway_East,57.69102097
10,Broadway_East,57.57504272
10,Broadway_East,57.46232986
10,Broadway_East,57.34973145
10,Broadway_East,57.24211502
10,Broadway_East,57.15495682
10,Broadway_East,57.12355804
10,Broadway_East,57.12409973
10,Broadway_East,57.17567444
10,Broadway_East,57.31105423
10,Broadway_East,57.50587463
10,Broadway_East,57.63381958
10,Broadway_East,57.74547958
10,Broadway_East,57.84897995
10,Broadway_East,57.88934708
10,Broadway_East,57.91561508
10,Broadway_East,57.95393753
10,Broadway_East,58.00979614
10,Broadway_East,58.07659912
10,Broadway_East,58.11058807
10,Broadway_East,58.13371658
10,Broadway_East,58.16522598
10,Broadway_East,58.22881317
10,Broadway_East,58.2960434
10,Broadway_East,58.33640289
10,Broadway_East,58.36624527
10,Broadway_East,58.3956337
10,Broadway_East,58.43055344
10,Broadway_East,58.46232605
10,Broadway_East,58.47292709
10,Broadway_East,58.4507103
10,Broadway_East,58.41789246
10,Broadway_East,58.33814621
10,Broadway_East,58.24150085
10,Broadway_East,58.14789581
10,Broadway_East,58.04934692
10,Broadway_East,57.94284821
10,Broadway_East,57.82125092
10,Broadway_East,57.66886139
10,Broadway_East,57.44476318
10,Broadway_East,57.22211075
10,Broadway_East,57.03394699
10,Broadway_East,56.88196564
10,Broadway_East,56.7593689
10,Broadway_East,56.61785889
10,Broadway_East,56.48738098
10,Broadway_East,56.36713409
10,Broadway_East,56.2559433
10,Broadway_East,56.13757324
10,Broadway_East,56.00610733
10,Broadway_East,55.87776184
10,Broadway_East,55.78377533
10,Broadway_East,55.72461319
10,Broadway_East,55.65678024
10,Broadway_East,55.59306717
10,Broadway_East,55.54695892
10,Broadway_East,55.51192856
10,Broadway_East,55.52567291
10,Broadway_East,55.59986496
10,Broadway_East,55.73961639
10,Broadway_East,55.95802307
10,Broadway_East,56.22679901
10,Broadway_East,56.45097733
10,Broadway_East,56.63270187
10,Broadway_East,56.77225494
10,Broadway_East,56.87958908
10,Broadway_East,57.05916977
10,Broadway_East,57.27016068
10,Broadway_East,57.45780182
10,Broadway_East,57.58314514
10,Broadway_East,57.66877365
10,Broadway_East,57.75315475
10,Broadway_East,57.84623337
10,Broadway_East,57.92140198
10,Broadway_East,57.98924637
10,Broadway_East,58.07115555
10,Broadway_East,58.1668396
10,Broadway_East,58.24410248
10,Broadway_East,58.29839706
10,Broadway_East,58.35155869
10,Broadway_East,58.40726852
10,Broadway_East,58.46712112
10,Broadway_East,58.514328
10,Broadway_East,58.52762604
10,Broadway_East,58.54798889
10,Broadway_East,58.61473083
10,Broadway_East,58.67413712
10,Broadway_East,58.71500397
10,Broadway_East,58.77821732
10,Broadway_East,58.86122894
10,Broadway_East,58.92111588
10,Broadway_East,58.95073318
10,Broadway_East,58.98125458
10,Broadway_East,59.02452087
10,Broadway_East,59.09128189
10,Broadway_East,59.17586517
10,Broadway_East,59.25602341
10,Broadway_East,59.32107544
10,Broadway_East,59.37758636
10,Broadway_East,59.4323349
10,Broadway_East,59.48628235
10,Broadway_East,59.54038239
10,Broadway_East,59.59608841
10,Broadway_East,59.66953659
10,Broadway_East,59.74204636
10,Broadway_East,59.80997467
10,Broadway_East,59.88011932
10,Broadway_East,59.95140076
10,Broadway_East,60.01808167
10,Broadway_East,60.08425903
10,Broadway_East,60.15872574
10,Broadway_East,60.23310852
10,Broadway_East,60.29122162
10,Broadway_East,60.33396912
10,Broadway_East,60.36883163
10,Broadway_East,60.41233063
10,Broadway_East,60.44716263
10,Broadway_East,60.46914291
10,Broadway_East,60.48433304
10,Broadway_East,60.51639175
10,Broadway_East,60.56690216
10,Broadway_East,60.61113739
10,Broadway_East,60.65265274
10,Broadway_East,60.69190979
10,Broadway_East,60.7250061
10,Broadway_East,60.77719498
10,Broadway_East,60.84288788
10,Broadway_East,60.91412354
10,Broadway_East,60.97612381
10,Broadway_East,61.016922
10,Broadway_East,61.06459808
10,Broadway_East,61.12418747
10,Broadway_East,61.19792557
10,Broadway_East,61.27138519
10,Broadway_East,61.33063126
10,Broadway_East,61.37314606
10,Broadway_East,61.3975563
10,Broadway_East,61.40255737
10,Broadway_East,61.39083862
10,Broadway_East,61.41564941
10,Broadway_East,61.46701431
10,Broadway_East,61.53047943
10,Broadway_East,61.61388779
10,Broadway_East,61.68255234
10,Broadway_East,61.7322998
10,Broadway_East,61.81673431
10,Broadway_East,61.97402954
10,Broadway_East,62.13460541
10,Broadway_East,62.28395844
10,Broadway_East,62.43037033
10,Broadway_East,62.43037033
10,Broadway_East,63.02915192
10,Broadway_East,63.3588562
10,Broadway_East,63.1043129
10,Broadway_East,62.62123871
10,Broadway_East,62.40082932
10,Broadway_East,62.52980042
10,Broadway_East,62.81551361
10,Broadway_East,63.06993484
10,Broadway_East,63.35049057
10,Broadway_East,63.60949707
10,Broadway_East,64.03681946
10,Broadway_East,64.72927094
10,Broadway_East,65.54714203
10,Broadway_East,66.43377686
10,Broadway_East,67.11174011
10,Broadway_East,67.72000122
10,Broadway_East,68.50030518
10,Broadway_East,69.30905151
10,Broadway_East,70.33450317
10,Broadway_East,71.21302795
10,Broadway_East,72.07345581
10,Broadway_East,72.32273865
10,Broadway_East,72.34603882
10,Broadway_East,72.3158493
10,Broadway_East,72.3655014
10,Broadway_East,72.29183197
10,Broadway_East,72.07204437
10,Broadway_East,72.16400146
10,Broadway_East,71.54198456
10,Broadway_East,70.55440521
10,Broadway_East,69.44364166
10,Broadway_East,69.21602631
10,Broadway_East,69.21602631
10,Broadway_East,69.21640015
10,Broadway_East,69.89547729
10,Broadway_East,72.92621613
10,Broadway_East,74.44037628
10,Broadway_East,73.76963043
10,Broadway_East,72.11117554
10,Broadway_East,71.35793304
10,Broadway_East,73.16708374
10,Broadway_East,74.94146729
10,Broadway_East,75.47137451
10,Broadway_East,75.14464569
10,Broadway_East,73.72473907
10,Broadway_East,72.14582825
10,Broadway_East,70.73755646
10,Broadway_East,72.82857513
10,Broadway_East,75.89968109
10,Broadway_East,75.60050201
10,Broadway_East,73.83989716
10,Broadway_East,72.62783051
10,Broadway_East,72.61803436
10,Broadway_East,72.65636444
10,Broadway_East,74.18946075
10,Broadway_East,75.70249176
10,Broadway_East,74.61559296
10,Broadway_East,73.12289429
10,Broadway_East,72.71923065
10,Broadway_East,73.12067413
10,Broadway_East,72.83324432
10,Broadway_East,72.48238373
10,Broadway_East,72.08531952
10,Broadway_East,71.12746429
10,Broadway_East,70.22399902
10,Broadway_East,69.64344788
10,Broadway_East,69.17896271
10,Broadway_East,69.10492706
10,Broadway_East,68.96940613
10,Broadway_East,68.90903473
10,Broadway_East,69.17536163
10,Broadway_East,69.42388916
10,Broadway_East,69.51704407
10,Broadway_East,70.73101044
10,Broadway_East,72.33133698
10,Broadway_East,73.30628204
10,Broadway_East,73.73323822
10,Broadway_East,74.15455627
10,Broadway_East,74.00686646
10,Broadway_East,72.91231537
10,Broadway_East,72.90869904
10,Broadway_East,73.65380859
10,Broadway_East,75.55725861
10,Broadway_East,76.01594543
10,Broadway_East,75.64250946
10,Broadway_East,75.31826019
10,Broadway_East,76.23540497
10,Broadway_East,79.60121918
10,Broadway_East,83.18495178
10,Broadway_East,85.54813385
10,Broadway_East,87.06455231
10,Broadway_East,87.09848022
10,Broadway_East,85.50543213
10,Broadway_East,84.28865051
10,Broadway_East,84.04019928
10,Broadway_East,84.67927551
10,Broadway_East,85.54348755
10,Broadway_East,84.33862305
10,Broadway_East,85.21852875
10,Broadway_East,81.09341431
10,Broadway_East,78.39131927
10,Broadway_East,80.37631226
10,Broadway_East,83.2104187
10,Broadway_East,84.79297638
10,Broadway_East,81.45835876
10,Broadway_East,80.47332001
10,Broadway_East,79.03572083
10,Broadway_East,79.36949158
10,Broadway_East,79.90238953
10,Broadway_East,80.71008301
10,Broadway_East,81.1288147
10,Broadway_East,81.47483063
10,Broadway_East,81.46720123
10,Broadway_East,81.76553345
10,Broadway_East,82.03709412
10,Broadway_East,82.06629181
10,Broadway_East,82.01773834
10,Broadway_East,82.00478363
10,Broadway_East,81.90467834
10,Broadway_East,81.94589996
10,Broadway_East,82.18388367
10,Broadway_East,82.49981689
10,Broadway_East,82.13117218
10,Broadway_East,81.25134277
10,Broadway_East,80.07012177
10,Broadway_East,79.2889328
10,Broadway_East,78.91644287
10,Broadway_East,78.93504333
10,Broadway_East,79.13788605
10,Broadway_East,79.17862701
10,Broadway_East,79.09155273
10,Broadway_East,78.97851563
10,Broadway_East,78.78158569
10,Broadway_East,78.38271332
10,Broadway_East,78.10575867
10,Broadway_East,77.80620575
10,Broadway_East,77.95110321
10,Broadway_East,78.33330536
10,Broadway_East,78.58769989
10,Broadway_East,77.95755768
10,Broadway_East,77.35221863
10,Broadway_East,77.14584351
10,Broadway_East,77.2955246
10,Broadway_East,77.81989288
10,Broadway_East,76.86831665
10,Broadway_East,76.14942932
10,Broadway_East,77.78579712
10,Broadway_East,77.46884918
10,Broadway_East,77.18450928
10,Broadway_East,77.2049942
10,Broadway_East,77.66244507
10,Broadway_East,78.37237549
10,Broadway_East,78.51903534
10,Broadway_East,78.10978699
10,Broadway_East,77.82473755
10,Broadway_East,77.98769379
10,Broadway_East,78.31705475
10,Broadway_East,78.62139893
10,Broadway_East,78.92835999
10,Broadway_East,79.02105713
10,Broadway_East,79.16298676
10,Broadway_East,79.21794891
10,Broadway_East,79.47907257
10,Broadway_East,79.62290955
10,Broadway_East,79.75771332
10,Broadway_East,79.91229248
10,Broadway_East,80.14102936
10,Broadway_East,80.39511108
10,Broadway_East,80.57184601
10,Broadway_East,80.68247223
10,Broadway_East,80.80102539
10,Broadway_East,80.93249512
10,Broadway_East,81.03110504
10,Broadway_East,81.01696777
10,Broadway_East,81.00994873
10,Broadway_East,80.82900238
10,Broadway_East,80.57376099
10,Broadway_East,80.32512665
10,Broadway_East,80.14606476
10,Broadway_East,79.89272308
10,Broadway_East,79.62071228
10,Broadway_East,79.37743378
10,Broadway_East,79.05817413
10,Broadway_East,78.82463837
10,Broadway_East,78.5891571
10,Broadway_East,78.34514618
10,Broadway_East,78.10363007
10,Broadway_East,77.91326904
10,Broadway_East,77.7434082
10,Broadway_East,77.50882721
10,Broadway_East,77.42411041
10,Broadway_East,77.46121979
10,Broadway_East,77.74330902
10,Broadway_East,78.52307892
10,Broadway_East,79.04418945
10,Broadway_East,79.15600586
10,Broadway_East,78.78701782
10,Broadway_East,77.38315582
10,Broadway_East,76.13129425
10,Broadway_East,75.42304993
10,Broadway_East,74.74902344
10,Broadway_East,74.10112762
10,Broadway_East,73.49645233
10,Broadway_East,71.94270325
10,Broadway_East,69.43880463
10,Broadway_East,69.21989441
10,Broadway_East,69.21543121
10,Broadway_East,69.21602631
10,Broadway_East,69.21602631
10,Broadway_East,69.21602631
10,Broadway_East,69.20514679
10,Broadway_East,69.74487305
10,Broadway_East,70.7711792
10,Broadway_East,72.2400589
10,Broadway_East,75.27407837
10,Broadway_East,75.94742584
10,Broadway_East,74.5799942
10,Broadway_East,72.77202606
10,Broadway_East,72.62055969
10,Broadway_East,72.62071228
10,Broadway_East,72.7661438
10,Broadway_East,74.06774902
10,Broadway_East,74.24421692
10,Broadway_East,75.26285553
10,Broadway_East,75.53380585
10,Broadway_East,74.52681732
10,Broadway_East,73.06626129
10,Broadway_East,69.46611023
10,Broadway_East,69.21602631
10,Broadway_East,69.21602631
10,Broadway_East,69.39051819
10,Broadway_East,71.51840973
10,Broadway_East,73.5042038
10,Broadway_East,70.65140533
10,Broadway_East,69.21422577
10,Broadway_East,69.21677399
10,Broadway_East,70.50843048
10,Broadway_East,73.46343231
10,Broadway_East,72.25210571
10,Broadway_East,69.73939514
10,Broadway_East,68.67649078
10,Broadway_East,69.37199402
10,Broadway_East,69.3285141
10,Broadway_East,68.75138092
10,Broadway_East,68.59117889
10,Broadway_East,68.88739777
10,Broadway_East,69.16493225
10,Broadway_East,69.47458649
10,Broadway_East,69.23317719
10,Broadway_East,68.95333099
10,Broadway_East,68.63887024
10,Broadway_East,68.67082214
10,Broadway_East,69.2407608
10,Broadway_East,70.21208954
10,Broadway_East,71.31046295
10,Broadway_East,71.31046295
10,Broadway_East,71.36118317
10,Broadway_East,71.41477966
10,Broadway_East,71.48283386
10,Broadway_East,71.58092499
10,Broadway_East,71.69108582
10,Broadway_East,71.8052597
10,Broadway_East,71.8867569
10,Broadway_East,71.96498871
10,Broadway_East,72.07341003
10,Broadway_East,72.18961334
10,Broadway_East,72.35087585
10,Broadway_East,72.50719452
10,Broadway_East,72.69721222
10,Broadway_East,72.87283325
10,Broadway_East,73.04970551
10,Broadway_East,73.181633
10,Broadway_East,73.25769806
10,Broadway_East,73.2999115
10,Broadway_East,73.30764008
10,Broadway_East,73.29332733
10,Broadway_East,73.26293945
10,Broadway_East,73.22460938
10,Broadway_East,73.18244171
10,Broadway_East,73.15370178
10,Broadway_East,73.13476563
10,Broadway_East,73.13682556
10,Broadway_East,73.1473465
10,Broadway_East,73.1784668
10,Broadway_East,73.20232391
10,Broadway_East,73.21662903
10,Broadway_East,73.22318268
10,Broadway_East,73.22280884
10,Broadway_East,73.22511292
10,Broadway_East,73.2181015
10,Broadway_East,73.23318481
10,Broadway_East,73.28511047
10,Broadway_East,73.37831879
10,Broadway_East,73.50452423
10,Broadway_East,73.62878418
10,Broadway_East,73.72851563
10,Broadway_East,73.77507782
10,Broadway_East,73.81397247
10,Broadway_East,73.83863831
10,Broadway_East,73.87335205
10,Broadway_East,73.90140533
10,Broadway_East,73.90840912
10,Broadway_East,73.89766693
10,Broadway_East,73.89095306
10,Broadway_East,73.88602448
10,Broadway_East,73.88214111
10,Broadway_East,73.86522675
10,Broadway_East,73.82915497
10,Broadway_East,73.78346252
10,Broadway_East,73.73934937
10,Broadway_East,73.70130157
10,Broadway_East,73.68039703
10,Broadway_East,73.67588043
10,Broadway_East,73.67947388
10,Broadway_East,73.69458771
10,Broadway_East,73.74533081
10,Broadway_East,73.80210876
10,Broadway_East,73.84038544
10,Broadway_East,73.87986755
10,Broadway_East,73.92189026
10,Broadway_East,73.97730255
10,Broadway_East,74.05667877
10,Broadway_East,74.14299774
10,Broadway_East,74.24239349
10,Broadway_East,74.34119415
10,Broadway_East,74.43299866
10,Broadway_East,74.52579498
10,Broadway_East,74.63128662
10,Broadway_East,74.74501801
10,Broadway_East,74.86762238
10,Broadway_East,74.98316193
10,Broadway_East,75.10060883
10,Broadway_East,75.21664429
10,Broadway_East,75.32579803
10,Broadway_East,75.42558289
10,Broadway_East,75.52158356
10,Broadway_East,75.60192871
10,Broadway_East,75.68643188
10,Broadway_East,75.75999451
10,Broadway_East,75.84073639
10,Broadway_East,75.93484497
10,Broadway_East,76.01891327
10,Broadway_East,76.08703613
10,Broadway_East,76.13942719
10,Broadway_East,76.1849823
10,Broadway_East,76.23197937
10,Broadway_East,76.27973175
10,Broadway_East,76.32940674
10,Broadway_East,76.37334442
10,Broadway_East,76.40800476
10,Broadway_East,76.43973541
10,Broadway_East,76.47192383
10,Broadway_East,76.50445557
10,Broadway_East,76.53759003
10,Broadway_East,76.56803894
10,Broadway_East,76.59178162
10,Broadway_East,76.61617279
10,Broadway_East,76.64086151
10,Broadway_East,76.6647644
10,Broadway_East,76.68684387
10,Broadway_East,76.69596863
10,Broadway_East,76.69248199
10,Broadway_East,76.68730164
10,Broadway_East,76.68344879
10,Broadway_East,76.70897675
10,Broadway_East,76.74671936
10,Broadway_East,76.79271698
10,Broadway_East,76.82860565
10,Broadway_East,76.83743286
10,Broadway_East,76.86219025
10,Broadway_East,76.92124939
10,Broadway_East,76.90930176
10,Broadway_East,76.84911346
10,Broadway_East,76.84564209
10,Broadway_East,76.85082245
10,Broadway_East,76.85887909
10,Broadway_East,76.86470795
10,Broadway_East,76.8634491
10,Broadway_East,76.86270905
10,Broadway_East,76.87123871
10,Broadway_East,76.88167572
10,Broadway_East,76.88654327
10,Broadway_East,76.88306427
10,Broadway_East,76.84799194
10,Broadway_East,76.79725647
10,Broadway_East,76.72284698
10,Broadway_East,76.64306641
10,Broadway_East,76.55904388
10,Broadway_East,76.4794693
10,Broadway_East,76.39848328
10,Broadway_East,76.30741119
10,Broadway_East,76.21088409
10,Broadway_East,76.11374664
10,Broadway_East,76.01654816
10,Broadway_East,75.94268799
10,Broadway_East,75.87531281
10,Broadway_East,75.79320526
10,Broadway_East,75.70743561
10,Broadway_East,75.62075043
10,Broadway_East,75.54216003
10,Broadway_East,75.48110962
10,Broadway_East,75.41778564
10,Broadway_East,75.34986877
10,Broadway_East,75.28122711
10,Broadway_East,75.20996857
10,Broadway_East,75.1223526
10,Broadway_East,75.01494598
10,Broadway_East,74.88368988
10,Broadway_East,74.74142456
10,Broadway_East,74.58876801
10,Broadway_East,74.43354797
10,Broadway_East,74.27295685
10,Broadway_East,74.11698151
10,Broadway_East,73.95291901
10,Broadway_East,73.78929901
10,Broadway_East,73.62503052
10,Broadway_East,73.46607971
10,Broadway_East,73.3170929
10,Broadway_East,73.15569305
10,Broadway_East,72.97672272
10,Broadway_East,72.74279022
10,Broadway_East,72.45804596
10,Broadway_East,72.15188599
10,Broadway_East,71.8423233
10,Broadway_East,71.50519562
10,Broadway_East,71.14336395
10,Broadway_East,70.77381134
10,Broadway_East,70.39971924
10,Broadway_East,70.11601257
10,Broadway_East,69.86800385
10,Broadway_East,69.73300171
10,Broadway_East,69.61786652
10,Broadway_East,69.54360962
10,Broadway_East,69.47341919
10,Broadway_East,69.40145111
10,Broadway_East,69.33361816
10,Broadway_East,69.27292633
10,Broadway_East,69.2143631
10,Broadway_East,69.15287018
10,Broadway_East,69.10728455
10,Broadway_East,69.06370544
10,Broadway_East,69.04466248
10,Broadway_East,69.02996826
10,Broadway_East,69.02649689
10,Broadway_East,69.01793671
10,Broadway_East,69.0165863
10,Broadway_East,69.01476288
10,Broadway_East,69.01728821
10,Broadway_East,69.01754761
10,Broadway_East,69.01712036
10,Broadway_East,69.0161438
10,Broadway_East,69.01602173
10,Broadway_East,69.01594543
10,Broadway_East,69.01599121
10,Broadway_East,69.0160141
10,Broadway_East,69.0160141
10,Broadway_East,69.0160141
10,Broadway_East,69.0160141
10,Broadway_East,69.0160141
10,Broadway_East,69.0160141
10,Broadway_East,69.01597595
10,Broadway_East,69.01595306
10,Broadway_East,69.01605225
10,Broadway_East,69.01617432
10,Broadway_East,69.01600647
10,Broadway_East,69.01594543
10,Broadway_East,69.0174408
10,Broadway_East,69.0223999
10,Broadway_East,69.03375244
10,Broadway_East,69.04553223
10,Broadway_East,69.05513
10,Broadway_East,69.05314636
10,Broadway_East,69.04581451
10,Broadway_East,69.05310059
10,Broadway_East,69.06420898
10,Broadway_East,69.05464172
10,Broadway_East,69.03759766
10,Broadway_East,69.02501678
10,Broadway_East,69.01659393
10,Broadway_East,69.01937103
10,Broadway_East,69.01793671
10,Broadway_East,69.00518799
10,Broadway_East,68.98522949
10,Broadway_East,68.95761108
10,Broadway_East,68.92392731
10,Broadway_East,68.88507843
10,Broadway_East,68.84453583
10,Broadway_East,68.80542755
10,Broadway_East,68.77146149
10,Broadway_East,68.75588989
10,Broadway_East,68.73686218
10,Broadway_East,68.71475983
10,Broadway_East,68.6818161
10,Broadway_East,68.64392853
10,Broadway_East,68.61147308
10,Broadway_East,68.57051086
10,Broadway_East,68.52038574
10,Broadway_East,68.4550705
10,Broadway_East,68.40703583
10,Broadway_East,68.36830139
10,Broadway_East,68.32911682
10,Broadway_East,68.28205109
10,Broadway_East,68.22822571
10,Broadway_East,68.17900085
10,Broadway_East,68.13988495
10,Broadway_East,68.11244965
10,Broadway_East,68.09659576
10,Broadway_East,68.08709717
10,Broadway_East,68.07788849
10,Broadway_East,68.07704926
10,Broadway_East,68.07954407
10,Broadway_East,68.07954407
10,Broadway_East,68.03827667
10,Broadway_East,67.91285706
10,Broadway_East,67.75482941
10,Broadway_East,67.5816803
10,Broadway_East,67.44693756
10,Broadway_East,67.38369751
10,Broadway_East,67.36422729
10,Broadway_East,67.39987946
10,Broadway_East,67.45599365
10,Broadway_East,67.51686096
10,Broadway_East,67.5952301
10,Broadway_East,67.71962738
10,Broadway_East,67.93637085
10,Broadway_East,68.22864532
10,Broadway_East,68.5417099
10,Broadway_East,68.86488342
10,Broadway_East,69.21006775
10,Broadway_East,69.52945709
10,Broadway_East,69.8008728
10,Broadway_East,69.9653244
10,Broadway_East,70.08998108
10,Broadway_East,70.15422058
10,Broadway_East,70.14558411
10,Broadway_East,70.15100861
10,Broadway_East,70.17060852
10,Broadway_East,70.18162537
10,Broadway_East,70.17266083
10,Broadway_East,70.1456604
10,Broadway_East,70.1044693
10,Broadway_East,70.07914734
10,Broadway_East,70.10136414
10,Broadway_East,70.09492493
10,Broadway_East,70.07694244
10,Broadway_East,70.08154297
10,Broadway_East,70.11096191
10,Broadway_East,70.13223267
10,Broadway_East,70.13778687
10,Broadway_East,70.12058258
10,Broadway_East,70.11621857
10,Broadway_East,70.11624908
10,Broadway_East,70.10427856
10,Broadway_East,70.04762268
10,Broadway_East,69.990242
10,Broadway_East,69.95923615
10,Broadway_East,69.92331696
10,Broadway_East,69.90858459
10,Broadway_East,69.86575317
10,Broadway_East,69.80812073
10,Broadway_East,69.73390198
10,Broadway_East,69.64207458
10,Broadway_East,69.55577087
10,Broadway_East,69.48477173
10,Broadway_East,69.42878723
10,Broadway_East,69.37086487
10,Broadway_East,69.31238556
10,Broadway_East,69.24467468
10,Broadway_East,69.19998169
10,Broadway_East,69.14852142
10,Broadway_East,69.08463287
10,Broadway_East,69.00047302
10,Broadway_East,68.92177582
10,Broadway_East,68.83824921
10,Broadway_East,68.7477417
10,Broadway_East,68.70240784
10,Broadway_East,68.68850708
10,Broadway_East,68.66310883
10,Broadway_East,68.62522888
10,Broadway_East,68.62934875
10,Broadway_East,68.56301117
10,Broadway_East,68.48960114
10,Broadway_East,68.47472382
10,Broadway_East,68.47800446
10,Broadway_East,68.43483734
10,Broadway_East,68.41320801
10,Broadway_East,68.41648102
10,Broadway_East,68.41599274
10,Broadway_East,68.41262817
10,Broadway_East,68.40459442
10,Broadway_East,68.3639679
10,Broadway_East,68.32459259
10,Broadway_East,68.31063843
10,Broadway_East,68.31382751
10,Broadway_East,68.31838226
10,Broadway_East,68.30849457
10,Broadway_East,68.29009247
10,Broadway_East,68.26475525
10,Broadway_East,68.23026276
10,Broadway_East,68.216362
10,Broadway_East,68.20067596
10,Broadway_East,68.15486145
10,Broadway_East,68.10220337
10,Broadway_East,68.0736618
10,Broadway_East,68.0594101
10,Broadway_East,68.08612061
10,Broadway_East,68.10966492
10,Broadway_East,68.10380554
10,Broadway_East,68.09098053
10,Broadway_East,68.07831573
10,Broadway_East,68.06678772
10,Broadway_East,68.07232666
10,Broadway_East,68.08216858
10,Broadway_East,68.06260681
10,Broadway_East,68.0351181
10,Broadway_East,68.0160141
10,Broadway_East,68.01629639
10,Broadway_East,68.02177429
10,Broadway_East,68.03473663
10,Broadway_East,68.03524017
10,Broadway_East,68.06060791
10,Broadway_East,68.05535889
10,Broadway_East,68.02194214
10,Broadway_East,68.01605988
10,Broadway_East,68.01602173
10,Broadway_East,68.01602173
10,Broadway_East,68.0160675
10,Broadway_East,68.01586914
10,Broadway_East,68.00995636
10,Broadway_East,68.0025177
10,Broadway_East,67.98207855
10,Broadway_East,67.94870758
10,Broadway_East,67.92073059
10,Broadway_East,67.91644287
10,Broadway_East,67.91488647
10,Broadway_East,67.88669586
10,Broadway_East,67.8453598
10,Broadway_East,67.8223114
10,Broadway_East,67.81635284
10,Broadway_East,67.81316376
10,Broadway_East,67.78498077
10,Broadway_East,67.73805237
10,Broadway_East,67.72196198
10,Broadway_East,67.71460724
10,Broadway_East,67.70199585
10,Broadway_East,67.66387939
10,Broadway_East,67.63964844
10,Broadway_East,67.59255219
10,Broadway_East,67.57545471
10,Broadway_East,67.56285858
10,Broadway_East,67.48860931
10,Broadway_East,67.43922424
10,Broadway_East,67.4457016
10,Broadway_East,67.43926239
10,Broadway_East,67.36138153
10,Broadway_East,67.34008789
10,Broadway_East,67.27100372
10,Broadway_East,67.22218323
10,Broadway_East,67.17997742
10,Broadway_East,67.06064606
10,Broadway_East,66.95078278
10,Broadway_East,66.91223907
10,Broadway_East,66.8755722
10,Broadway_East,66.78838348
10,Broadway_East,66.66135406
10,Broadway_East,66.59812927
10,Broadway_East,66.55146027
10,Broadway_East,66.52591705
10,Broadway_East,66.5114212
10,Broadway_East,66.49044037
10,Broadway_East,66.4750061
10,Broadway_East,66.46154785
10,Broadway_East,66.44814301
10,Broadway_East,66.43533325
10,Broadway_East,66.42240143
10,Broadway_East,66.40956879
10,Broadway_East,66.37319946
10,Broadway_East,66.3086853
10,Broadway_East,66.20446777
10,Broadway_East,66.09059143
10,Broadway_East,65.9708252
10,Broadway_East,65.84539795
10,Broadway_East,65.73322296
10,Broadway_East,65.66259766
10,Broadway_East,65.60817719
10,Broadway_East,65.57655334
10,Broadway_East,65.53904724
10,Broadway_East,65.47175598
10,Broadway_East,65.42836761
10,Broadway_East,65.41468811
10,Broadway_East,65.37316895
10,Broadway_East,65.30472565
10,Broadway_East,65.26074982
10,Broadway_East,65.19319153
10,Broadway_East,65.11595154
10,Broadway_East,65.04527283
10,Broadway_East,65.01738739
10,Broadway_East,64.96940613
10,Broadway_East,64.94110107
10,Broadway_East,64.91718292
10,Broadway_East,64.88654327
10,Broadway_East,64.9197998
10,Broadway_East,64.94223022
10,Broadway_East,64.93572998
10,Broadway_East,64.93000793
10,Broadway_East,64.95096588
10,Broadway_East,64.9626236
10,Broadway_East,64.97156525
10,Broadway_East,64.95155334
10,Broadway_East,64.90214539
10,Broadway_East,64.85128021
10,Broadway_East,64.8223877
10,Broadway_East,64.78687286
10,Broadway_East,64.71133423
10,Broadway_East,64.65287781
10,Broadway_East,64.61022949
10,Broadway_East,64.56581116
10,Broadway_East,64.50693512
10,Broadway_East,64.43093872
10,Broadway_East,64.35102081
10,Broadway_East,64.2780838
10,Broadway_East,64.19538116
10,Broadway_East,64.07926941
10,Broadway_East,63.93808365
10,Broadway_East,63.66481781
10,Broadway_East,63.21387482
10,Broadway_East,62.73197556
10,Broadway_East,62.28996277
10,Broadway_East,62.10081482
10,Broadway_East,61.99216843
10,Broadway_East,61.93245697
10,Broadway_East,61.90222931
10,Broadway_East,61.86774445
10,Broadway_East,61.87758636
10,Broadway_East,61.85876846
10,Broadway_East,61.8237114
10,Broadway_East,61.81592178
10,Broadway_East,61.7986412
10,Broadway_East,61.7603302
10,Broadway_East,61.72010803
10,Broadway_East,61.73142242
10,Broadway_East,61.87345505
10,Broadway_East,62.02698898
10,Broadway_East,62.15994644
10,Broadway_East,62.3631897
10,Broadway_East,62.66156387
10,Broadway_East,63.16389465
10,Broadway_East,63.7527771
10,Broadway_East,64.23059082
10,Broadway_East,64.54592896
10,Broadway_East,64.72114563
10,Broadway_East,64.81839752
10,Broadway_East,64.84173584
10,Broadway_East,64.83810425
10,Broadway_East,64.83005524
10,Broadway_East,64.86168671
10,Broadway_East,64.95383453
10,Broadway_East,65.12007904
10,Broadway_East,65.34571838
10,Broadway_East,65.5646286
10,Broadway_East,65.7507019
10,Broadway_East,65.94984436
10,Broadway_East,66.21083832
10,Broadway_East,66.52806091
10,Broadway_East,66.82437134
10,Broadway_East,66.97255707
10,Broadway_East,67.03890228
10,Broadway_East,67.03890228
10,Broadway_East,67.07025909
10,Broadway_East,67.10178375
10,Broadway_East,67.16870117
10,Broadway_East,67.23107147
10,Broadway_East,67.26158905
10,Broadway_East,67.2946701
10,Broadway_East,67.34953308
10,Broadway_East,67.38924408
10,Broadway_East,67.42758942
10,Broadway_East,67.4720993
10,Broadway_East,67.49140167
10,Broadway_East,67.51494598
10,Broadway_East,67.53504181
10,Broadway_East,67.55705261
10,Broadway_East,67.54196167
10,Broadway_East,67.57252502
10,Broadway_East,67.64816284
10,Broadway_East,67.66259003
10,Broadway_East,67.63227844
10,Broadway_East,67.61690521
10,Broadway_East,67.64455414
10,Broadway_East,67.69207764
10,Broadway_East,67.737854
10,Broadway_East,67.81759644
10,Broadway_East,67.89012909
10,Broadway_East,67.91093445
10,Broadway_East,67.91350555
10,Broadway_East,67.94307709
10,Broadway_East,67.94416809
10,Broadway_East,67.97486115
10,Broadway_East,68.03837585
10,Broadway_East,68.09892273
10,Broadway_East,68.14987183
10,Broadway_East,68.18653107
10,Broadway_East,68.21178436
10,Broadway_East,68.23692322
10,Broadway_East,68.26180267
10,Broadway_East,68.28962708
10,Broadway_East,68.31298065
10,Broadway_East,68.29753113
10,Broadway_East,68.28843689
10,Broadway_East,68.28725433
10,Broadway_East,68.31427765
10,Broadway_East,68.37966156
10,Broadway_East,68.42478943
10,Broadway_East,68.44298553
10,Broadway_East,68.46404266
10,Broadway_East,68.45185089
10,Broadway_East,68.41152191
10,Broadway_East,68.40901184
10,Broadway_East,68.44960022
10,Broadway_East,68.49588013
10,Broadway_East,68.5354538
10,Broadway_East,68.55802155
10,Broadway_East,68.54295349
10,Broadway_East,68.49999237
10,Broadway_East,68.45211029
10,Broadway_East,68.46012878
10,Broadway_East,68.46055603
10,Broadway_East,68.44139862
10,Broadway_East,68.40962982
10,Broadway_East,68.36947632
10,Broadway_East,68.3666687
10,Broadway_East,68.3164444
10,Broadway_East,68.20233154
10,Broadway_East,68.11612701
10,Broadway_East,68.14160156
10,Broadway_East,68.12527466
10,Broadway_East,68.09421539
10,Broadway_East,68.0669632
10,Broadway_East,68.021492
10,Broadway_East,67.95244598
10,Broadway_East,67.87666321
10,Broadway_East,67.82780457
10,Broadway_East,67.81443787
10,Broadway_East,67.81060028
10,Broadway_East,67.79499817
10,Broadway_East,67.75775146
10,Broadway_East,67.71164703
10,Broadway_East,67.6518631
10,Broadway_East,67.60395813
10,Broadway_East,67.52772522
10,Broadway_East,67.40026855
10,Broadway_East,67.26066589
10,Broadway_East,67.11899567
10,Broadway_East,66.9850769
10,Broadway_East,66.84950256
10,Broadway_East,66.69866943
10,Broadway_East,66.54704285
10,Broadway_East,66.39139557
10,Broadway_East,66.26792145
10,Broadway_East,66.17901611
10,Broadway_East,66.05031586
10,Broadway_East,65.90639496
10,Broadway_East,65.7564621
10,Broadway_East,65.62652588
10,Broadway_East,65.48286438
10,Broadway_East,65.39141846
10,Broadway_East,65.35942078
10,Broadway_East,65.31126404
10,Broadway_East,65.21133423
10,Broadway_East,65.1344223
10,Broadway_East,65.0657196
10,Broadway_East,64.96091461
10,Broadway_East,64.85402679
10,Broadway_East,64.80638885
10,Broadway_East,64.78899384
10,Broadway_East,64.70701599
10,Broadway_East,64.58105469
10,Broadway_East,64.45489502
10,Broadway_East,64.32221222
10,Broadway_East,64.17593384
10,Broadway_East,64.01995087
10,Broadway_East,63.876297
10,Broadway_East,63.69556427
10,Broadway_East,63.54857635
10,Broadway_East,63.39807892
10,Broadway_East,63.26747131
10,Broadway_East,63.13451767
10,Broadway_East,62.98942566
10,Broadway_East,62.83792114
10,Broadway_East,62.6995697
10,Broadway_East,62.54616547
10,Broadway_East,62.36577225
10,Broadway_East,62.20106125
10,Broadway_East,62.05636597
10,Broadway_East,61.96269989
10,Broadway_East,61.93761063
10,Broadway_East,61.95394897
10,Broadway_East,61.86379623
10,Broadway_East,61.7424202
10,Broadway_East,61.65253448
10,Broadway_East,61.58347321
10,Broadway_East,61.55168533
10,Broadway_East,61.48511887
10,Broadway_East,61.45205688
10,Broadway_East,61.43444061
10,Broadway_East,61.42357254
10,Broadway_East,61.4366188
10,Broadway_East,61.42857742
10,Broadway_East,61.37809753
10,Broadway_East,61.29000092
10,Broadway_East,61.20907211
10,Broadway_East,61.09866714
10,Broadway_East,60.99101639
10,Broadway_East,60.86827087
10,Broadway_East,60.72841263
10,Broadway_East,60.56857681
10,Broadway_East,60.43641281
10,Broadway_East,60.34714127
10,Broadway_East,60.23348618
10,Broadway_East,60.15188217
10,Broadway_East,60.09037018
10,Broadway_East,60.02098846
10,Broadway_East,59.90677643
10,Broadway_East,59.78355789
10,Broadway_East,59.66391373
10,Broadway_East,59.57682419
10,Broadway_East,59.5140152
10,Broadway_East,59.45822906
10,Broadway_East,59.38856506
10,Broadway_East,59.3561058
10,Broadway_East,59.2960434
10,Broadway_East,59.20316696
10,Broadway_East,59.11334991
10,Broadway_East,59.00761795
10,Broadway_East,58.90372086
10,Broadway_East,58.81848907
10,Broadway_East,58.71883774
10,Broadway_East,58.60582352
10,Broadway_East,58.51207352
10,Broadway_East,58.37369919
10,Broadway_East,58.26083374
10,Broadway_East,58.1479187
10,Broadway_East,58.01730347
10,Broadway_East,57.85943985
10,Broadway_East,57.712883
10,Broadway_East,57.44670486
10,Broadway_East,57.09896088
10,Broadway_East,56.7594223
10,Broadway_East,56.40910721
10,Broadway_East,56.100811
10,Broadway_East,55.78723526
10,Broadway_East,55.45939255
10,Broadway_East,55.1280632
10,Broadway_East,54.80695724
10,Broadway_East,54.53509903
10,Broadway_East,54.32027054
10,Broadway_East,54.10893631
10,Broadway_East,53.88925552
10,Broadway_East,53.66618347
10,Broadway_East,53.45967865
10,Broadway_East,53.27007294
10,Broadway_East,53.08573914
10,Broadway_East,52.90512085
10,Broadway_East,52.73112869
10,Broadway_East,52.55699539
10,Broadway_East,52.38261795
10,Broadway_East,52.21057129
10,Broadway_East,52.0255127
10,Broadway_East,51.85646057
10,Broadway_East,51.62231064
10,Broadway_East,51.28001404
10,Broadway_East,50.87763596
10,Broadway_East,50.45072174
10,Broadway_East,49.944664
10,Broadway_East,49.42780685
10,Broadway_East,48.95890427
10,Broadway_East,48.58304214
10,Broadway_East,48.29113388
10,Broadway_East,48.02700043
10,Broadway_East,47.79785156
10,Broadway_East,47.57552719
10,Broadway_East,47.37348557
10,Broadway_East,47.14933014
10,Broadway_East,46.91336823
10,Broadway_East,46.67153931
10,Broadway_East,46.44408798
10,Broadway_East,46.18992615
10,Broadway_East,45.92707443
10,Broadway_East,45.66070557
10,Broadway_East,45.30820847
10,Broadway_East,44.80951691
10,Broadway_East,44.24682236
10,Broadway_East,43.71288681
10,Broadway_East,43.1907196
10,Broadway_East,42.65127563
10,Broadway_East,42.03355026
10,Broadway_East,41.3787384
10,Broadway_East,40.73058319
10,Broadway_East,40.0515213
10,Broadway_East,39.42704773
10,Broadway_East,38.8572464
10,Broadway_East,38.28450394
10,Broadway_East,37.73962402
10,Broadway_East,37.22816467
10,Broadway_East,36.7220459
10,Broadway_East,36.20303345
10,Broadway_East,35.78976059
10,Broadway_East,35.51489258
10,Broadway_East,35.28568268
10,Broadway_East,35.1356926
10,Broadway_East,35.04231262
10,Broadway_East,34.97745895
10,Broadway_East,34.95569992
10,Broadway_East,34.92566681
10,Broadway_East,34.89968491
10,Broadway_East,34.88611984
10,Broadway_East,34.7057457
10,Broadway_East,34.12121201
10,Broadway_East,33.57735443
10,Broadway_East,33.13840103
10,Broadway_East,32.77868652
10,Broadway_East,32.44047165
10,Broadway_East,32.10427475
10,Broadway_East,32.10427475
10,Broadway_East,31.94462204
10,Broadway_East,31.78325653
10,Broadway_East,31.62648582
10,Broadway_East,31.47428322
10,Broadway_East,31.32541084
10,Broadway_East,31.17222786
10,Broadway_East,31.02240562
10,Broadway_East,30.88145065
10,Broadway_East,30.74858856
10,Broadway_East,30.57849884
10,Broadway_East,30.34554291
10,Broadway_East,30.05461884
10,Broadway_East,29.66777802
10,Broadway_East,29.23660851
10,Broadway_East,28.68146515
10,Broadway_East,28.14128876
10,Broadway_East,27.64886665
10,Broadway_East,27.20030975
10,Broadway_East,26.8327446
10,Broadway_East,26.52243996
10,Broadway_East,26.22372627
10,Broadway_East,25.93485832
10,Broadway_East,25.65003204
10,Broadway_East,25.37254143
10,Broadway_East,25.09819794
10,Broadway_East,24.81047821
10,Broadway_East,24.50835991
10,Broadway_East,24.18019867
10,Broadway_East,23.8100605
10,Broadway_East,23.42774773
10,Broadway_East,23.02071571
10,Broadway_East,22.60453796
10,Broadway_East,22.1920414
10,Broadway_East,21.79088974
10,Broadway_East,21.41107559
10,Broadway_East,21.05504799
10,Broadway_East,20.71425629
10,Broadway_East,20.39041328
10,Broadway_East,20.06684685
10,Broadway_East,19.74451447
10,Broadway_East,19.42244148
10,Broadway_East,19.11076546
10,Broadway_East,18.80088615
10,Broadway_East,18.48469543
10,Broadway_East,18.15308952
10,Broadway_East,17.76636887
10,Broadway_East,17.27324486
10,Broadway_East,16.75790596
10,Broadway_East,16.21051598
10,Broadway_East,15.68884182
10,Broadway_East,15.2774086
10,Broadway_East,14.95654869
10,Broadway_East,14.69397259
10,Broadway_East,14.49954796
10,Broadway_East,14.32787991
10,Broadway_East,14.15717888
10,Broadway_East,13.9856348
10,Broadway_East,13.81275654
10,Broadway_East,13.63546085
10,Broadway_East,13.45487118
10,Broadway_East,13.27707863
10,Broadway_East,13.10328102
10,Broadway_East,12.93924236
10,Broadway_East,12.7749424
10,Broadway_East,12.60620689
10,Broadway_East,12.43532372
10,Broadway_East,12.25996304
10,Broadway_East,12.08410454
10,Broadway_East,11.90894127
10,Broadway_East,11.73330212
10,Broadway_East,11.55757904
10,Broadway_East,11.38093185
10,Broadway_East,11.20233727
10,Broadway_East,11.02648926
10,Broadway_East,10.85017967
10,Broadway_East,10.67337799
10,Broadway_East,10.50092316
10,Broadway_East,10.32740498
10,Broadway_East,10.16310978
10,Broadway_East,10.0009346
10,Broadway_East,9.827895164
10,Broadway_East,9.64977932
10,Broadway_East,9.473733902
10,Broadway_East,9.305076599
10,Broadway_East,9.147989273
10,Broadway_East,9.021327972
10,Broadway_East,8.905249596
10,Broadway_East,8.810043335
10,Broadway_East,8.723597527
10,Broadway_East,8.639102936
10,Broadway_East,8.557141304
10,Broadway_East,8.477419853
10,Broadway_East,8.394479752
10,Broadway_East,8.311934471
10,Broadway_East,8.23015213
10,Broadway_East,8.150894165
10,Broadway_East,8.080693245
10,Broadway_East,8.011995316
10,Broadway_East,7.938165188
10,Broadway_East,7.862906456
10,Broadway_East,7.78423357
10,Broadway_East,7.71018219
10,Broadway_East,7.644288063
10,Broadway_East,7.588049412
10,Broadway_East,7.53424263
10,Broadway_East,7.474648476
10,Broadway_East,7.412778854
10,Broadway_East,7.34315443
10,Broadway_East,7.264459133
10,Broadway_East,7.209917068
10,Broadway_East,7.165621758
10,Broadway_East,7.17340374
10,Broadway_East,7.204659939
10,Broadway_East,7.23681736
10,Broadway_East,7.270624638
10,Broadway_East,7.302658558
10,Broadway_East,7.331571102
10,Broadway_East,7.355192184
10,Broadway_East,7.376825333
10,Broadway_East,7.40083313
10,Broadway_East,7.42921257
10,Broadway_East,7.457850456
10,Broadway_East,7.47722435
10,Broadway_East,7.496716499
10,Broadway_East,7.504843235
10,Broadway_East,7.500059605
10,Broadway_East,7.496253014
10,Broadway_East,7.480381489
10,Broadway_East,7.466153622
10,Broadway_East,7.456424236
10,Broadway_East,7.452010155
10,Broadway_East,7.450749397
10,Broadway_East,7.450379372
10,Broadway_East,7.448169231
10,Broadway_East,7.443319321
10,Broadway_East,7.431856155
10,Broadway_East,7.415539265
10,Broadway_East,7.39979887
10,Broadway_East,7.38724184
10,Broadway_East,7.374162674
10,Broadway_East,7.36816597
10,Broadway_East,7.367388248
10,Broadway_East,7.363393784
10,Broadway_East,7.34582901
10,Broadway_East,7.327394485
10,Broadway_East,7.315919399
10,Broadway_East,7.305841923
10,Broadway_East,7.292276859
10,Broadway_East,7.267611027
10,Broadway_East,7.243328571
10,Broadway_East,7.237520695
10,Broadway_East,7.240625381
10,Broadway_East,7.249935627
10,Broadway_East,7.240576744
10,Broadway_East,7.223451138
10,Broadway_East,7.204753399
10,Broadway_East,7.198926449
10,Broadway_East,7.194001675
10,Broadway_East,7.214412689
10,Broadway_East,7.241427422
10,Broadway_East,7.266293049
10,Broadway_East,7.287029743
10,Broadway_East,7.302190781
10,Broadway_East,7.308030605
10,Broadway_East,7.304471493
10,Broadway_East,7.300456524
10,Broadway_East,7.298116207
10,Broadway_East,7.29833746
10,Broadway_East,7.299767017
10,Broadway_East,7.315538883
10,Broadway_East,7.333733082
10,Broadway_East,7.347371101
10,Broadway_East,7.357837677
10,Broadway_East,7.36329174
10,Broadway_East,7.369202137
10,Broadway_East,7.383769035
10,Broadway_East,7.407073498
10,Broadway_East,7.431909561
10,Broadway_East,7.452432156
10,Broadway_East,7.46862793
10,Broadway_East,7.494625092
10,Broadway_East,7.524700642
10,Broadway_East,7.552179813
10,Broadway_East,7.584455967
10,Broadway_East,7.624756813
10,Broadway_East,7.67408371
10,Broadway_East,7.720568657
10,Broadway_East,7.764187336
10,Broadway_East,7.81028986
10,Broadway_East,7.84314537
10,Broadway_East,7.864223957
10,Broadway_East,7.891663074
10,Broadway_East,7.920676231
10,Broadway_East,7.948865891
10,Broadway_East,7.985287666
10,Broadway_East,8.022901535
10,Broadway_East,8.061254501
10,Broadway_East,8.097251892
10,Broadway_East,8.127621651
10,Broadway_East,8.15666008
10,Broadway_East,8.186016083
10,Broadway_East,8.209767342
10,Broadway_East,8.228720665
10,Broadway_East,8.243553162
10,Broadway_East,8.260883331
10,Broadway_East,8.280785561
10,Broadway_East,8.29887867
10,Broadway_East,8.316957474
10,Broadway_East,8.345252991
10,Broadway_East,8.379771233
10,Broadway_East,8.414188385
10,Broadway_East,8.445156097
10,Broadway_East,8.476880074
10,Broadway_East,8.499328613
10,Broadway_East,8.521457672
10,Broadway_East,8.541931152
10,Broadway_East,8.554474831
10,Broadway_East,8.568027496
10,Broadway_East,8.594764709
10,Broadway_East,8.628829956
10,Broadway_East,8.66050148
10,Broadway_East,8.684934616
10,Broadway_East,8.708940506
10,Broadway_East,8.728272438
10,Broadway_East,8.737426758
10,Broadway_East,8.746984482
10,Broadway_East,8.764275551
10,Broadway_East,8.783581734
10,Broadway_East,8.800503731
10,Broadway_East,8.81170845
10,Broadway_East,8.823643684
10,Broadway_East,8.836680412
10,Broadway_East,8.853644371
10,Broadway_East,8.870891571
10,Broadway_East,8.889158249
10,Broadway_East,8.907233238
10,Broadway_East,8.92383194
10,Broadway_East,8.933589935
10,Broadway_East,8.943089485
10,Broadway_East,8.95407486
10,Broadway_East,8.966235161
10,Broadway_East,8.97682476
10,Broadway_East,8.987985611
10,Broadway_East,8.999013901
10,Broadway_East,9.011591911
10,Broadway_East,9.025447845
10,Broadway_East,9.038876534
10,Broadway_East,9.052369118
10,Broadway_East,9.064749718
10,Broadway_East,9.075072289
10,Broadway_East,9.085231781
10,Broadway_East,9.095955849
10,Broadway_East,9.106573105
10,Broadway_East,9.117281914
10,Broadway_East,9.127692223
