10,Greyhound_East,77.92939758
10,Greyhound_East,75.74720764
10,Greyhound_East,76.79768372
10,Greyhound_East,78.46294403
10,Greyhound_East,79.46614838
10,Greyhound_East,79.65480804
10,Greyhound_East,79.71016693
10,Greyhound_East,79.89304352
10,Greyhound_East,80.07787323
10,Greyhound_East,80.440979
10,Greyhound_East,80.62848663
10,Greyhound_East,80.96011353
10,Greyhound_East,81.14207458
10,Greyhound_East,81.14900208
10,Greyhound_East,81.33312988
10,Greyhound_East,81.4899826
10,Greyhound_East,81.61196136
10,Greyhound_East,81.60797119
10,Greyhound_East,81.7829361
10,Greyhound_East,82.085495
10,Greyhound_East,82.37677002
10,Greyhound_East,82.52284241
10,Greyhound_East,83.02031708
10,Greyhound_East,83.85830688
10,Greyhound_East,84.52213287
10,Greyhound_East,85.53243256
10,Greyhound_East,90.2795639
10,Greyhound_East,93.78444672
10,Greyhound_East,93.42044067
10,Greyhound_East,92.11451721
10,Greyhound_East,90.54275513
10,Greyhound_East,90.79902649
10,Greyhound_East,91.47512054
10,Greyhound_East,91.34885406
10,Greyhound_East,90.87085724
10,Greyhound_East,90.30564117
10,Greyhound_East,90.26717377
10,Greyhound_East,90.56839752
10,Greyhound_East,90.09750366
10,Greyhound_East,87.79114532
10,Greyhound_East,85.25092316
10,Greyhound_East,84.81510162
10,Greyhound_East,84.90901184
10,Greyhound_East,85.05880737
10,Greyhound_East,85.24920654
10,Greyhound_East,85.46626282
10,Greyhound_East,85.56775665
10,Greyhound_East,85.59259033
10,Greyhound_East,85.63687897
10,Greyhound_East,85.85573578
10,Greyhound_East,85.97995758
10,Greyhound_East,86.10383606
10,Greyhound_East,86.18312836
10,Greyhound_East,86.38394165
10,Greyhound_East,86.70018768
10,Greyhound_East,86.95102692
10,Greyhound_East,87.04627228
10,Greyhound_East,87.08509064
10,Greyhound_East,86.00436401
10,Greyhound_East,84.80721283
10,Greyhound_East,84.24649048
10,Greyhound_East,83.72770691
10,Greyhound_East,83.12935638
10,Greyhound_East,82.42266083
10,Greyhound_East,81.93416595
10,Greyhound_East,81.608078
10,Greyhound_East,81.55192566
10,Greyhound_East,81.51850128
10,Greyhound_East,81.30232239
10,Greyhound_East,80.7598877
10,Greyhound_East,80.35664368
10,Greyhound_East,80.09446716
10,Greyhound_East,80.29508209
10,Greyhound_East,80.67461395
10,Greyhound_East,80.87791443
10,Greyhound_East,81.05969238
10,Greyhound_East,81.04180145
10,Greyhound_East,80.88883972
10,Greyhound_East,80.57498932
10,Greyhound_East,80.07814026
10,Greyhound_East,79.72623444
10,Greyhound_East,79.43997955
10,Greyhound_East,79.32055664
10,Greyhound_East,79.29423523
10,Greyhound_East,79.05162048
10,Greyhound_East,78.72403717
10,Greyhound_East,78.58224487
10,Greyhound_East,78.36144257
10,Greyhound_East,77.94988251
10,Greyhound_East,77.50105286
10,Greyhound_East,77.02912903
10,Greyhound_East,76.71765137
10,Greyhound_East,76.39571381
10,Greyhound_East,76.09010315
10,Greyhound_East,76.10682678
10,Greyhound_East,76.30070496
10,Greyhound_East,76.85246277
10,Greyhound_East,77.37099457
10,Greyhound_East,77.91642761
10,Greyhound_East,78.30050659
10,Greyhound_East,78.46536255
10,Greyhound_East,77.39247894
10,Greyhound_East,76.41397095
10,Greyhound_East,75.23770905
10,Greyhound_East,73.88563538
10,Greyhound_East,73.46311951
10,Greyhound_East,73.2371521
10,Greyhound_East,73.67339325
10,Greyhound_East,74.70065308
10,Greyhound_East,75.36790466
10,Greyhound_East,75.0642395
10,Greyhound_East,73.47509003
10,Greyhound_East,72.86484528
10,Greyhound_East,72.44046021
10,Greyhound_East,72.11228943
10,Greyhound_East,71.14360809
10,Greyhound_East,70.25200653
10,Greyhound_East,69.30463409
10,Greyhound_East,68.17516327
10,Greyhound_East,67.36601257
10,Greyhound_East,66.80153656
10,Greyhound_East,66.33319092
10,Greyhound_East,65.68596649
10,Greyhound_East,64.88192749
10,Greyhound_East,64.30185699
10,Greyhound_East,63.13421249
10,Greyhound_East,61.1147728
10,Greyhound_East,60.61461258
10,Greyhound_East,60.83947372
10,Greyhound_East,62.01867676
10,Greyhound_East,63.28184128
10,Greyhound_East,63.81316757
10,Greyhound_East,64.11450958
10,Greyhound_East,64.47740173
10,Greyhound_East,64.67340088
10,Greyhound_East,64.75524139
10,Greyhound_East,64.95987701
10,Greyhound_East,65.50182343
10,Greyhound_East,66.07622528
10,Greyhound_East,66.71799469
10,Greyhound_East,67.73253632
10,Greyhound_East,68.70603943
10,Greyhound_East,69.53717804
10,Greyhound_East,70.00868225
10,Greyhound_East,70.22251129
10,Greyhound_East,70.45258331
10,Greyhound_East,70.58708191
10,Greyhound_East,70.65884399
10,Greyhound_East,70.70207977
10,Greyhound_East,70.71001434
10,Greyhound_East,70.70948792
10,Greyhound_East,70.74803162
10,Greyhound_East,70.7585144
10,Greyhound_East,70.75289154
10,Greyhound_East,70.74624634
10,Greyhound_East,70.89148712
10,Greyhound_East,70.88204193
10,Greyhound_East,70.7352829
10,Greyhound_East,70.63607788
10,Greyhound_East,70.48707581
10,Greyhound_East,70.29131317
10,Greyhound_East,69.93611908
10,Greyhound_East,69.9885788
10,Greyhound_East,70.8979187
10,Greyhound_East,70.8685379
10,Greyhound_East,70.63075256
10,Greyhound_East,70.06061554
10,Greyhound_East,69.06755066
10,Greyhound_East,67.92338562
10,Greyhound_East,66.91880035
10,Greyhound_East,66.63811493
10,Greyhound_East,66.66694641
10,Greyhound_East,66.79832458
10,Greyhound_East,67.4519043
10,Greyhound_East,68.44268799
10,Greyhound_East,69.41549683
10,Greyhound_East,70.01693726
10,Greyhound_East,69.91959381
10,Greyhound_East,69.11914063
10,Greyhound_East,68.20243073
10,Greyhound_East,67.37401581
10,Greyhound_East,66.73765564
10,Greyhound_East,65.82920074
10,Greyhound_East,65.06827545
10,Greyhound_East,64.61548615
10,Greyhound_East,64.14220428
10,Greyhound_East,63.67595673
10,Greyhound_East,63.60629654
10,Greyhound_East,63.87363815
10,Greyhound_East,64.46803284
10,Greyhound_East,65.12709045
10,Greyhound_East,64.81692505
10,Greyhound_East,64.6944809
10,Greyhound_East,64.53690338
10,Greyhound_East,64.25450134
10,Greyhound_East,63.86503601
10,Greyhound_East,63.89766312
10,Greyhound_East,63.92074203
10,Greyhound_East,63.92701721
10,Greyhound_East,63.95667267
10,Greyhound_East,63.90578842
10,Greyhound_East,63.9392662
10,Greyhound_East,63.92177582
10,Greyhound_East,63.91915131
10,Greyhound_East,63.94292831
10,Greyhound_East,63.77368927
10,Greyhound_East,63.49188995
10,Greyhound_East,63.23658371
10,Greyhound_East,63.1923027
10,Greyhound_East,63.16418839
10,Greyhound_East,63.14110947
10,Greyhound_East,63.10578537
10,Greyhound_East,63.1159935
10,Greyhound_East,63.12827301
10,Greyhound_East,63.18159866
10,Greyhound_East,63.02836609
10,Greyhound_East,62.92773056
10,Greyhound_East,63.05337906
10,Greyhound_East,63.0939827
10,Greyhound_East,63.03268051
10,Greyhound_East,62.760952
10,Greyhound_East,62.23044586
10,Greyhound_East,61.68691635
10,Greyhound_East,61.35829544
10,Greyhound_East,60.87555695
10,Greyhound_East,60.64743805
10,Greyhound_East,60.20019913
10,Greyhound_East,59.79943466
10,Greyhound_East,59.44018936
10,Greyhound_East,58.99879837
10,Greyhound_East,58.43795395
10,Greyhound_East,57.93373108
10,Greyhound_East,57.49065399
10,Greyhound_East,57.13951492
10,Greyhound_East,57.32976532
10,Greyhound_East,57.83213806
10,Greyhound_East,57.98130417
10,Greyhound_East,58.13911438
10,Greyhound_East,58.33213043
10,Greyhound_East,58.44890976
10,Greyhound_East,58.41603088
10,Greyhound_East,58.07297516
10,Greyhound_East,57.56614685
10,Greyhound_East,56.8720665
10,Greyhound_East,56.39734268
10,Greyhound_East,55.94477463
10,Greyhound_East,55.65515137
10,Greyhound_East,55.52607346
10,Greyhound_East,56.10428619
10,Greyhound_East,56.78970718
10,Greyhound_East,57.43618011
10,Greyhound_East,57.80313873
10,Greyhound_East,58.09011078
10,Greyhound_East,58.3434906
10,Greyhound_East,58.52721405
10,Greyhound_East,58.68552017
10,Greyhound_East,58.68552017
10,Greyhound_East,58.71866226
10,Greyhound_East,58.77552414
10,Greyhound_East,58.84982681
10,Greyhound_East,58.90606308
10,Greyhound_East,58.93993378
10,Greyhound_East,58.95956421
10,Greyhound_East,58.99372101
10,Greyhound_East,59.03828049
10,Greyhound_East,59.09989548
10,Greyhound_East,59.17615891
10,Greyhound_East,59.24773026
10,Greyhound_East,59.3074379
10,Greyhound_East,59.35752487
10,Greyhound_East,59.40620422
10,Greyhound_East,59.45476151
10,Greyhound_East,59.50189972
10,Greyhound_East,59.5498848
10,Greyhound_East,59.59990692
10,Greyhound_East,59.66482925
10,Greyhound_East,59.72975922
10,Greyhound_East,59.78964996
10,Greyhound_East,59.85073471
10,Greyhound_East,59.91345978
10,Greyhound_East,59.97674561
10,Greyhound_East,60.03330994
10,Greyhound_East,60.09321594
10,Greyhound_East,60.15921402
10,Greyhound_East,60.22480011
10,Greyhound_East,60.27983475
10,Greyhound_East,60.32256699
10,Greyhound_East,60.35359192
10,Greyhound_East,60.38838959
10,Greyhound_East,60.42473602
10,Greyhound_East,60.45530701
10,Greyhound_East,60.47176743
10,Greyhound_East,60.48477936
10,Greyhound_East,60.51096344
10,Greyhound_East,60.55116272
10,Greyhound_East,60.59402466
10,Greyhound_East,60.63111877
10,Greyhound_East,60.6643486
10,Greyhound_East,60.69790649
10,Greyhound_East,60.72664642
10,Greyhound_East,60.77372742
10,Greyhound_East,60.83042908
10,Greyhound_East,60.8942337
10,Greyhound_East,60.95150375
10,Greyhound_East,60.99567413
10,Greyhound_East,61.03252411
10,Greyhound_East,61.07645798
10,Greyhound_East,61.1315155
10,Greyhound_East,61.19658661
10,Greyhound_East,61.26061249
10,Greyhound_East,61.31597519
10,Greyhound_East,61.36011887
10,Greyhound_East,61.38248825
10,Greyhound_East,61.40131378
10,Greyhound_East,61.4017868
10,Greyhound_East,61.38768768
10,Greyhound_East,61.41549683
10,Greyhound_East,61.46052551
10,Greyhound_East,61.51472092
10,Greyhound_East,61.58426666
10,Greyhound_East,61.65940475
10,Greyhound_East,61.69906235
10,Greyhound_East,61.75392532
10,Greyhound_East,61.84039688
10,Greyhound_East,61.98722076
10,Greyhound_East,62.12809753
10,Greyhound_East,62.26234436
10,Greyhound_East,62.382061
10,Greyhound_East,62.52246094
10,Greyhound_East,62.66586685
10,Greyhound_East,62.78920364
10,Greyhound_East,62.90546799
10,Greyhound_East,63.01754379
10,Greyhound_East,63.12936401
10,Greyhound_East,63.21454239
10,Greyhound_East,63.28521347
10,Greyhound_East,63.34440231
10,Greyhound_East,63.3445549
10,Greyhound_East,63.32577515
10,Greyhound_East,63.28085709
10,Greyhound_East,63.22856522
10,Greyhound_East,63.15247726
10,Greyhound_East,63.03581238
10,Greyhound_East,62.91503906
10,Greyhound_East,62.79661179
10,Greyhound_East,62.70542908
10,Greyhound_East,62.6379509
10,Greyhound_East,62.56996536
10,Greyhound_East,62.51227188
10,Greyhound_East,62.46357727
10,Greyhound_East,62.42297745
10,Greyhound_East,62.40205765
10,Greyhound_East,62.4065361
10,Greyhound_East,62.41719818
10,Greyhound_East,62.43845749
10,Greyhound_East,62.48192596
10,Greyhound_East,62.55233002
10,Greyhound_East,62.63089371
10,Greyhound_East,62.69620514
10,Greyhound_East,62.75053406
10,Greyhound_East,62.79735565
10,Greyhound_East,62.84009933
10,Greyhound_East,62.88901138
10,Greyhound_East,62.94206238
10,Greyhound_East,62.99742508
10,Greyhound_East,63.05705643
10,Greyhound_East,63.11783218
10,Greyhound_East,63.17697525
10,Greyhound_East,63.23769379
10,Greyhound_East,63.30170822
10,Greyhound_East,63.3539772
10,Greyhound_East,63.40647125
10,Greyhound_East,63.45911407
10,Greyhound_East,63.51164246
10,Greyhound_East,63.56738281
10,Greyhound_East,63.62794876
10,Greyhound_East,63.68418121
10,Greyhound_East,63.7533989
10,Greyhound_East,63.83926773
10,Greyhound_East,63.97460175
10,Greyhound_East,64.12891388
10,Greyhound_East,64.27998352
10,Greyhound_East,64.42810822
10,Greyhound_East,64.57440948
10,Greyhound_East,64.70877075
10,Greyhound_East,64.84599304
10,Greyhound_East,65.00686646
10,Greyhound_East,65.18560791
10,Greyhound_East,65.37999725
10,Greyhound_East,65.56671143
10,Greyhound_East,65.75234985
10,Greyhound_East,65.95211792
10,Greyhound_East,66.1512146
10,Greyhound_East,66.33218384
10,Greyhound_East,66.49545288
10,Greyhound_East,66.66262817
10,Greyhound_East,66.82595825
10,Greyhound_East,66.9763031
10,Greyhound_East,67.080513
10,Greyhound_East,67.17391205
10,Greyhound_East,67.26595306
10,Greyhound_East,67.38999939
10,Greyhound_East,67.53915405
10,Greyhound_East,67.70524597
10,Greyhound_East,67.86933136
10,Greyhound_East,68.03442383
10,Greyhound_East,68.20241547
10,Greyhound_East,68.3647995
10,Greyhound_East,68.52548218
10,Greyhound_East,68.68351746
10,Greyhound_East,68.85549164
10,Greyhound_East,69.03057098
10,Greyhound_East,69.20436096
10,Greyhound_East,69.38771057
10,Greyhound_East,69.58551025
10,Greyhound_East,69.79750824
10,Greyhound_East,70.04429626
10,Greyhound_East,70.27009583
10,Greyhound_East,70.48462677
10,Greyhound_East,70.67902374
10,Greyhound_East,70.86043549
10,Greyhound_East,71.02358246
10,Greyhound_East,71.2161026
10,Greyhound_East,71.42002106
10,Greyhound_East,71.62873077
10,Greyhound_East,71.81335449
10,Greyhound_East,71.9739151
10,Greyhound_East,72.09680939
10,Greyhound_East,72.15223694
10,Greyhound_East,72.18083954
10,Greyhound_East,72.21218109
10,Greyhound_East,72.28816986
10,Greyhound_East,72.33996582
10,Greyhound_East,72.36536407
10,Greyhound_East,72.36949921
10,Greyhound_East,72.35775757
10,Greyhound_East,72.34214783
10,Greyhound_East,72.33313751
10,Greyhound_East,72.32549286
10,Greyhound_East,72.31685638
10,Greyhound_East,72.31560516
10,Greyhound_East,72.31586456
10,Greyhound_East,72.31597137
10,Greyhound_East,72.31589508
10,Greyhound_East,72.31778717
10,Greyhound_East,72.33007813
10,Greyhound_East,72.37226868
10,Greyhound_East,72.41886902
10,Greyhound_East,72.43430328
10,Greyhound_East,72.38050079
10,Greyhound_East,72.31517792
10,Greyhound_East,72.25302887
10,Greyhound_East,72.2082901
10,Greyhound_East,72.16875458
10,Greyhound_East,72.12475586
10,Greyhound_East,72.06432343
10,Greyhound_East,72.01457977
10,Greyhound_East,71.98269653
10,Greyhound_East,71.96755981
10,Greyhound_East,72.03569031
10,Greyhound_East,72.12313843
10,Greyhound_East,72.21881104
10,Greyhound_East,72.26782227
10,Greyhound_East,72.29656982
10,Greyhound_East,72.29108429
10,Greyhound_East,72.20240784
10,Greyhound_East,72.03840637
10,Greyhound_East,71.8245163
10,Greyhound_East,71.57371521
10,Greyhound_East,71.32376862
10,Greyhound_East,71.05986786
10,Greyhound_East,70.74104309
10,Greyhound_East,70.43926239
10,Greyhound_East,70.1681366
10,Greyhound_East,69.97115326
10,Greyhound_East,69.81056213
10,Greyhound_East,69.67762756
10,Greyhound_East,69.5953064
10,Greyhound_East,69.5298233
10,Greyhound_East,69.45978546
10,Greyhound_East,69.39292145
10,Greyhound_East,69.32817078
10,Greyhound_East,69.26696777
10,Greyhound_East,69.19589996
10,Greyhound_East,69.14121246
10,Greyhound_East,69.08808899
10,Greyhound_East,69.04408264
10,Greyhound_East,68.97808838
10,Greyhound_East,68.90451813
10,Greyhound_East,68.83795166
10,Greyhound_East,68.76674652
10,Greyhound_East,68.69773865
10,Greyhound_East,68.64080811
10,Greyhound_East,68.59090424
10,Greyhound_East,68.55518341
10,Greyhound_East,68.5354538
10,Greyhound_East,68.5929184
10,Greyhound_East,68.67585754
10,Greyhound_East,68.78344727
10,Greyhound_East,68.89378357
10,Greyhound_East,69.01385498
10,Greyhound_East,69.14781952
10,Greyhound_East,69.27902985
10,Greyhound_East,69.39350128
10,Greyhound_East,69.49385834
10,Greyhound_East,69.73107147
10,Greyhound_East,70.09393311
10,Greyhound_East,70.45127869
10,Greyhound_East,70.76885986
10,Greyhound_East,71.01526642
10,Greyhound_East,71.21465302
10,Greyhound_East,71.31046295
10,Greyhound_East,71.31046295
10,Greyhound_East,71.36005402
10,Greyhound_East,71.41285706
10,Greyhound_East,71.47833252
10,Greyhound_East,71.57387543
10,Greyhound_East,71.6819458
10,Greyhound_East,71.7937851
10,Greyhound_East,71.87713623
10,Greyhound_East,71.95270538
10,Greyhound_East,72.05574799
10,Greyhound_East,72.17063141
10,Greyhound_East,72.32381439
10,Greyhound_East,72.47572327
10,Greyhound_East,72.66239166
10,Greyhound_East,72.83435822
10,Greyhound_East,73.01389313
10,Greyhound_East,73.1632309
10,Greyhound_East,73.24333954
10,Greyhound_East,73.29747009
10,Greyhound_East,73.30863953
10,Greyhound_East,73.30242157
10,Greyhound_East,73.27423859
10,Greyhound_East,73.24032593
10,Greyhound_East,73.19868469
10,Greyhound_East,73.16468811
10,Greyhound_East,73.14398193
10,Greyhound_East,73.13831329
10,Greyhound_East,73.14654541
10,Greyhound_East,73.17279053
10,Greyhound_East,73.19932556
10,Greyhound_East,73.21726227
10,Greyhound_East,73.22869873
10,Greyhound_East,73.22746277
10,Greyhound_East,73.23218536
10,Greyhound_East,73.22625732
10,Greyhound_East,73.22203064
10,Greyhound_East,73.26239777
10,Greyhound_East,73.32439423
10,Greyhound_East,73.44361877
10,Greyhound_East,73.57027435
10,Greyhound_East,73.68714905
10,Greyhound_East,73.76356506
10,Greyhound_East,73.79699707
10,Greyhound_East,73.82957458
10,Greyhound_East,73.85454559
10,Greyhound_East,73.88547516
10,Greyhound_East,73.91577148
10,Greyhound_East,73.91083527
10,Greyhound_East,73.90177917
10,Greyhound_East,73.89465332
10,Greyhound_East,73.89164734
10,Greyhound_East,73.88202667
10,Greyhound_East,73.86497498
10,Greyhound_East,73.82428741
10,Greyhound_East,73.77915955
10,Greyhound_East,73.73730469
10,Greyhound_East,73.70074463
10,Greyhound_East,73.68658447
10,Greyhound_East,73.68360901
10,Greyhound_East,73.68880463
10,Greyhound_East,73.70814514
10,Greyhound_East,73.76344299
10,Greyhound_East,73.81593323
10,Greyhound_East,73.85310364
10,Greyhound_East,73.89229584
10,Greyhound_East,73.93444824
10,Greyhound_East,73.99340057
10,Greyhound_East,74.07180786
10,Greyhound_East,74.15921021
10,Greyhound_East,74.25730133
10,Greyhound_East,74.35449219
10,Greyhound_East,74.44609833
10,Greyhound_East,74.53580475
10,Greyhound_East,74.63824463
10,Greyhound_East,74.74769592
10,Greyhound_East,74.86694336
10,Greyhound_East,74.9788208
10,Greyhound_East,75.09273529
10,Greyhound_East,75.2077179
10,Greyhound_East,75.31647491
10,Greyhound_East,75.41532135
10,Greyhound_East,75.51081848
10,Greyhound_East,75.58715057
10,Greyhound_East,75.66967773
10,Greyhound_East,75.74207306
10,Greyhound_East,75.82025146
10,Greyhound_East,75.91452789
10,Greyhound_East,76.00014496
10,Greyhound_East,76.07209778
10,Greyhound_East,76.12818146
10,Greyhound_East,76.17410278
10,Greyhound_East,76.22035217
10,Greyhound_East,76.26805878
10,Greyhound_East,76.31746674
10,Greyhound_East,76.36529541
10,Greyhound_East,76.40262604
10,Greyhound_East,76.43486786
10,Greyhound_East,76.46611786
10,Greyhound_East,76.49784851
10,Greyhound_East,76.53012085
10,Greyhound_East,76.56281281
10,Greyhound_East,76.58818817
10,Greyhound_East,76.61165619
10,Greyhound_East,76.63548279
10,Greyhound_East,76.65948486
10,Greyhound_East,76.68123627
10,Greyhound_East,76.69887543
10,Greyhound_East,76.69680023
10,Greyhound_East,76.69181061
10,Greyhound_East,76.68681335
10,Greyhound_East,76.69504547
10,Greyhound_East,76.7289505
10,Greyhound_East,76.7711792
10,Greyhound_East,76.81249237
10,Greyhound_East,76.83311462
10,Greyhound_East,76.84064484
10,Greyhound_East,76.84503937
10,Greyhound_East,76.85019684
10,Greyhound_East,76.858284
10,Greyhound_East,76.86526489
10,Greyhound_East,76.86553955
10,Greyhound_East,76.86470795
10,Greyhound_East,76.87179565
10,Greyhound_East,76.88327789
10,Greyhound_East,76.88829803
10,Greyhound_East,76.89405823
10,Greyhound_East,76.85982513
10,Greyhound_East,76.81990051
10,Greyhound_East,76.74623871
10,Greyhound_East,76.67063141
10,Greyhound_East,76.58621979
10,Greyhound_East,76.50552368
10,Greyhound_East,76.42521667
10,Greyhound_East,76.3398056
10,Greyhound_East,76.24500275
10,Greyhound_East,76.1494751
10,Greyhound_East,76.0528717
10,Greyhound_East,75.96892548
10,Greyhound_East,75.89965057
10,Greyhound_East,75.82473755
10,Greyhound_East,75.74210358
10,Greyhound_East,75.65800476
10,Greyhound_East,75.57144165
10,Greyhound_East,75.50036621
10,Greyhound_East,75.43959045
10,Greyhound_East,75.37657928
10,Greyhound_East,75.30796814
10,Greyhound_East,75.2440567
10,Greyhound_East,75.17062378
10,Greyhound_East,75.07736206
10,Greyhound_East,74.96455383
10,Greyhound_East,74.82847595
10,Greyhound_East,74.68466949
10,Greyhound_East,74.53240967
10,Greyhound_East,74.37631226
10,Greyhound_East,74.2179184
10,Greyhound_East,74.06079865
10,Greyhound_East,73.89915466
10,Greyhound_East,73.73751068
10,Greyhound_East,73.57556915
10,Greyhound_East,73.42459869
10,Greyhound_East,73.27716064
10,Greyhound_East,73.11251831
10,Greyhound_East,72.93465424
10,Greyhound_East,72.67936707
10,Greyhound_East,72.39762115
10,Greyhound_East,72.08958435
10,Greyhound_East,71.78351593
10,Greyhound_East,71.44229126
10,Greyhound_East,71.08440399
10,Greyhound_East,70.72013855
10,Greyhound_East,70.36225891
10,Greyhound_East,70.08506775
10,Greyhound_East,69.85070038
10,Greyhound_East,69.71807861
10,Greyhound_East,69.60916138
10,Greyhound_East,69.53617096
10,Greyhound_East,69.46740723
10,Greyhound_East,69.39667511
10,Greyhound_East,69.3274765
10,Greyhound_East,69.26766205
10,Greyhound_East,69.21051025
10,Greyhound_East,69.15045166
10,Greyhound_East,69.10595703
10,Greyhound_East,69.06404114
10,Greyhound_East,69.04295349
10,Greyhound_East,69.02970886
10,Greyhound_East,69.02604675
10,Greyhound_East,69.01876831
10,Greyhound_East,69.01670837
10,Greyhound_East,69.01476288
10,Greyhound_East,69.01631165
10,Greyhound_East,69.01732635
10,Greyhound_East,69.01715851
10,Greyhound_East,69.01615143
10,Greyhound_East,69.01604462
10,Greyhound_East,69.01593781
10,Greyhound_East,69.01597595
10,Greyhound_East,69.0160141
10,Greyhound_East,69.0160141
10,Greyhound_East,69.0160141
10,Greyhound_East,69.0160141
10,Greyhound_East,69.0160141
10,Greyhound_East,69.0160141
10,Greyhound_East,69.01598358
10,Greyhound_East,69.01595306
10,Greyhound_East,69.01602936
10,Greyhound_East,69.01609039
10,Greyhound_East,69.01646423
10,Greyhound_East,69.01564789
10,Greyhound_East,69.01688385
10,Greyhound_East,69.01837158
10,Greyhound_East,69.02964783
10,Greyhound_East,69.0404892
10,Greyhound_East,69.05291748
10,Greyhound_East,69.05840302
10,Greyhound_East,69.05097961
10,Greyhound_East,69.0488205
10,Greyhound_East,69.06241608
10,Greyhound_East,69.06528473
10,Greyhound_East,69.0499649
10,Greyhound_East,69.03181458
10,Greyhound_East,69.0207901
10,Greyhound_East,69.01863098
10,Greyhound_East,69.02038574
10,Greyhound_East,69.01455688
10,Greyhound_East,69.00041199
10,Greyhound_East,68.97653961
10,Greyhound_East,68.94753265
10,Greyhound_East,68.91396332
10,Greyhound_East,68.87402344
10,Greyhound_East,68.83761597
10,Greyhound_East,68.7980423
10,Greyhound_East,68.76939392
10,Greyhound_East,68.75275421
10,Greyhound_East,68.73512268
10,Greyhound_East,68.7120285
10,Greyhound_East,68.67723846
10,Greyhound_East,68.64157867
10,Greyhound_East,68.61019897
10,Greyhound_East,68.57049561
10,Greyhound_East,68.52018738
10,Greyhound_East,68.45941162
10,Greyhound_East,68.41247559
10,Greyhound_East,68.37364197
10,Greyhound_East,68.33573151
10,Greyhound_East,68.28913116
10,Greyhound_East,68.23630524
10,Greyhound_East,68.19124603
10,Greyhound_East,68.15285492
10,Greyhound_East,68.1284256
10,Greyhound_East,68.10840607
10,Greyhound_East,68.09700012
10,Greyhound_East,68.08459473
10,Greyhound_East,68.08070374
10,Greyhound_East,68.07954407
10,Greyhound_East,68.07954407
10,Greyhound_East,68.03827667
10,Greyhound_East,67.91285706
10,Greyhound_East,67.75482941
10,Greyhound_East,67.5816803
10,Greyhound_East,67.44693756
10,Greyhound_East,67.38369751
10,Greyhound_East,67.36422729
10,Greyhound_East,67.39987946
10,Greyhound_East,67.45599365
10,Greyhound_East,67.51686096
10,Greyhound_East,67.5952301
10,Greyhound_East,67.71962738
10,Greyhound_East,67.93637085
10,Greyhound_East,68.22864532
10,Greyhound_East,68.5417099
10,Greyhound_East,68.86488342
10,Greyhound_East,69.21006775
10,Greyhound_East,69.52945709
10,Greyhound_East,69.8008728
10,Greyhound_East,69.9653244
10,Greyhound_East,70.08998108
10,Greyhound_East,70.15422058
10,Greyhound_East,70.14558411
10,Greyhound_East,70.15100861
10,Greyhound_East,70.17060852
10,Greyhound_East,70.18162537
10,Greyhound_East,70.17266083
10,Greyhound_East,70.1456604
10,Greyhound_East,70.1044693
10,Greyhound_East,70.07914734
10,Greyhound_East,70.10136414
10,Greyhound_East,70.09492493
10,Greyhound_East,70.07694244
10,Greyhound_East,70.08154297
10,Greyhound_East,70.11096191
10,Greyhound_East,70.13223267
10,Greyhound_East,70.13778687
10,Greyhound_East,70.12058258
10,Greyhound_East,70.11621857
10,Greyhound_East,70.11624908
10,Greyhound_East,70.10427856
10,Greyhound_East,70.04762268
10,Greyhound_East,69.990242
10,Greyhound_East,69.95923615
10,Greyhound_East,69.92331696
10,Greyhound_East,69.90858459
10,Greyhound_East,69.86575317
10,Greyhound_East,69.80812073
10,Greyhound_East,69.73390198
10,Greyhound_East,69.64207458
10,Greyhound_East,69.55577087
10,Greyhound_East,69.48477173
10,Greyhound_East,69.42878723
10,Greyhound_East,69.37086487
10,Greyhound_East,69.31238556
10,Greyhound_East,69.24467468
10,Greyhound_East,69.19998169
10,Greyhound_East,69.14852142
10,Greyhound_East,69.08463287
10,Greyhound_East,69.00047302
10,Greyhound_East,68.92177582
10,Greyhound_East,68.83824921
10,Greyhound_East,68.7477417
10,Greyhound_East,68.70240784
10,Greyhound_East,68.68850708
10,Greyhound_East,68.66310883
10,Greyhound_East,68.62522888
10,Greyhound_East,68.62934875
10,Greyhound_East,68.56301117
10,Greyhound_East,68.48960114
10,Greyhound_East,68.47472382
10,Greyhound_East,68.47800446
10,Greyhound_East,68.43483734
10,Greyhound_East,68.41320801
10,Greyhound_East,68.41648102
10,Greyhound_East,68.41599274
10,Greyhound_East,68.41262817
10,Greyhound_East,68.40459442
10,Greyhound_East,68.3639679
10,Greyhound_East,68.32459259
10,Greyhound_East,68.31063843
10,Greyhound_East,68.31382751
10,Greyhound_East,68.31838226
10,Greyhound_East,68.30849457
10,Greyhound_East,68.29009247
10,Greyhound_East,68.26475525
10,Greyhound_East,68.23026276
10,Greyhound_East,68.216362
10,Greyhound_East,68.20067596
10,Greyhound_East,68.15486145
10,Greyhound_East,68.10220337
10,Greyhound_East,68.0736618
10,Greyhound_East,68.0594101
10,Greyhound_East,68.08612061
10,Greyhound_East,68.10966492
10,Greyhound_East,68.10380554
10,Greyhound_East,68.09098053
10,Greyhound_East,68.07831573
10,Greyhound_East,68.06678772
10,Greyhound_East,68.07232666
10,Greyhound_East,68.08216858
10,Greyhound_East,68.06260681
10,Greyhound_East,68.0351181
10,Greyhound_East,68.0160141
10,Greyhound_East,68.01629639
10,Greyhound_East,68.02177429
10,Greyhound_East,68.03473663
10,Greyhound_East,68.03524017
10,Greyhound_East,68.06060791
10,Greyhound_East,68.05535889
10,Greyhound_East,68.02194214
10,Greyhound_East,68.01605988
10,Greyhound_East,68.01602173
10,Greyhound_East,68.01602173
10,Greyhound_East,68.0160675
10,Greyhound_East,68.01586914
10,Greyhound_East,68.00995636
10,Greyhound_East,68.0025177
10,Greyhound_East,67.98207855
10,Greyhound_East,67.94870758
10,Greyhound_East,67.92073059
10,Greyhound_East,67.91644287
10,Greyhound_East,67.91488647
10,Greyhound_East,67.88669586
10,Greyhound_East,67.8453598
10,Greyhound_East,67.8223114
10,Greyhound_East,67.81635284
10,Greyhound_East,67.81316376
10,Greyhound_East,67.78498077
10,Greyhound_East,67.73805237
10,Greyhound_East,67.72196198
10,Greyhound_East,67.71460724
10,Greyhound_East,67.70199585
10,Greyhound_East,67.66387939
10,Greyhound_East,67.63964844
10,Greyhound_East,67.59255219
10,Greyhound_East,67.57545471
10,Greyhound_East,67.56285858
10,Greyhound_East,67.48860931
10,Greyhound_East,67.43922424
10,Greyhound_East,67.4457016
10,Greyhound_East,67.43926239
10,Greyhound_East,67.36138153
10,Greyhound_East,67.34008789
10,Greyhound_East,67.27100372
10,Greyhound_East,67.22218323
10,Greyhound_East,67.17997742
10,Greyhound_East,67.06064606
10,Greyhound_East,66.95078278
10,Greyhound_East,66.91223907
10,Greyhound_East,66.8755722
10,Greyhound_East,66.78838348
10,Greyhound_East,66.66135406
10,Greyhound_East,66.59812927
10,Greyhound_East,66.55146027
10,Greyhound_East,66.52591705
10,Greyhound_East,66.5114212
10,Greyhound_East,66.49044037
10,Greyhound_East,66.4750061
10,Greyhound_East,66.46154785
10,Greyhound_East,66.44814301
10,Greyhound_East,66.43533325
10,Greyhound_East,66.42240143
10,Greyhound_East,66.40956879
10,Greyhound_East,66.37319946
10,Greyhound_East,66.3086853
10,Greyhound_East,66.20446777
10,Greyhound_East,66.09059143
10,Greyhound_East,65.9708252
10,Greyhound_East,65.84539795
10,Greyhound_East,65.73322296
10,Greyhound_East,65.66259766
10,Greyhound_East,65.60817719
10,Greyhound_East,65.57655334
10,Greyhound_East,65.53904724
10,Greyhound_East,65.47175598
10,Greyhound_East,65.42836761
10,Greyhound_East,65.41468811
10,Greyhound_East,65.37316895
10,Greyhound_East,65.30472565
10,Greyhound_East,65.26074982
10,Greyhound_East,65.19319153
10,Greyhound_East,65.11595154
10,Greyhound_East,65.04527283
10,Greyhound_East,65.01738739
10,Greyhound_East,64.96940613
10,Greyhound_East,64.94110107
10,Greyhound_East,64.91718292
10,Greyhound_East,64.88654327
10,Greyhound_East,64.9197998
10,Greyhound_East,64.94223022
10,Greyhound_East,64.93572998
10,Greyhound_East,64.93000793
10,Greyhound_East,64.95096588
10,Greyhound_East,64.9626236
10,Greyhound_East,64.97156525
10,Greyhound_East,64.95155334
10,Greyhound_East,64.90214539
10,Greyhound_East,64.85128021
10,Greyhound_East,64.8223877
10,Greyhound_East,64.78687286
10,Greyhound_East,64.71133423
10,Greyhound_East,64.65287781
10,Greyhound_East,64.61022949
10,Greyhound_East,64.56581116
10,Greyhound_East,64.50693512
10,Greyhound_East,64.43093872
10,Greyhound_East,64.35102081
10,Greyhound_East,64.2780838
10,Greyhound_East,64.19538116
10,Greyhound_East,64.07926941
10,Greyhound_East,63.93808365
10,Greyhound_East,63.66481781
10,Greyhound_East,63.21387482
10,Greyhound_East,62.73197556
10,Greyhound_East,62.28996277
10,Greyhound_East,62.10081482
10,Greyhound_East,61.99216843
10,Greyhound_East,61.93245697
10,Greyhound_East,61.90222931
10,Greyhound_East,61.86774445
10,Greyhound_East,61.87758636
10,Greyhound_East,61.85876846
10,Greyhound_East,61.8237114
10,Greyhound_East,61.81592178
10,Greyhound_East,61.7986412
10,Greyhound_East,61.7603302
10,Greyhound_East,61.72010803
10,Greyhound_East,61.73142242
10,Greyhound_East,61.87345505
10,Greyhound_East,62.02698898
10,Greyhound_East,62.15994644
10,Greyhound_East,62.3631897
10,Greyhound_East,62.66156387
10,Greyhound_East,63.16389465
10,Greyhound_East,63.7527771
10,Greyhound_East,64.23059082
10,Greyhound_East,64.54592896
10,Greyhound_East,64.72114563
10,Greyhound_East,64.81839752
10,Greyhound_East,64.84173584
10,Greyhound_East,64.83810425
10,Greyhound_East,64.83005524
10,Greyhound_East,64.86168671
10,Greyhound_East,64.95383453
10,Greyhound_East,65.12007904
10,Greyhound_East,65.34571838
10,Greyhound_East,65.5646286
10,Greyhound_East,65.7507019
10,Greyhound_East,65.94984436
10,Greyhound_East,66.21083832
10,Greyhound_East,66.52806091
10,Greyhound_East,66.82437134
10,Greyhound_East,66.97255707
10,Greyhound_East,67.03890228
10,Greyhound_East,67.03890228
10,Greyhound_East,67.07025909
10,Greyhound_East,67.10178375
10,Greyhound_East,67.16870117
10,Greyhound_East,67.23107147
10,Greyhound_East,67.26158905
10,Greyhound_East,67.2946701
10,Greyhound_East,67.34953308
10,Greyhound_East,67.38924408
10,Greyhound_East,67.42758942
10,Greyhound_East,67.4720993
10,Greyhound_East,67.49140167
10,Greyhound_East,67.51494598
10,Greyhound_East,67.53504181
10,Greyhound_East,67.55705261
10,Greyhound_East,67.54196167
10,Greyhound_East,67.57252502
10,Greyhound_East,67.64816284
10,Greyhound_East,67.66259003
10,Greyhound_East,67.63227844
10,Greyhound_East,67.61690521
10,Greyhound_East,67.64455414
10,Greyhound_East,67.69207764
10,Greyhound_East,67.737854
10,Greyhound_East,67.81759644
10,Greyhound_East,67.89012909
10,Greyhound_East,67.91093445
10,Greyhound_East,67.91350555
10,Greyhound_East,67.94307709
10,Greyhound_East,67.94416809
10,Greyhound_East,67.97486115
10,Greyhound_East,68.03837585
10,Greyhound_East,68.09892273
10,Greyhound_East,68.14987183
10,Greyhound_East,68.18653107
10,Greyhound_East,68.21178436
10,Greyhound_East,68.23692322
10,Greyhound_East,68.26180267
10,Greyhound_East,68.28962708
10,Greyhound_East,68.31298065
10,Greyhound_East,68.29753113
10,Greyhound_East,68.28843689
10,Greyhound_East,68.28725433
10,Greyhound_East,68.31427765
10,Greyhound_East,68.37966156
10,Greyhound_East,68.42478943
10,Greyhound_East,68.44298553
10,Greyhound_East,68.46404266
10,Greyhound_East,68.45185089
10,Greyhound_East,68.41152191
10,Greyhound_East,68.40901184
10,Greyhound_East,68.44960022
10,Greyhound_East,68.49588013
10,Greyhound_East,68.5354538
10,Greyhound_East,68.55802155
10,Greyhound_East,68.54295349
10,Greyhound_East,68.49999237
10,Greyhound_East,68.45211029
10,Greyhound_East,68.46012878
10,Greyhound_East,68.46055603
10,Greyhound_East,68.44139862
10,Greyhound_East,68.40962982
10,Greyhound_East,68.36947632
10,Greyhound_East,68.3666687
10,Greyhound_East,68.3164444
10,Greyhound_East,68.20233154
10,Greyhound_East,68.11612701
10,Greyhound_East,68.14160156
10,Greyhound_East,68.12527466
10,Greyhound_East,68.09421539
10,Greyhound_East,68.0669632
10,Greyhound_East,68.021492
10,Greyhound_East,67.95244598
10,Greyhound_East,67.87666321
10,Greyhound_East,67.82780457
10,Greyhound_East,67.81443787
10,Greyhound_East,67.81060028
10,Greyhound_East,67.79499817
10,Greyhound_East,67.75775146
10,Greyhound_East,67.71164703
10,Greyhound_East,67.6518631
10,Greyhound_East,67.60395813
10,Greyhound_East,67.52772522
10,Greyhound_East,67.40026855
10,Greyhound_East,67.26066589
10,Greyhound_East,67.11899567
10,Greyhound_East,66.9850769
10,Greyhound_East,66.84950256
10,Greyhound_East,66.69866943
10,Greyhound_East,66.54704285
10,Greyhound_East,66.39139557
10,Greyhound_East,66.26792145
10,Greyhound_East,66.17901611
10,Greyhound_East,66.05031586
10,Greyhound_East,65.90639496
10,Greyhound_East,65.7564621
10,Greyhound_East,65.62652588
10,Greyhound_East,65.48286438
10,Greyhound_East,65.39141846
10,Greyhound_East,65.35942078
10,Greyhound_East,65.31126404
10,Greyhound_East,65.21133423
10,Greyhound_East,65.1344223
10,Greyhound_East,65.0657196
10,Greyhound_East,64.96091461
10,Greyhound_East,64.85402679
10,Greyhound_East,64.80638885
10,Greyhound_East,64.78899384
10,Greyhound_East,64.70701599
10,Greyhound_East,64.58105469
10,Greyhound_East,64.45489502
10,Greyhound_East,64.32221222
10,Greyhound_East,64.17593384
10,Greyhound_East,64.01995087
10,Greyhound_East,63.876297
10,Greyhound_East,63.69556427
10,Greyhound_East,63.54857635
10,Greyhound_East,63.39807892
10,Greyhound_East,63.26747131
10,Greyhound_East,63.13451767
10,Greyhound_East,62.98942566
10,Greyhound_East,62.83792114
10,Greyhound_East,62.6995697
10,Greyhound_East,62.54616547
10,Greyhound_East,62.36577225
10,Greyhound_East,62.20106125
10,Greyhound_East,62.05636597
10,Greyhound_East,61.96269989
10,Greyhound_East,61.93761063
10,Greyhound_East,61.95394897
10,Greyhound_East,61.86379623
10,Greyhound_East,61.7424202
10,Greyhound_East,61.65253448
10,Greyhound_East,61.58347321
10,Greyhound_East,61.55168533
10,Greyhound_East,61.48511887
10,Greyhound_East,61.45205688
10,Greyhound_East,61.43444061
10,Greyhound_East,61.42357254
10,Greyhound_East,61.4366188
10,Greyhound_East,61.42857742
10,Greyhound_East,61.37809753
10,Greyhound_East,61.29000092
10,Greyhound_East,61.20907211
10,Greyhound_East,61.09866714
10,Greyhound_East,60.99101639
10,Greyhound_East,60.86827087
10,Greyhound_East,60.72841263
10,Greyhound_East,60.56857681
10,Greyhound_East,60.43641281
10,Greyhound_East,60.34714127
10,Greyhound_East,60.23348618
10,Greyhound_East,60.15188217
10,Greyhound_East,60.09037018
10,Greyhound_East,60.02098846
10,Greyhound_East,59.90677643
10,Greyhound_East,59.78355789
10,Greyhound_East,59.66391373
10,Greyhound_East,59.57682419
10,Greyhound_East,59.5140152
10,Greyhound_East,59.45822906
10,Greyhound_East,59.38856506
10,Greyhound_East,59.3561058
10,Greyhound_East,59.2960434
10,Greyhound_East,59.20316696
10,Greyhound_East,59.11334991
10,Greyhound_East,59.00761795
10,Greyhound_East,58.90372086
10,Greyhound_East,58.81848907
10,Greyhound_East,58.71883774
10,Greyhound_East,58.60582352
10,Greyhound_East,58.51207352
10,Greyhound_East,58.37369919
10,Greyhound_East,58.26083374
10,Greyhound_East,58.1479187
10,Greyhound_East,58.01730347
10,Greyhound_East,57.85943985
10,Greyhound_East,57.712883
10,Greyhound_East,57.44670486
10,Greyhound_East,57.09896088
10,Greyhound_East,56.7594223
10,Greyhound_East,56.40910721
10,Greyhound_East,56.100811
10,Greyhound_East,55.78723526
10,Greyhound_East,55.45939255
10,Greyhound_East,55.1280632
10,Greyhound_East,54.80695724
10,Greyhound_East,54.53509903
10,Greyhound_East,54.32027054
10,Greyhound_East,54.10893631
10,Greyhound_East,53.88925552
10,Greyhound_East,53.66618347
10,Greyhound_East,53.45967865
10,Greyhound_East,53.27007294
10,Greyhound_East,53.08573914
10,Greyhound_East,52.90512085
10,Greyhound_East,52.73112869
10,Greyhound_East,52.55699539
10,Greyhound_East,52.38261795
10,Greyhound_East,52.21057129
10,Greyhound_East,52.0255127
10,Greyhound_East,51.85646057
10,Greyhound_East,51.62231064
10,Greyhound_East,51.28001404
10,Greyhound_East,50.87763596
10,Greyhound_East,50.45072174
10,Greyhound_East,49.944664
10,Greyhound_East,49.42780685
10,Greyhound_East,48.95890427
10,Greyhound_East,48.58304214
10,Greyhound_East,48.29113388
10,Greyhound_East,48.02700043
10,Greyhound_East,47.79785156
10,Greyhound_East,47.57552719
10,Greyhound_East,47.37348557
10,Greyhound_East,47.14933014
10,Greyhound_East,46.91336823
10,Greyhound_East,46.67153931
10,Greyhound_East,46.44408798
10,Greyhound_East,46.18992615
10,Greyhound_East,45.92707443
10,Greyhound_East,45.66070557
10,Greyhound_East,45.30820847
10,Greyhound_East,44.80951691
10,Greyhound_East,44.24682236
10,Greyhound_East,43.71288681
10,Greyhound_East,43.1907196
10,Greyhound_East,42.65127563
10,Greyhound_East,42.03355026
10,Greyhound_East,41.3787384
10,Greyhound_East,40.73058319
10,Greyhound_East,40.0515213
10,Greyhound_East,39.42704773
10,Greyhound_East,38.8572464
10,Greyhound_East,38.28450394
10,Greyhound_East,37.73962402
10,Greyhound_East,37.22816467
10,Greyhound_East,36.7220459
10,Greyhound_East,36.20303345
10,Greyhound_East,35.78976059
10,Greyhound_East,35.51489258
10,Greyhound_East,35.28568268
10,Greyhound_East,35.1356926
10,Greyhound_East,35.04231262
10,Greyhound_East,34.97745895
10,Greyhound_East,34.95569992
10,Greyhound_East,34.92566681
10,Greyhound_East,34.89968491
10,Greyhound_East,34.88611984
10,Greyhound_East,34.7057457
10,Greyhound_East,34.12121201
10,Greyhound_East,33.57735443
10,Greyhound_East,33.13840103
10,Greyhound_East,32.77868652
10,Greyhound_East,32.44047165
10,Greyhound_East,32.10427475
10,Greyhound_East,32.10427475
10,Greyhound_East,31.89015961
10,Greyhound_East,31.67753792
10,Greyhound_East,31.47364235
10,Greyhound_East,31.27310371
10,Greyhound_East,31.07091522
10,Greyhound_East,30.88028908
10,Greyhound_East,30.7046566
10,Greyhound_East,30.42461586
10,Greyhound_East,30.04993057
10,Greyhound_East,29.52399445
10,Greyhound_East,28.85642815
10,Greyhound_East,28.13222885
10,Greyhound_East,27.48727608
10,Greyhound_East,26.93225288
10,Greyhound_East,26.51595306
10,Greyhound_East,26.12065506
10,Greyhound_East,25.7364521
10,Greyhound_East,25.36548805
10,Greyhound_East,25.00026894
10,Greyhound_East,24.60094643
10,Greyhound_East,24.16933823
10,Greyhound_East,23.67224312
10,Greyhound_East,23.14374733
10,Greyhound_East,22.59004784
10,Greyhound_East,22.04313278
10,Greyhound_East,21.518507
10,Greyhound_East,21.04160309
10,Greyhound_East,20.59341049
10,Greyhound_East,20.16135979
10,Greyhound_East,19.73078918
10,Greyhound_East,19.30187416
10,Greyhound_East,18.89048386
10,Greyhound_East,18.46948051
10,Greyhound_East,18.01355553
10,Greyhound_East,17.41538811
10,Greyhound_East,16.73098564
10,Greyhound_East,16.00037193
10,Greyhound_East,15.37500858
10,Greyhound_East,14.94009113
10,Greyhound_East,14.61644459
10,Greyhound_East,14.37509823
10,Greyhound_East,14.14698124
10,Greyhound_East,13.91766834
10,Greyhound_East,13.68436337
10,Greyhound_East,13.4434185
10,Greyhound_East,13.20715332
10,Greyhound_East,12.98262501
10,Greyhound_East,12.7636795
10,Greyhound_East,12.53755093
10,Greyhound_East,12.30680275
10,Greyhound_East,12.0714407
10,Greyhound_East,11.83744621
10,Greyhound_East,11.60294724
10,Greyhound_East,11.36724854
10,Greyhound_East,11.12913799
10,Greyhound_East,10.89516926
10,Greyhound_East,10.65933895
10,Greyhound_East,10.42878532
10,Greyhound_East,10.20392323
10,Greyhound_East,9.987226486
10,Greyhound_East,9.753081322
10,Greyhound_East,9.516210556
10,Greyhound_East,9.290349007
10,Greyhound_East,9.092974663
10,Greyhound_East,8.932268143
10,Greyhound_East,8.801632881
10,Greyhound_East,8.688064575
10,Greyhound_East,8.57612896
10,Greyhound_East,8.469274521
10,Greyhound_East,8.35877037
10,Greyhound_East,8.248949051
10,Greyhound_East,8.142938614
10,Greyhound_East,8.050825119
10,Greyhound_East,7.954804897
10,Greyhound_East,7.854669571
10,Greyhound_East,7.750730991
10,Greyhound_East,7.658206463
10,Greyhound_East,7.582005501
10,Greyhound_East,7.510373592
10,Greyhound_East,7.425911903
10,Greyhound_East,7.333828449
10,Greyhound_East,7.235154629
10,Greyhound_East,7.162489414
10,Greyhound_East,7.096346855
10,Greyhound_East,7.031160355
10,Greyhound_East,6.966274738
10,Greyhound_East,6.902404308
10,Greyhound_East,6.827011108
10,Greyhound_East,6.736442089
10,Greyhound_East,6.645776272
10,Greyhound_East,6.559055328
10,Greyhound_East,6.483113289
10,Greyhound_East,6.418037415
10,Greyhound_East,6.341536045
10,Greyhound_East,6.254686356
10,Greyhound_East,6.164975643
10,Greyhound_East,6.076206684
10,Greyhound_East,5.990881443
10,Greyhound_East,5.906376362
10,Greyhound_East,5.812870502
10,Greyhound_East,5.715484142
10,Greyhound_East,5.630529881
10,Greyhound_East,5.552071095
10,Greyhound_East,5.468675613
10,Greyhound_East,5.388665676
10,Greyhound_East,5.32603693
10,Greyhound_East,5.271348953
10,Greyhound_East,5.213320732
10,Greyhound_East,5.155772686
10,Greyhound_East,5.083751202
10,Greyhound_East,5.003129482
10,Greyhound_East,4.937264919
10,Greyhound_East,4.867714882
10,Greyhound_East,4.809535027
10,Greyhound_East,4.774235725
10,Greyhound_East,4.731474876
10,Greyhound_East,4.680684566
10,Greyhound_East,4.626964569
10,Greyhound_East,4.573200226
10,Greyhound_East,4.536021233
10,Greyhound_East,4.509610176
10,Greyhound_East,4.481081486
10,Greyhound_East,4.45219326
10,Greyhound_East,4.423523426
10,Greyhound_East,4.394535542
10,Greyhound_East,4.357932091
10,Greyhound_East,4.312206745
10,Greyhound_East,4.267617226
10,Greyhound_East,4.252210617
10,Greyhound_East,4.252919197
10,Greyhound_East,4.241425037
10,Greyhound_East,4.232373238
10,Greyhound_East,4.248015404
10,Greyhound_East,4.245601654
10,Greyhound_East,4.187994003
10,Greyhound_East,4.134283066
10,Greyhound_East,4.100800991
10,Greyhound_East,4.065402031
10,Greyhound_East,4.056172848
10,Greyhound_East,4.061521053
10,Greyhound_East,4.090341091
10,Greyhound_East,4.103853226
10,Greyhound_East,4.081823349
10,Greyhound_East,4.056778431
10,Greyhound_East,4.031159878
10,Greyhound_East,4.018161297
10,Greyhound_East,4.014618397
10,Greyhound_East,4.001276016
10,Greyhound_East,3.999793291
10,Greyhound_East,4.016923428
10,Greyhound_East,4.044164658
10,Greyhound_East,4.081793308
10,Greyhound_East,4.121444225
10,Greyhound_East,4.141642094
10,Greyhound_East,4.135632992
10,Greyhound_East,4.115551949
10,Greyhound_East,4.105781078
10,Greyhound_East,4.101730824
10,Greyhound_East,4.106201649
10,Greyhound_East,4.112321377
10,Greyhound_East,4.111380577
10,Greyhound_East,4.105446339
10,Greyhound_East,4.091694832
10,Greyhound_East,4.080723286
10,Greyhound_East,4.079885483
10,Greyhound_East,4.08326149
10,Greyhound_East,4.079497814
10,Greyhound_East,4.071919441
10,Greyhound_East,4.075644016
10,Greyhound_East,4.093552589
10,Greyhound_East,4.113719463
10,Greyhound_East,4.106298447
10,Greyhound_East,4.093154907
10,Greyhound_East,4.08998251
10,Greyhound_East,4.099421978
10,Greyhound_East,4.116446018
10,Greyhound_East,4.139520645
10,Greyhound_East,4.163190365
10,Greyhound_East,4.187318802
10,Greyhound_East,4.207012653
10,Greyhound_East,4.214829445
10,Greyhound_East,4.211558342
10,Greyhound_East,4.209643364
10,Greyhound_East,4.238325119
10,Greyhound_East,4.261780739
10,Greyhound_East,4.293743134
10,Greyhound_East,4.324044704
10,Greyhound_East,4.348946095
10,Greyhound_East,4.384075165
10,Greyhound_East,4.428358555
10,Greyhound_East,4.490158558
10,Greyhound_East,4.544979572
10,Greyhound_East,4.576307774
10,Greyhound_East,4.585381031
10,Greyhound_East,4.592609882
10,Greyhound_East,4.633681774
10,Greyhound_East,4.692334652
10,Greyhound_East,4.728314877
10,Greyhound_East,4.781287193
10,Greyhound_East,4.855177879
10,Greyhound_East,4.914741516
10,Greyhound_East,4.95948267
10,Greyhound_East,4.998265266
10,Greyhound_East,5.049061775
10,Greyhound_East,5.116341114
10,Greyhound_East,5.184220791
10,Greyhound_East,5.23417902
10,Greyhound_East,5.282928944
10,Greyhound_East,5.331624508
10,Greyhound_East,5.405728817
10,Greyhound_East,5.475021362
10,Greyhound_East,5.528774261
10,Greyhound_East,5.56628418
10,Greyhound_East,5.601102352
10,Greyhound_East,5.653352261
10,Greyhound_East,5.717497826
10,Greyhound_East,5.777718544
10,Greyhound_East,5.822095394
10,Greyhound_East,5.86845541
10,Greyhound_East,5.931848049
10,Greyhound_East,6.000121117
10,Greyhound_East,6.066086292
10,Greyhound_East,6.128020763
10,Greyhound_East,6.188832283
10,Greyhound_East,6.230746746
10,Greyhound_East,6.269322395
10,Greyhound_East,6.306082249
10,Greyhound_East,6.302071571
10,Greyhound_East,6.301632881
10,Greyhound_East,6.298411369
10,Greyhound_East,6.282271385
10,Greyhound_East,6.269267559
10,Greyhound_East,6.258369923
10,Greyhound_East,6.24288702
10,Greyhound_East,6.227985382
10,Greyhound_East,6.218168259
10,Greyhound_East,6.193698883
10,Greyhound_East,6.158212662
10,Greyhound_East,6.131771564
10,Greyhound_East,6.124214172
10,Greyhound_East,6.106624126
10,Greyhound_East,6.066550732
10,Greyhound_East,6.025835991
10,Greyhound_East,5.997437954
10,Greyhound_East,5.97649622
10,Greyhound_East,5.952214241
10,Greyhound_East,5.921984673
10,Greyhound_East,5.908610344
10,Greyhound_East,5.905991077
10,Greyhound_East,5.901907444
10,Greyhound_East,5.894363403
10,Greyhound_East,5.889697075
10,Greyhound_East,5.88477993
10,Greyhound_East,5.873576164
10,Greyhound_East,5.863290787
