12,Greyhound_East,77.20732117
12,Greyhound_East,75.87662506
12,Greyhound_East,76.02713776
12,Greyhound_East,77.12482452
12,Greyhound_East,78.69903564
12,Greyhound_East,75.54904938
12,Greyhound_East,75.81552887
12,Greyhound_East,76.02884674
12,Greyhound_East,75.3680954
12,Greyhound_East,75.43439484
12,Greyhound_East,75.86132813
12,Greyhound_East,77.49747467
12,Greyhound_East,77.95710754
12,Greyhound_East,79.38328552
12,Greyhound_East,79.8511734
12,Greyhound_East,77.28803253
12,Greyhound_East,72.54467773
12,Greyhound_East,72.22653198
12,Greyhound_East,72.25537109
12,Greyhound_East,72.17369843
12,Greyhound_East,73.23351288
12,Greyhound_East,74.80119324
12,Greyhound_East,76.67107391
12,Greyhound_East,78.71802521
12,Greyhound_East,78.28191376
12,Greyhound_East,77.89391327
12,Greyhound_East,77.83381653
12,Greyhound_East,77.90081024
12,Greyhound_East,78.1533432
12,Greyhound_East,78.35211182
12,Greyhound_East,78.71105194
12,Greyhound_East,78.91287994
12,Greyhound_East,79.25826263
12,Greyhound_East,79.87664032
12,Greyhound_East,81.39219666
12,Greyhound_East,82.92492676
12,Greyhound_East,86.57019806
12,Greyhound_East,86.58951569
12,Greyhound_East,81.61502838
12,Greyhound_East,81.5160141
12,Greyhound_East,81.5160141
12,Greyhound_East,81.5160141
12,Greyhound_East,81.56252289
12,Greyhound_East,81.95721436
12,Greyhound_East,83.20975494
12,Greyhound_East,84.07813263
12,Greyhound_East,83.67182922
12,Greyhound_East,85.63389587
12,Greyhound_East,83.42180634
12,Greyhound_East,82.11608124
12,Greyhound_East,82.15821838
12,Greyhound_East,83.21756744
12,Greyhound_East,84.80825806
12,Greyhound_East,85.47655487
12,Greyhound_East,86.03806305
12,Greyhound_East,85.20661926
12,Greyhound_East,84.91603851
12,Greyhound_East,84.81652832
12,Greyhound_East,84.93276215
12,Greyhound_East,85.22476959
12,Greyhound_East,85.99536896
12,Greyhound_East,86.27651215
12,Greyhound_East,85.99092865
12,Greyhound_East,86.16242218
12,Greyhound_East,86.96912384
12,Greyhound_East,87.07781219
12,Greyhound_East,86.31493378
12,Greyhound_East,85.75601959
12,Greyhound_East,85.11974335
12,Greyhound_East,84.51573944
12,Greyhound_East,84.60112
12,Greyhound_East,84.5200882
12,Greyhound_East,84.97202301
12,Greyhound_East,85.68131256
12,Greyhound_East,86.12568665
12,Greyhound_East,86.94799805
12,Greyhound_East,87.04155731
12,Greyhound_East,86.33958435
12,Greyhound_East,86.49491119
12,Greyhound_East,87.19834137
12,Greyhound_East,87.21652985
12,Greyhound_East,87.12900543
12,Greyhound_East,86.9981842
12,Greyhound_East,86.83653259
12,Greyhound_East,86.4257431
12,Greyhound_East,85.75427246
12,Greyhound_East,85.12551117
12,Greyhound_East,84.84803009
12,Greyhound_East,84.82339478
12,Greyhound_East,84.81602478
12,Greyhound_East,84.81602478
12,Greyhound_East,84.85813904
12,Greyhound_East,85.03850555
12,Greyhound_East,84.91152191
12,Greyhound_East,85.04175568
12,Greyhound_East,84.87031555
12,Greyhound_East,84.10247803
12,Greyhound_East,83.06103516
12,Greyhound_East,82.6424408
12,Greyhound_East,82.02781677
12,Greyhound_East,81.66246796
12,Greyhound_East,81.26892853
12,Greyhound_East,80.86651611
12,Greyhound_East,80.65931702
12,Greyhound_East,80.82962036
12,Greyhound_East,81.3949585
12,Greyhound_East,82.32545471
12,Greyhound_East,86.44715881
12,Greyhound_East,83.0268631
12,Greyhound_East,78.58750153
12,Greyhound_East,77.96024323
12,Greyhound_East,77.79154205
12,Greyhound_East,77.77672577
12,Greyhound_East,77.81021881
12,Greyhound_East,77.98001099
12,Greyhound_East,78.34291077
12,Greyhound_East,78.5408783
12,Greyhound_East,78.84867859
12,Greyhound_East,78.7804718
12,Greyhound_East,78.87863159
12,Greyhound_East,79.70940399
12,Greyhound_East,81.40383148
12,Greyhound_East,82.82070923
12,Greyhound_East,85.24404907
12,Greyhound_East,85.40209198
12,Greyhound_East,87.63972473
12,Greyhound_East,87.78759003
12,Greyhound_East,82.62896729
12,Greyhound_East,81.01238251
12,Greyhound_East,81.0160141
12,Greyhound_East,81.19064331
12,Greyhound_East,81.76700592
12,Greyhound_East,83.08485413
12,Greyhound_East,85.34718323
12,Greyhound_East,87.17285919
12,Greyhound_East,88.15229034
12,Greyhound_East,90.92353058
12,Greyhound_East,96.34592438
12,Greyhound_East,92.15893555
12,Greyhound_East,79.97800446
12,Greyhound_East,79.50543976
12,Greyhound_East,80.65603638
12,Greyhound_East,80.93118286
12,Greyhound_East,80.41670227
12,Greyhound_East,80.85785675
12,Greyhound_East,80.30587006
12,Greyhound_East,78.94712067
12,Greyhound_East,78.44880676
12,Greyhound_East,78.4278717
12,Greyhound_East,78.75287628
12,Greyhound_East,79.84392548
12,Greyhound_East,81.30905151
12,Greyhound_East,81.98234558
12,Greyhound_East,82.17105865
12,Greyhound_East,81.83325958
12,Greyhound_East,80.64493561
12,Greyhound_East,79.26928711
12,Greyhound_East,77.92154694
12,Greyhound_East,78.18158722
12,Greyhound_East,77.83132172
12,Greyhound_East,76.06430817
12,Greyhound_East,76.01600647
12,Greyhound_East,76.01600647
12,Greyhound_East,76.0581665
12,Greyhound_East,76.06343842
12,Greyhound_East,76.07919312
12,Greyhound_East,76.09428406
12,Greyhound_East,76.09147644
12,Greyhound_East,76.10765076
12,Greyhound_East,76.31118774
12,Greyhound_East,77.45254517
12,Greyhound_East,78.56071472
12,Greyhound_East,79.0849762
12,Greyhound_East,79.1871109
12,Greyhound_East,79.48567963
12,Greyhound_East,80.0639267
12,Greyhound_East,79.88669586
12,Greyhound_East,79.03540039
12,Greyhound_East,79.45256042
12,Greyhound_East,82.03346252
12,Greyhound_East,79.94361115
12,Greyhound_East,79.8609848
12,Greyhound_East,79.20239258
12,Greyhound_East,78.4771347
12,Greyhound_East,78.45317078
12,Greyhound_East,83.11450958
12,Greyhound_East,82.16101837
12,Greyhound_East,81.80027008
12,Greyhound_East,81.54483032
12,Greyhound_East,81.4814682
12,Greyhound_East,81.69513702
12,Greyhound_East,81.75593567
12,Greyhound_East,81.52268219
12,Greyhound_East,81.24167633
12,Greyhound_East,80.97105408
12,Greyhound_East,81.24716187
12,Greyhound_East,80.7578125
12,Greyhound_East,79.89463043
12,Greyhound_East,79.40988159
12,Greyhound_East,81.58861542
12,Greyhound_East,79.89324951
12,Greyhound_East,75.15023041
12,Greyhound_East,75.15378571
12,Greyhound_East,75.72694397
12,Greyhound_East,75.98941803
12,Greyhound_East,75.31549072
12,Greyhound_East,75.16017914
12,Greyhound_East,75.44203949
12,Greyhound_East,75.70869446
12,Greyhound_East,75.9420166
12,Greyhound_East,76.29682922
12,Greyhound_East,76.02078247
12,Greyhound_East,77.18152618
12,Greyhound_East,78.84667206
12,Greyhound_East,79.92208862
12,Greyhound_East,82.33257294
12,Greyhound_East,82.75069427
12,Greyhound_East,82.19509888
12,Greyhound_East,82.09014893
12,Greyhound_East,82.08898926
12,Greyhound_East,82.08939362
12,Greyhound_East,82.05630493
12,Greyhound_East,82.07910919
12,Greyhound_East,82.20978546
12,Greyhound_East,82.50525665
12,Greyhound_East,82.16902161
12,Greyhound_East,82.09637451
12,Greyhound_East,82.11205292
12,Greyhound_East,82.16056061
12,Greyhound_East,82.09477234
12,Greyhound_East,81.85682678
12,Greyhound_East,82.0128479
12,Greyhound_East,82.11616516
12,Greyhound_East,82.11575317
12,Greyhound_East,81.94933319
12,Greyhound_East,81.91493988
12,Greyhound_East,82.20256042
12,Greyhound_East,82.46263885
12,Greyhound_East,81.55712891
12,Greyhound_East,80.06382751
12,Greyhound_East,79.09186554
12,Greyhound_East,78.86123657
12,Greyhound_East,79.11828613
12,Greyhound_East,79.17431641
12,Greyhound_East,79.01302338
12,Greyhound_East,78.82743073
12,Greyhound_East,78.35549927
12,Greyhound_East,77.99723816
12,Greyhound_East,77.84392548
12,Greyhound_East,78.28329468
12,Greyhound_East,78.53113556
12,Greyhound_East,77.59919739
12,Greyhound_East,77.15205383
12,Greyhound_East,77.35111237
12,Greyhound_East,77.81678772
12,Greyhound_East,76.04103851
12,Greyhound_East,76.04103851
12,Greyhound_East,76.1585083
12,Greyhound_East,76.57099915
12,Greyhound_East,77.1661911
12,Greyhound_East,77.66647339
12,Greyhound_East,77.85160065
12,Greyhound_East,77.82037354
12,Greyhound_East,77.65071869
12,Greyhound_East,77.45527649
12,Greyhound_East,77.33264923
12,Greyhound_East,77.25767517
12,Greyhound_East,77.20497131
12,Greyhound_East,77.15866089
12,Greyhound_East,77.14596558
12,Greyhound_East,77.15244293
12,Greyhound_East,77.21361542
12,Greyhound_East,77.30261993
12,Greyhound_East,77.42902374
12,Greyhound_East,77.59560394
12,Greyhound_East,77.77684784
12,Greyhound_East,77.97035217
12,Greyhound_East,78.18845367
12,Greyhound_East,78.40525055
12,Greyhound_East,78.58074951
12,Greyhound_East,78.58807373
12,Greyhound_East,78.54130554
12,Greyhound_East,78.45147705
12,Greyhound_East,78.32136536
12,Greyhound_East,78.20554352
12,Greyhound_East,78.09037781
12,Greyhound_East,77.98793793
12,Greyhound_East,77.90136719
12,Greyhound_East,77.8417511
12,Greyhound_East,77.80924225
12,Greyhound_East,77.80627441
12,Greyhound_East,77.88265991
12,Greyhound_East,78.00980377
12,Greyhound_East,78.0785675
12,Greyhound_East,78.17959595
12,Greyhound_East,78.29496765
12,Greyhound_East,78.33996582
12,Greyhound_East,78.39219666
12,Greyhound_East,78.52121735
12,Greyhound_East,78.64573669
12,Greyhound_East,78.75145721
12,Greyhound_East,78.82765961
12,Greyhound_East,78.90865326
12,Greyhound_East,78.96780396
12,Greyhound_East,78.97966766
12,Greyhound_East,78.99370575
12,Greyhound_East,79.03578949
12,Greyhound_East,79.08079529
12,Greyhound_East,79.11901855
12,Greyhound_East,79.15530396
12,Greyhound_East,79.17404938
12,Greyhound_East,79.17904663
12,Greyhound_East,79.20049286
12,Greyhound_East,79.23829651
12,Greyhound_East,79.30702209
12,Greyhound_East,79.376297
12,Greyhound_East,79.46398926
12,Greyhound_East,79.55023193
12,Greyhound_East,79.60157013
12,Greyhound_East,79.61808777
12,Greyhound_East,79.62423706
12,Greyhound_East,79.6397934
12,Greyhound_East,79.69274139
12,Greyhound_East,79.75234985
12,Greyhound_East,79.78755951
12,Greyhound_East,79.83981323
12,Greyhound_East,79.88909912
12,Greyhound_East,79.93208313
12,Greyhound_East,80.04122925
12,Greyhound_East,80.12306976
12,Greyhound_East,80.17636108
12,Greyhound_East,80.25059509
12,Greyhound_East,80.33751678
12,Greyhound_East,80.44117737
12,Greyhound_East,80.54837036
12,Greyhound_East,80.62657928
12,Greyhound_East,80.67638397
12,Greyhound_East,80.72827911
12,Greyhound_East,80.81310272
12,Greyhound_East,80.893013
12,Greyhound_East,80.94754028
12,Greyhound_East,80.98475647
12,Greyhound_East,81.03833008
12,Greyhound_East,81.16195679
12,Greyhound_East,81.24382019
12,Greyhound_East,81.2820282
12,Greyhound_East,81.29656982
12,Greyhound_East,81.30638123
12,Greyhound_East,81.31246948
12,Greyhound_East,81.35503387
12,Greyhound_East,81.45031738
12,Greyhound_East,81.54749298
12,Greyhound_East,81.61769104
12,Greyhound_East,81.68221283
12,Greyhound_East,81.72849274
12,Greyhound_East,81.75019073
12,Greyhound_East,81.7614212
12,Greyhound_East,81.76791382
12,Greyhound_East,81.77326965
12,Greyhound_East,81.76189423
12,Greyhound_East,81.74777222
12,Greyhound_East,81.73802948
12,Greyhound_East,81.73419952
12,Greyhound_East,81.70704651
12,Greyhound_East,81.68747711
12,Greyhound_East,81.67414856
12,Greyhound_East,81.64994049
12,Greyhound_East,81.62205505
12,Greyhound_East,81.61506653
12,Greyhound_East,81.59348297
12,Greyhound_East,81.54359436
12,Greyhound_East,81.51312256
12,Greyhound_East,81.4491272
12,Greyhound_East,81.36225891
12,Greyhound_East,81.2687149
12,Greyhound_East,81.18530273
12,Greyhound_East,81.06156158
12,Greyhound_East,80.82658386
12,Greyhound_East,80.62122345
12,Greyhound_East,80.47215271
12,Greyhound_East,80.36513519
12,Greyhound_East,80.26271057
12,Greyhound_East,80.14456177
12,Greyhound_East,80.03852844
12,Greyhound_East,79.92690277
12,Greyhound_East,79.8082962
12,Greyhound_East,79.71172333
12,Greyhound_East,79.65231323
12,Greyhound_East,79.61071777
12,Greyhound_East,79.57165527
12,Greyhound_East,79.50753784
12,Greyhound_East,79.48648071
12,Greyhound_East,79.492836
12,Greyhound_East,79.48274994
12,Greyhound_East,79.45528412
12,Greyhound_East,79.44667053
12,Greyhound_East,79.4622879
12,Greyhound_East,79.46642303
12,Greyhound_East,79.47078705
12,Greyhound_East,79.48724365
12,Greyhound_East,79.50193787
12,Greyhound_East,79.547966
12,Greyhound_East,79.61986542
12,Greyhound_East,79.67495728
12,Greyhound_East,79.72071838
12,Greyhound_East,79.79818726
12,Greyhound_East,79.87246704
12,Greyhound_East,79.95152283
12,Greyhound_East,80.003685
12,Greyhound_East,80.03799438
12,Greyhound_East,80.0906601
12,Greyhound_East,80.1237793
12,Greyhound_East,80.14556122
12,Greyhound_East,80.16416168
12,Greyhound_East,80.19108582
12,Greyhound_East,80.23377991
12,Greyhound_East,80.28974915
12,Greyhound_East,80.33876801
12,Greyhound_East,80.37836456
12,Greyhound_East,80.4285965
12,Greyhound_East,80.49104309
12,Greyhound_East,80.51794434
12,Greyhound_East,80.49301147
12,Greyhound_East,80.45904541
12,Greyhound_East,80.47104645
12,Greyhound_East,80.48704529
12,Greyhound_East,80.50982666
12,Greyhound_East,80.52294159
12,Greyhound_East,80.52916718
12,Greyhound_East,80.53168488
12,Greyhound_East,80.55426788
12,Greyhound_East,80.60660553
12,Greyhound_East,80.6231842
12,Greyhound_East,80.60836029
12,Greyhound_East,80.58996582
12,Greyhound_East,80.55812836
12,Greyhound_East,80.51371002
12,Greyhound_East,80.47773743
12,Greyhound_East,80.4640274
12,Greyhound_East,80.43283844
12,Greyhound_East,80.40927887
12,Greyhound_East,80.40673065
12,Greyhound_East,80.36627197
12,Greyhound_East,80.25824738
12,Greyhound_East,80.14485931
12,Greyhound_East,80.06587982
12,Greyhound_East,80.00272369
12,Greyhound_East,79.94432831
12,Greyhound_East,79.8994751
12,Greyhound_East,79.85337067
12,Greyhound_East,79.79679871
12,Greyhound_East,79.7289505
12,Greyhound_East,79.63438416
12,Greyhound_East,79.52650452
12,Greyhound_East,79.4272995
12,Greyhound_East,79.31137085
12,Greyhound_East,79.17865753
12,Greyhound_East,79.06070709
12,Greyhound_East,79.02378082
12,Greyhound_East,79.05462646
12,Greyhound_East,79.19413757
12,Greyhound_East,79.36165619
12,Greyhound_East,79.4263916
12,Greyhound_East,79.3456955
12,Greyhound_East,79.16986084
12,Greyhound_East,79.04405212
12,Greyhound_East,78.94069672
12,Greyhound_East,78.84277344
12,Greyhound_East,78.76250458
12,Greyhound_East,78.70562744
12,Greyhound_East,78.69055939
12,Greyhound_East,78.69541931
12,Greyhound_East,78.70993042
12,Greyhound_East,78.7179184
12,Greyhound_East,78.69956207
12,Greyhound_East,78.6865921
12,Greyhound_East,78.67150879
12,Greyhound_East,78.61737823
12,Greyhound_East,78.5311203
12,Greyhound_East,78.47557831
12,Greyhound_East,78.43750763
12,Greyhound_East,78.3881073
12,Greyhound_East,78.3411026
12,Greyhound_East,78.29177094
12,Greyhound_East,78.21472931
12,Greyhound_East,78.14205933
12,Greyhound_East,78.08696747
12,Greyhound_East,78.04141235
12,Greyhound_East,77.97091675
12,Greyhound_East,77.88925171
12,Greyhound_East,77.82204437
12,Greyhound_East,77.77725983
12,Greyhound_East,77.73641968
12,Greyhound_East,77.66110229
12,Greyhound_East,77.57105255
12,Greyhound_East,77.51834106
12,Greyhound_East,77.4883194
12,Greyhound_East,77.45046234
12,Greyhound_East,77.4178009
12,Greyhound_East,77.34880066
12,Greyhound_East,77.29625702
12,Greyhound_East,77.24782562
12,Greyhound_East,77.20970917
12,Greyhound_East,77.19271851
12,Greyhound_East,77.15924072
12,Greyhound_East,77.0896759
12,Greyhound_East,77.008255
12,Greyhound_East,76.94205475
12,Greyhound_East,76.88681793
12,Greyhound_East,76.82160187
12,Greyhound_East,76.7612915
12,Greyhound_East,76.71412659
12,Greyhound_East,76.71412659
12,Greyhound_East,76.64038086
12,Greyhound_East,76.58477783
12,Greyhound_East,76.51327515
12,Greyhound_East,76.43784332
12,Greyhound_East,76.38609314
12,Greyhound_East,76.31053925
12,Greyhound_East,76.23641968
12,Greyhound_East,76.18530273
12,Greyhound_East,76.13327026
12,Greyhound_East,76.08455658
12,Greyhound_East,75.99617004
12,Greyhound_East,75.86792755
12,Greyhound_East,75.7141037
12,Greyhound_East,75.59047699
12,Greyhound_East,75.49060822
12,Greyhound_East,75.41390228
12,Greyhound_East,75.37772369
12,Greyhound_East,75.37239838
12,Greyhound_East,75.3642807
12,Greyhound_East,75.33660889
12,Greyhound_East,75.30957794
12,Greyhound_East,75.26826477
12,Greyhound_East,75.19071198
12,Greyhound_East,75.07006836
12,Greyhound_East,74.94397736
12,Greyhound_East,74.81938934
12,Greyhound_East,74.69352722
12,Greyhound_East,74.57376862
12,Greyhound_East,74.43484497
12,Greyhound_East,74.26763916
12,Greyhound_East,74.11370087
12,Greyhound_East,74.00960541
12,Greyhound_East,73.90367126
12,Greyhound_East,73.76030731
12,Greyhound_East,73.60266876
12,Greyhound_East,73.41708374
12,Greyhound_East,73.2244339
12,Greyhound_East,73.04972839
12,Greyhound_East,72.83933258
12,Greyhound_East,72.56804657
12,Greyhound_East,72.30304718
12,Greyhound_East,72.06194305
12,Greyhound_East,71.80856323
12,Greyhound_East,71.49073792
12,Greyhound_East,71.08864594
12,Greyhound_East,70.61602783
12,Greyhound_East,70.25183868
12,Greyhound_East,69.99930573
12,Greyhound_East,69.86208344
12,Greyhound_East,69.76268768
12,Greyhound_East,69.69612122
12,Greyhound_East,69.66065979
12,Greyhound_East,69.66687012
12,Greyhound_East,69.67424774
12,Greyhound_East,69.68252563
12,Greyhound_East,69.68920135
12,Greyhound_East,69.69257355
12,Greyhound_East,69.69272614
12,Greyhound_East,69.70764923
12,Greyhound_East,69.70147705
12,Greyhound_East,69.69441223
12,Greyhound_East,69.69526672
12,Greyhound_East,69.68967438
12,Greyhound_East,69.69076538
12,Greyhound_East,69.6811676
12,Greyhound_East,69.66217041
12,Greyhound_East,69.66335297
12,Greyhound_East,69.67457581
12,Greyhound_East,69.6815033
12,Greyhound_East,69.68824005
12,Greyhound_East,69.68595123
12,Greyhound_East,69.67945862
12,Greyhound_East,69.66213989
12,Greyhound_East,69.6688385
12,Greyhound_East,69.66365814
12,Greyhound_East,69.66888428
12,Greyhound_East,69.65608978
12,Greyhound_East,69.64406586
12,Greyhound_East,69.64334869
12,Greyhound_East,69.62507629
12,Greyhound_East,69.61170959
12,Greyhound_East,69.61235809
12,Greyhound_East,69.60101318
12,Greyhound_East,69.59476471
12,Greyhound_East,69.61842346
12,Greyhound_East,69.62962341
12,Greyhound_East,69.61094666
12,Greyhound_East,69.56726837
12,Greyhound_East,69.51437378
12,Greyhound_East,69.4832077
12,Greyhound_East,69.46220398
12,Greyhound_East,69.43987274
12,Greyhound_East,69.42129517
12,Greyhound_East,69.41027832
12,Greyhound_East,69.38218689
12,Greyhound_East,69.28276062
12,Greyhound_East,69.18897247
12,Greyhound_East,69.15946198
12,Greyhound_East,69.14448547
12,Greyhound_East,69.08881378
12,Greyhound_East,69.01799011
12,Greyhound_East,68.98339844
12,Greyhound_East,68.9621048
12,Greyhound_East,68.94618988
12,Greyhound_East,68.96943665
12,Greyhound_East,68.98680115
12,Greyhound_East,68.98591614
12,Greyhound_East,68.98110199
12,Greyhound_East,69.00373077
12,Greyhound_East,69.03878784
12,Greyhound_East,69.0773468
12,Greyhound_East,69.09359741
12,Greyhound_East,69.1008606
12,Greyhound_East,69.1200943
12,Greyhound_East,69.13484192
12,Greyhound_East,69.12501526
12,Greyhound_East,69.10916901
12,Greyhound_East,69.05653381
12,Greyhound_East,68.99221802
12,Greyhound_East,68.93309021
12,Greyhound_East,68.86483765
12,Greyhound_East,68.77110291
12,Greyhound_East,68.72382355
12,Greyhound_East,68.72851563
12,Greyhound_East,68.74656677
12,Greyhound_East,68.75955963
12,Greyhound_East,68.80519867
12,Greyhound_East,68.87256622
12,Greyhound_East,68.93647766
12,Greyhound_East,68.98731995
12,Greyhound_East,69.05183411
12,Greyhound_East,69.15497589
12,Greyhound_East,69.23571014
12,Greyhound_East,69.27902222
12,Greyhound_East,69.33344269
12,Greyhound_East,69.38780212
12,Greyhound_East,69.42681122
12,Greyhound_East,69.45044708
12,Greyhound_East,69.4703598
12,Greyhound_East,69.48525238
12,Greyhound_East,69.48916626
12,Greyhound_East,69.48253632
12,Greyhound_East,69.47592926
12,Greyhound_East,69.48027039
12,Greyhound_East,69.48954773
12,Greyhound_East,69.50066376
12,Greyhound_East,69.52191925
12,Greyhound_East,69.53062439
12,Greyhound_East,69.4952774
12,Greyhound_East,69.45554352
12,Greyhound_East,69.43016052
12,Greyhound_East,69.40732574
12,Greyhound_East,69.38420105
12,Greyhound_East,69.37870026
12,Greyhound_East,69.34503937
12,Greyhound_East,69.31719971
12,Greyhound_East,69.31516266
12,Greyhound_East,69.28833771
12,Greyhound_East,69.25597382
12,Greyhound_East,69.21392822
12,Greyhound_East,69.18101501
12,Greyhound_East,69.13937378
12,Greyhound_East,69.11251068
12,Greyhound_East,69.10634613
12,Greyhound_East,69.05939484
12,Greyhound_East,68.99771881
12,Greyhound_East,68.95347595
12,Greyhound_East,68.91090393
12,Greyhound_East,68.89492035
12,Greyhound_East,68.87736511
12,Greyhound_East,68.83727264
12,Greyhound_East,68.8121109
12,Greyhound_East,68.77710724
12,Greyhound_East,68.75313568
12,Greyhound_East,68.76490021
12,Greyhound_East,68.77262115
12,Greyhound_East,68.76054382
12,Greyhound_East,68.73551941
12,Greyhound_East,68.71533203
12,Greyhound_East,68.70738983
12,Greyhound_East,68.67964935
12,Greyhound_East,68.63761902
12,Greyhound_East,68.58956909
12,Greyhound_East,68.51999664
12,Greyhound_East,68.49050903
12,Greyhound_East,68.44445038
12,Greyhound_East,68.41840363
12,Greyhound_East,68.37645721
12,Greyhound_East,68.34578705
12,Greyhound_East,68.27762604
12,Greyhound_East,68.17746735
12,Greyhound_East,68.11708069
12,Greyhound_East,68.05966949
12,Greyhound_East,67.98252869
12,Greyhound_East,67.9387207
12,Greyhound_East,67.92905426
12,Greyhound_East,67.90455627
12,Greyhound_East,67.8584137
12,Greyhound_East,67.80368042
12,Greyhound_East,67.76485443
12,Greyhound_East,67.74787903
12,Greyhound_East,67.74973297
12,Greyhound_East,67.74688721
12,Greyhound_East,67.75336456
12,Greyhound_East,67.78362274
12,Greyhound_East,67.80883789
12,Greyhound_East,67.80300903
12,Greyhound_East,67.79374695
12,Greyhound_East,67.76767731
12,Greyhound_East,67.73516846
12,Greyhound_East,67.71762848
12,Greyhound_East,67.71479797
12,Greyhound_East,67.68698883
12,Greyhound_East,67.64250946
12,Greyhound_East,67.59984589
12,Greyhound_East,67.55370331
12,Greyhound_East,67.48623657
12,Greyhound_East,67.39632416
12,Greyhound_East,67.32442474
12,Greyhound_East,67.27313232
12,Greyhound_East,67.19316864
12,Greyhound_East,67.12940979
12,Greyhound_East,67.07249451
12,Greyhound_East,67.0055542
12,Greyhound_East,66.95641327
12,Greyhound_East,66.95296478
12,Greyhound_East,66.94585419
12,Greyhound_East,66.92707825
12,Greyhound_East,66.91768646
12,Greyhound_East,66.90122986
12,Greyhound_East,66.8553009
12,Greyhound_East,66.76682281
12,Greyhound_East,66.68667603
12,Greyhound_East,66.5970459
12,Greyhound_East,66.50944519
12,Greyhound_East,66.3993454
12,Greyhound_East,66.20530701
12,Greyhound_East,66.00016022
12,Greyhound_East,65.86120605
12,Greyhound_East,65.75545502
12,Greyhound_East,65.67487335
12,Greyhound_East,65.62878418
12,Greyhound_East,65.62363434
12,Greyhound_East,65.62372589
12,Greyhound_East,65.61891174
12,Greyhound_East,65.58447266
12,Greyhound_East,65.55688477
12,Greyhound_East,65.63508606
12,Greyhound_East,65.73586273
12,Greyhound_East,65.82437897
12,Greyhound_East,65.89395142
12,Greyhound_East,65.95039368
12,Greyhound_East,66.00384521
12,Greyhound_East,66.02377319
12,Greyhound_East,66.06291199
12,Greyhound_East,66.06291199
12,Greyhound_East,66.13278961
12,Greyhound_East,66.20148468
12,Greyhound_East,66.29586029
12,Greyhound_East,66.36751556
12,Greyhound_East,66.46365356
12,Greyhound_East,66.58401489
12,Greyhound_East,66.7230835
12,Greyhound_East,66.81471252
12,Greyhound_East,66.86168671
12,Greyhound_East,66.92893982
12,Greyhound_East,67.01875305
12,Greyhound_East,67.09886169
12,Greyhound_East,67.19319153
12,Greyhound_East,67.29073334
12,Greyhound_East,67.37973785
12,Greyhound_East,67.44496918
12,Greyhound_East,67.51525116
12,Greyhound_East,67.59702301
12,Greyhound_East,67.65350342
12,Greyhound_East,67.75427246
12,Greyhound_East,67.83987427
12,Greyhound_East,67.87688446
12,Greyhound_East,67.91467285
12,Greyhound_East,67.94274139
12,Greyhound_East,67.99237823
12,Greyhound_East,68.00244904
12,Greyhound_East,68.04558563
12,Greyhound_East,68.08789063
12,Greyhound_East,68.11326599
12,Greyhound_East,68.13180542
12,Greyhound_East,68.19202423
12,Greyhound_East,68.23844147
12,Greyhound_East,68.25318146
12,Greyhound_East,68.28037262
12,Greyhound_East,68.33330536
12,Greyhound_East,68.39057922
12,Greyhound_East,68.44714355
12,Greyhound_East,68.48210907
12,Greyhound_East,68.49676514
12,Greyhound_East,68.51673126
12,Greyhound_East,68.55247498
12,Greyhound_East,68.5883255
12,Greyhound_East,68.61836243
12,Greyhound_East,68.66683197
12,Greyhound_East,68.73220062
12,Greyhound_East,68.78572845
12,Greyhound_East,68.81346893
12,Greyhound_East,68.82453156
12,Greyhound_East,68.86985016
12,Greyhound_East,68.91973877
12,Greyhound_East,68.92950439
12,Greyhound_East,68.93508911
12,Greyhound_East,68.94735718
12,Greyhound_East,68.97288513
12,Greyhound_East,69.03061676
12,Greyhound_East,69.08428192
12,Greyhound_East,69.11682892
12,Greyhound_East,69.13445282
12,Greyhound_East,69.16093445
12,Greyhound_East,69.19894409
12,Greyhound_East,69.23628235
12,Greyhound_East,69.27215576
12,Greyhound_East,69.30814362
12,Greyhound_East,69.34454346
12,Greyhound_East,69.38332367
12,Greyhound_East,69.41127014
12,Greyhound_East,69.41854095
12,Greyhound_East,69.4341507
12,Greyhound_East,69.43881989
12,Greyhound_East,69.43884277
12,Greyhound_East,69.42657471
12,Greyhound_East,69.4233551
12,Greyhound_East,69.43489838
12,Greyhound_East,69.43657684
12,Greyhound_East,69.4506073
12,Greyhound_East,69.45504761
12,Greyhound_East,69.47072601
12,Greyhound_East,69.47576904
12,Greyhound_East,69.4909668
12,Greyhound_East,69.49497223
12,Greyhound_East,69.50714874
12,Greyhound_East,69.47652435
12,Greyhound_East,69.44559479
12,Greyhound_East,69.43235016
12,Greyhound_East,69.43533325
12,Greyhound_East,69.43327332
12,Greyhound_East,69.42401886
12,Greyhound_East,69.40372467
12,Greyhound_East,69.37294769
12,Greyhound_East,69.30808258
12,Greyhound_East,69.24417877
12,Greyhound_East,69.20658875
12,Greyhound_East,69.18973541
12,Greyhound_East,69.15245056
12,Greyhound_East,69.09985352
12,Greyhound_East,69.03766632
12,Greyhound_East,68.93182373
12,Greyhound_East,68.80648041
12,Greyhound_East,68.6991806
12,Greyhound_East,68.62598419
12,Greyhound_East,68.58625031
12,Greyhound_East,68.51511383
12,Greyhound_East,68.45581818
12,Greyhound_East,68.3931427
12,Greyhound_East,68.3377533
12,Greyhound_East,68.24100494
12,Greyhound_East,68.12783051
12,Greyhound_East,68.02085876
12,Greyhound_East,67.96379089
12,Greyhound_East,67.91262054
12,Greyhound_East,67.87259674
12,Greyhound_East,67.82976532
12,Greyhound_East,67.81752014
12,Greyhound_East,67.81484985
12,Greyhound_East,67.80162048
12,Greyhound_East,67.76655579
12,Greyhound_East,67.72447205
12,Greyhound_East,67.66843414
12,Greyhound_East,67.621315
12,Greyhound_East,67.568573
12,Greyhound_East,67.46342468
12,Greyhound_East,67.3313446
12,Greyhound_East,67.19690704
12,Greyhound_East,67.06234741
12,Greyhound_East,66.93763733
12,Greyhound_East,66.80700684
12,Greyhound_East,66.66287231
12,Greyhound_East,66.51647186
12,Greyhound_East,66.36859131
12,Greyhound_East,66.25398254
12,Greyhound_East,66.17012787
12,Greyhound_East,66.04614258
12,Greyhound_East,65.91386414
12,Greyhound_East,65.78083038
12,Greyhound_East,65.65126038
12,Greyhound_East,65.51947784
12,Greyhound_East,65.41101837
12,Greyhound_East,65.36753845
12,Greyhound_East,65.33971405
12,Greyhound_East,65.2552948
12,Greyhound_East,65.16889191
12,Greyhound_East,65.1079483
12,Greyhound_East,65.03065491
12,Greyhound_East,64.92640686
12,Greyhound_East,64.83345795
12,Greyhound_East,64.80162048
12,Greyhound_East,64.78401947
12,Greyhound_East,64.6962204
12,Greyhound_East,64.57894897
12,Greyhound_East,64.45943451
12,Greyhound_East,64.33522034
12,Greyhound_East,64.19742584
12,Greyhound_East,64.05480194
12,Greyhound_East,63.91217804
12,Greyhound_East,63.75965881
12,Greyhound_East,63.59415054
12,Greyhound_East,63.46804428
12,Greyhound_East,63.32382202
12,Greyhound_East,63.20486832
12,Greyhound_East,63.0784874
12,Greyhound_East,62.93278503
12,Greyhound_East,62.7964592
12,Greyhound_East,62.66209412
12,Greyhound_East,62.51166153
12,Greyhound_East,62.34397507
12,Greyhound_East,62.18637085
12,Greyhound_East,62.05302811
12,Greyhound_East,61.9653244
12,Greyhound_East,61.93597412
12,Greyhound_East,61.95431519
12,Greyhound_East,61.88817215
12,Greyhound_East,61.77168274
12,Greyhound_East,61.68244553
12,Greyhound_East,61.60919571
12,Greyhound_East,61.57279587
12,Greyhound_East,61.52535629
12,Greyhound_East,61.47458267
12,Greyhound_East,61.45259857
12,Greyhound_East,61.43408966
12,Greyhound_East,61.43579483
12,Greyhound_East,61.4434433
12,Greyhound_East,61.43083954
12,Greyhound_East,61.36756134
12,Greyhound_East,61.2859726
12,Greyhound_East,61.20601273
12,Greyhound_East,61.10128403
12,Greyhound_East,60.99899292
12,Greyhound_East,60.88479996
12,Greyhound_East,60.75740814
12,Greyhound_East,60.60954666
12,Greyhound_East,60.46341705
12,Greyhound_East,60.38513565
12,Greyhound_East,60.2804985
12,Greyhound_East,60.19130325
12,Greyhound_East,60.12168121
12,Greyhound_East,60.06270599
12,Greyhound_East,59.99385452
12,Greyhound_East,59.86909866
12,Greyhound_East,59.75315857
12,Greyhound_East,59.64377213
12,Greyhound_East,59.56622314
12,Greyhound_East,59.51069641
12,Greyhound_East,59.45594025
12,Greyhound_East,59.38910294
12,Greyhound_East,59.35781479
12,Greyhound_East,59.30461121
12,Greyhound_East,59.22014236
12,Greyhound_East,59.13302231
12,Greyhound_East,59.0425148
12,Greyhound_East,58.93081665
12,Greyhound_East,58.85003662
12,Greyhound_East,58.7634964
12,Greyhound_East,58.6659317
12,Greyhound_East,58.56892395
12,Greyhound_East,58.45856094
12,Greyhound_East,58.33572006
12,Greyhound_East,58.22869873
12,Greyhound_East,58.12162018
12,Greyhound_East,57.99004364
12,Greyhound_East,57.84690475
12,Greyhound_East,57.70296478
12,Greyhound_East,57.44551086
12,Greyhound_East,57.11642075
12,Greyhound_East,56.79583359
12,Greyhound_East,56.46319962
12,Greyhound_East,56.16786575
12,Greyhound_East,55.87798691
12,Greyhound_East,55.57508087
12,Greyhound_East,55.25278473
12,Greyhound_East,54.94184494
12,Greyhound_East,54.66085052
12,Greyhound_East,54.43377686
12,Greyhound_East,54.23537827
12,Greyhound_East,54.03334427
12,Greyhound_East,53.82972717
12,Greyhound_East,53.61949158
12,Greyhound_East,53.42840576
12,Greyhound_East,53.25040817
12,Greyhound_East,53.07536316
12,Greyhound_East,52.9044838
12,Greyhound_East,52.7399826
12,Greyhound_East,52.57512283
12,Greyhound_East,52.41096497
12,Greyhound_East,52.24441528
12,Greyhound_East,52.07379913
12,Greyhound_East,51.90781021
12,Greyhound_East,51.72335052
12,Greyhound_East,51.44556046
12,Greyhound_East,51.07468414
12,Greyhound_East,50.68548203
12,Greyhound_East,50.24800873
12,Greyhound_East,49.75838089
12,Greyhound_East,49.28688049
12,Greyhound_East,48.85868835
12,Greyhound_East,48.52290344
12,Greyhound_East,48.52290344
12,Greyhound_East,48.29105759
12,Greyhound_East,48.07225418
12,Greyhound_East,47.88385391
12,Greyhound_East,47.69724655
12,Greyhound_East,47.52941132
12,Greyhound_East,47.36452484
12,Greyhound_East,47.18404388
12,Greyhound_East,46.99419022
12,Greyhound_East,46.80422211
12,Greyhound_East,46.60888672
12,Greyhound_East,46.42515945
12,Greyhound_East,46.21817017
12,Greyhound_East,46.00531769
12,Greyhound_East,45.79643631
12,Greyhound_East,45.56846619
12,Greyhound_East,45.2553215
12,Greyhound_East,44.84767914
12,Greyhound_East,44.39343643
12,Greyhound_East,43.94802094
12,Greyhound_East,43.52602768
12,Greyhound_East,43.10369492
12,Greyhound_East,42.66578293
12,Greyhound_East,42.17353821
12,Greyhound_East,41.64488983
12,Greyhound_East,41.12353134
12,Greyhound_East,40.59144592
12,Greyhound_East,40.04124832
12,Greyhound_East,39.52777481
12,Greyhound_East,39.0665741
12,Greyhound_East,38.60419846
12,Greyhound_East,38.14773178
12,Greyhound_East,37.70910263
12,Greyhound_East,37.29913712
12,Greyhound_East,36.8872261
12,Greyhound_East,36.47008896
12,Greyhound_East,36.05502701
12,Greyhound_East,35.75819397
12,Greyhound_East,35.53834915
12,Greyhound_East,35.34197998
12,Greyhound_East,35.19181061
12,Greyhound_East,35.10480118
12,Greyhound_East,35.02927399
12,Greyhound_East,34.97802734
12,Greyhound_East,34.96303558
12,Greyhound_East,34.93531799
12,Greyhound_East,34.9159317
12,Greyhound_East,34.8962059
12,Greyhound_East,34.88630295
12,Greyhound_East,34.82175064
12,Greyhound_East,34.34840012
12,Greyhound_East,33.8891716
12,Greyhound_East,33.47451019
12,Greyhound_East,33.12827682
12,Greyhound_East,32.83584976
12,Greyhound_East,32.56146622
12,Greyhound_East,32.28741455
12,Greyhound_East,32.01831436
12,Greyhound_East,31.74145508
12,Greyhound_East,31.4774189
12,Greyhound_East,31.22013855
12,Greyhound_East,30.96499062
12,Greyhound_East,30.73366928
12,Greyhound_East,30.39329529
12,Greyhound_East,29.84581947
12,Greyhound_East,29.08667755
12,Greyhound_East,28.14860535
12,Greyhound_East,27.33323288
12,Greyhound_East,26.69967651
12,Greyhound_East,26.18309212
12,Greyhound_East,25.68893814
12,Greyhound_East,25.21141243
12,Greyhound_East,24.71656418
12,Greyhound_East,24.16862297
12,Greyhound_East,23.5273056
12,Greyhound_East,22.83028603
12,Greyhound_East,22.123909
12,Greyhound_East,21.4553566
12,Greyhound_East,20.84753036
12,Greyhound_East,20.29060745
12,Greyhound_East,19.73690796
12,Greyhound_East,19.1928215
12,Greyhound_East,18.66097641
12,Greyhound_East,18.09798813
12,Greyhound_East,17.3317318
12,Greyhound_East,16.42741585
12,Greyhound_East,15.5252924
12,Greyhound_East,14.94216347
12,Greyhound_East,14.54663181
12,Greyhound_East,14.24613476
12,Greyhound_East,13.95229053
12,Greyhound_East,13.65249729
12,Greyhound_East,13.3438921
12,Greyhound_East,13.04735661
12,Greyhound_East,12.76619148
12,Greyhound_East,12.47488403
12,Greyhound_East,12.17381191
12,Greyhound_East,11.87328148
12,Greyhound_East,11.57185459
12,Greyhound_East,11.26772213
12,Greyhound_East,10.96517372
12,Greyhound_East,10.66203308
12,Greyhound_East,10.36507416
12,Greyhound_East,10.08221149
12,Greyhound_East,9.789870262
12,Greyhound_East,9.485880852
12,Greyhound_East,9.200024605
12,Greyhound_East,8.978238106
12,Greyhound_East,8.803071022
12,Greyhound_East,8.656579971
12,Greyhound_East,8.517303467
12,Greyhound_East,8.376344681
12,Greyhound_East,8.235469818
12,Greyhound_East,8.104132652
12,Greyhound_East,7.983701229
12,Greyhound_East,7.854507446
12,Greyhound_East,7.722383022
12,Greyhound_East,7.613217354
12,Greyhound_East,7.520560265
12,Greyhound_East,7.415358067
12,Greyhound_East,7.290287495
12,Greyhound_East,7.184039116
12,Greyhound_East,7.098501205
12,Greyhound_East,7.014856339
12,Greyhound_East,6.932453156
12,Greyhound_East,6.842691898
12,Greyhound_East,6.727003574
12,Greyhound_East,6.612675667
12,Greyhound_East,6.506346703
12,Greyhound_East,6.421847343
12,Greyhound_East,6.320600986
12,Greyhound_East,6.207581043
12,Greyhound_East,6.091316223
12,Greyhound_East,5.981027126
12,Greyhound_East,5.872994423
12,Greyhound_East,5.74587059
12,Greyhound_East,5.633015633
12,Greyhound_East,5.531974792
12,Greyhound_East,5.424797535
12,Greyhound_East,5.335472107
12,Greyhound_East,5.26615572
12,Greyhound_East,5.191684723
12,Greyhound_East,5.110451221
12,Greyhound_East,5.005619049
12,Greyhound_East,4.923639774
12,Greyhound_East,4.834959507
12,Greyhound_East,4.785708904
12,Greyhound_East,4.729876995
12,Greyhound_East,4.664857388
12,Greyhound_East,4.593032837
12,Greyhound_East,4.540969372
12,Greyhound_East,4.506931782
12,Greyhound_East,4.469039917
12,Greyhound_East,4.431084633
12,Greyhound_East,4.392131805
12,Greyhound_East,4.339642048
12,Greyhound_East,4.277629852
12,Greyhound_East,4.252309799
12,Greyhound_East,4.25047636
12,Greyhound_East,4.233623028
12,Greyhound_East,4.245716572
12,Greyhound_East,4.238957882
12,Greyhound_East,4.163142681
12,Greyhound_East,4.113973141
12,Greyhound_East,4.067467213
12,Greyhound_East,4.055784702
12,Greyhound_East,4.077247143
12,Greyhound_East,4.107456207
12,Greyhound_East,4.079155922
12,Greyhound_East,4.045889854
12,Greyhound_East,4.021213055
12,Greyhound_East,4.012950897
12,Greyhound_East,3.993248701
12,Greyhound_East,4.007496834
12,Greyhound_East,4.039345264
12,Greyhound_East,4.087031841
12,Greyhound_East,4.131792068
12,Greyhound_East,4.138955116
12,Greyhound_East,4.115969181
12,Greyhound_East,4.10421133
12,Greyhound_East,4.103876591
12,Greyhound_East,4.111805916
12,Greyhound_East,4.110933304
12,Greyhound_East,4.101492405
12,Greyhound_East,4.083190441
12,Greyhound_East,4.079744339
12,Greyhound_East,4.083469391
12,Greyhound_East,4.073843002
12,Greyhound_East,4.073968887
12,Greyhound_East,4.096283436
12,Greyhound_East,4.117313862
12,Greyhound_East,4.096438408
12,Greyhound_East,4.089862347
12,Greyhound_East,4.103045464
12,Greyhound_East,4.129099369
12,Greyhound_East,4.159296989
12,Greyhound_East,4.189996243
12,Greyhound_East,4.213689327
12,Greyhound_East,4.212646484
12,Greyhound_East,4.209411621
12,Greyhound_East,4.247025967
12,Greyhound_East,4.281321049
12,Greyhound_East,4.32669878
12,Greyhound_East,4.361148834
12,Greyhound_East,4.408659458
12,Greyhound_East,4.483053684
12,Greyhound_East,4.550410271
12,Greyhound_East,4.584591389
12,Greyhound_East,4.590659618
12,Greyhound_East,4.624378204
12,Greyhound_East,4.694800854
12,Greyhound_East,4.741248608
12,Greyhound_East,4.833615303
12,Greyhound_East,4.912244797
12,Greyhound_East,4.967672825
12,Greyhound_East,5.021190166
12,Greyhound_East,5.105512619
12,Greyhound_East,5.193070412
12,Greyhound_East,5.256917
12,Greyhound_East,5.3175354
12,Greyhound_East,5.406754017
12,Greyhound_East,5.492153168
12,Greyhound_East,5.551774025
12,Greyhound_East,5.595545292
12,Greyhound_East,5.661466122
12,Greyhound_East,5.745126247
12,Greyhound_East,5.809794426
12,Greyhound_East,5.868239403
12,Greyhound_East,5.950978756
12,Greyhound_East,6.037754059
12,Greyhound_East,6.117070198
12,Greyhound_East,6.193239212
12,Greyhound_East,6.245837212
12,Greyhound_East,6.305242538
12,Greyhound_East,6.294771671
12,Greyhound_East,6.289465427
12,Greyhound_East,6.283614159
12,Greyhound_East,6.269302368
12,Greyhound_East,6.255343914
12,Greyhound_East,6.234755039
12,Greyhound_East,6.224282742
12,Greyhound_East,6.196743488
12,Greyhound_East,6.150072575
12,Greyhound_East,6.129734993
12,Greyhound_East,6.110703945
12,Greyhound_East,6.058917046
12,Greyhound_East,6.008061886
12,Greyhound_East,5.976900101
12,Greyhound_East,5.948091984
12,Greyhound_East,5.912312508
12,Greyhound_East,5.907093525
12,Greyhound_East,5.90336132
12,Greyhound_East,5.893507957
12,Greyhound_East,5.888418674
12,Greyhound_East,5.877120495
12,Greyhound_East,5.863290787
