12,Broadway_West,9.137060165
12,Broadway_West,9.15550518
12,Broadway_West,9.168611526
12,Broadway_West,9.182405472
12,Broadway_West,9.194061279
12,Broadway_West,9.149737358
12,Broadway_West,9.094182014
12,Broadway_West,9.036753654
12,Broadway_West,9.002986908
12,Broadway_West,9.011077881
12,Broadway_West,9.044709206
12,Broadway_West,9.095901489
12,Broadway_West,9.139533043
12,Broadway_West,9.17756176
12,Broadway_West,9.206760406
12,Broadway_West,9.218283653
12,Broadway_West,9.204549789
12,Broadway_West,9.186095238
12,Broadway_West,9.178387642
12,Broadway_West,9.166786194
12,Broadway_West,9.150034904
12,Broadway_West,9.134272575
12,Broadway_West,9.137711525
12,Broadway_West,9.161385536
12,Broadway_West,9.179286003
12,Broadway_West,9.17825985
12,Broadway_West,9.142982483
12,Broadway_West,9.106699944
12,Broadway_West,9.072717667
12,Broadway_West,9.054433823
12,Broadway_West,9.046399117
12,Broadway_West,9.036740303
12,Broadway_West,9.019971848
12,Broadway_West,8.989794731
12,Broadway_West,8.971133232
12,Broadway_West,8.961797714
12,Broadway_West,8.962708473
12,Broadway_West,8.964728355
12,Broadway_West,9.002867699
12,Broadway_West,9.103214264
12,Broadway_West,9.6048069
12,Broadway_West,9.995409966
12,Broadway_West,10.28408146
12,Broadway_West,10.59848309
12,Broadway_West,11.17283344
12,Broadway_West,11.71877384
12,Broadway_West,12.14843369
12,Broadway_West,12.45142841
12,Broadway_West,12.62943268
12,Broadway_West,12.70975971
12,Broadway_West,12.7569313
12,Broadway_West,12.83107281
12,Broadway_West,12.97066498
12,Broadway_West,13.24725342
12,Broadway_West,13.70081806
12,Broadway_West,14.34815598
12,Broadway_West,15.07966995
12,Broadway_West,15.12872028
12,Broadway_West,15.01616001
12,Broadway_West,14.86954975
12,Broadway_West,14.68468094
12,Broadway_West,14.57356262
12,Broadway_West,14.71792507
12,Broadway_West,14.82047749
12,Broadway_West,14.86644363
12,Broadway_West,14.87739468
12,Broadway_West,14.85575199
12,Broadway_West,14.80098057
12,Broadway_West,14.70235825
12,Broadway_West,14.62665367
12,Broadway_West,14.58501816
12,Broadway_West,14.53394985
12,Broadway_West,14.46821976
12,Broadway_West,14.38352394
12,Broadway_West,14.28129387
12,Broadway_West,14.16023159
12,Broadway_West,14.01106644
12,Broadway_West,13.87806129
12,Broadway_West,13.75846386
12,Broadway_West,13.79211235
12,Broadway_West,13.79597378
12,Broadway_West,13.78285503
12,Broadway_West,13.76586723
12,Broadway_West,13.72393703
12,Broadway_West,13.65979767
12,Broadway_West,13.57601738
12,Broadway_West,13.4844656
12,Broadway_West,13.41892147
12,Broadway_West,13.40752316
12,Broadway_West,13.50919724
12,Broadway_West,13.63833141
12,Broadway_West,13.81814861
12,Broadway_West,14.03304768
12,Broadway_West,14.31363678
12,Broadway_West,14.64818954
12,Broadway_West,14.74243164
12,Broadway_West,14.39534569
12,Broadway_West,14.09382248
12,Broadway_West,13.86227798
12,Broadway_West,13.67685223
12,Broadway_West,13.54111385
12,Broadway_West,13.43288994
12,Broadway_West,13.36892796
12,Broadway_West,13.34063625
12,Broadway_West,13.29057407
12,Broadway_West,13.20089245
12,Broadway_West,13.07852173
12,Broadway_West,12.92166042
12,Broadway_West,12.76013184
12,Broadway_West,12.57041073
12,Broadway_West,12.35002422
12,Broadway_West,12.20490646
12,Broadway_West,12.07766724
12,Broadway_West,11.97388554
12,Broadway_West,11.9038372
12,Broadway_West,11.80058002
12,Broadway_West,11.64642811
12,Broadway_West,11.43924999
12,Broadway_West,11.25876808
12,Broadway_West,11.10806561
12,Broadway_West,10.96442223
12,Broadway_West,10.82007885
12,Broadway_West,10.68748569
12,Broadway_West,10.57092857
12,Broadway_West,10.47140884
12,Broadway_West,10.40553856
12,Broadway_West,10.38231087
12,Broadway_West,10.38000011
12,Broadway_West,10.40196228
12,Broadway_West,10.45162773
12,Broadway_West,10.49085331
12,Broadway_West,10.56242943
12,Broadway_West,10.67665005
12,Broadway_West,10.84580517
12,Broadway_West,11.01729012
12,Broadway_West,11.171031
12,Broadway_West,11.25523567
12,Broadway_West,11.36026669
12,Broadway_West,11.48034954
12,Broadway_West,11.70388699
12,Broadway_West,11.96564674
12,Broadway_West,12.27807426
12,Broadway_West,12.55349636
12,Broadway_West,12.80708599
12,Broadway_West,13.01089573
12,Broadway_West,13.20940781
12,Broadway_West,13.40211487
12,Broadway_West,13.57971573
12,Broadway_West,13.74712467
12,Broadway_West,13.90658951
12,Broadway_West,14.01775455
12,Broadway_West,14.10991764
12,Broadway_West,14.17787933
12,Broadway_West,14.24753284
12,Broadway_West,14.29129505
12,Broadway_West,14.26359749
12,Broadway_West,14.25708008
12,Broadway_West,14.28458786
12,Broadway_West,14.30972481
12,Broadway_West,14.32347584
12,Broadway_West,14.33805084
12,Broadway_West,14.34585571
12,Broadway_West,14.35136414
12,Broadway_West,14.36847401
12,Broadway_West,14.39827824
12,Broadway_West,14.41281033
12,Broadway_West,14.40606594
12,Broadway_West,14.38819122
12,Broadway_West,14.34931755
12,Broadway_West,14.29615116
12,Broadway_West,14.24111366
12,Broadway_West,14.18801308
12,Broadway_West,14.15893841
12,Broadway_West,14.13523865
12,Broadway_West,14.1109581
12,Broadway_West,14.06362152
12,Broadway_West,14.01275444
12,Broadway_West,13.96241474
12,Broadway_West,13.93701172
12,Broadway_West,13.92748165
12,Broadway_West,13.90267277
12,Broadway_West,14.15544987
12,Broadway_West,14.48335838
12,Broadway_West,14.86432076
12,Broadway_West,15.46777821
12,Broadway_West,16.43114281
12,Broadway_West,17.43523216
12,Broadway_West,18.24199486
12,Broadway_West,18.8256855
12,Broadway_West,19.36292648
12,Broadway_West,19.92204285
12,Broadway_West,20.49581337
12,Broadway_West,21.09497833
12,Broadway_West,21.74800301
12,Broadway_West,22.4554615
12,Broadway_West,23.1805687
12,Broadway_West,23.87758064
12,Broadway_West,24.50950241
12,Broadway_West,25.08290291
12,Broadway_West,25.63888359
12,Broadway_West,26.19863701
12,Broadway_West,26.78800774
12,Broadway_West,27.50628662
12,Broadway_West,28.41933441
12,Broadway_West,29.4238205
12,Broadway_West,30.14085579
12,Broadway_West,30.57629013
12,Broadway_West,30.857584
12,Broadway_West,31.11727905
12,Broadway_West,31.38255501
12,Broadway_West,31.64873695
12,Broadway_West,31.92743492
12,Broadway_West,32.22101593
12,Broadway_West,32.5110817
12,Broadway_West,32.80063248
12,Broadway_West,33.11468124
12,Broadway_West,33.48031616
12,Broadway_West,33.90881729
12,Broadway_West,34.36804199
12,Broadway_West,34.85173035
12,Broadway_West,34.91701126
12,Broadway_West,34.94949341
12,Broadway_West,34.98676682
12,Broadway_West,35.01947784
12,Broadway_West,35.0507431
12,Broadway_West,35.11697769
12,Broadway_West,35.2026825
12,Broadway_West,35.37535858
12,Broadway_West,35.59277725
12,Broadway_West,35.8393631
12,Broadway_West,36.20139313
12,Broadway_West,36.65071487
12,Broadway_West,37.07580185
12,Broadway_West,37.51954269
12,Broadway_West,37.96763992
12,Broadway_West,38.44276047
12,Broadway_West,38.93722534
12,Broadway_West,39.42622375
12,Broadway_West,39.95569611
12,Broadway_West,40.53746414
12,Broadway_West,41.10484695
12,Broadway_West,41.65850449
12,Broadway_West,42.21822357
12,Broadway_West,42.73239136
12,Broadway_West,43.19279861
12,Broadway_West,43.64064026
12,Broadway_West,44.0892868
12,Broadway_West,44.57155228
12,Broadway_West,45.05197525
12,Broadway_West,45.4304924
12,Broadway_West,45.70344925
12,Broadway_West,45.92953491
12,Broadway_West,46.15531158
12,Broadway_West,46.37745285
12,Broadway_West,46.57574844
12,Broadway_West,46.78142166
12,Broadway_West,46.78142166
12,Broadway_West,47.05009842
12,Broadway_West,47.30967331
12,Broadway_West,47.54358673
12,Broadway_West,47.79053116
12,Broadway_West,48.05274582
12,Broadway_West,48.35721588
12,Broadway_West,48.70517349
12,Broadway_West,49.19180298
12,Broadway_West,49.75126266
12,Broadway_West,50.33412552
12,Broadway_West,50.83864975
12,Broadway_West,51.29532242
12,Broadway_West,51.66867065
12,Broadway_West,51.90528488
12,Broadway_West,52.10403824
12,Broadway_West,52.30264664
12,Broadway_West,52.5041275
12,Broadway_West,52.6995697
12,Broadway_West,52.89754486
12,Broadway_West,53.10180664
12,Broadway_West,53.3117218
12,Broadway_West,53.53215027
12,Broadway_West,53.77412415
12,Broadway_West,54.02033615
12,Broadway_West,54.26291275
12,Broadway_West,54.50239182
12,Broadway_West,54.80466843
12,Broadway_West,55.17047119
12,Broadway_West,55.5510025
12,Broadway_West,55.91618729
12,Broadway_West,56.26034546
12,Broadway_West,56.63251114
12,Broadway_West,57.02605057
12,Broadway_West,57.41654205
12,Broadway_West,57.72541809
12,Broadway_West,57.88306046
12,Broadway_West,58.06201935
12,Broadway_West,58.19654465
12,Broadway_West,58.32466888
12,Broadway_West,58.47028732
12,Broadway_West,58.5916214
12,Broadway_West,58.71405792
12,Broadway_West,58.82587051
12,Broadway_West,58.92243576
12,Broadway_West,59.05172348
12,Broadway_West,59.15503693
12,Broadway_West,59.26425934
12,Broadway_West,59.34785461
12,Broadway_West,59.38494492
12,Broadway_West,59.46129608
12,Broadway_West,59.5230217
12,Broadway_West,59.60359573
12,Broadway_West,59.64585114
12,Broadway_West,59.5328064
12,Broadway_West,59.39636993
12,Broadway_West,59.52756119
12,Broadway_West,59.63946152
12,Broadway_West,59.77181244
12,Broadway_West,59.90991974
12,Broadway_West,60.03302002
12,Broadway_West,60.10758591
12,Broadway_West,60.18682098
12,Broadway_West,60.29554367
12,Broadway_West,60.41053772
12,Broadway_West,60.53731918
12,Broadway_West,60.71923065
12,Broadway_West,60.87547684
12,Broadway_West,61.01114655
12,Broadway_West,61.13519669
12,Broadway_West,61.24961472
12,Broadway_West,61.34104919
12,Broadway_West,61.42333221
12,Broadway_West,61.4389801
12,Broadway_West,61.42653656
12,Broadway_West,61.44001007
12,Broadway_West,61.46253586
12,Broadway_West,61.51541519
12,Broadway_West,61.57348633
12,Broadway_West,61.62701416
12,Broadway_West,61.72248459
12,Broadway_West,61.85233688
12,Broadway_West,61.95444489
12,Broadway_West,61.93151474
12,Broadway_West,61.97847748
12,Broadway_West,61.98725891
12,Broadway_West,61.96139526
12,Broadway_West,62.03474045
12,Broadway_West,62.12193298
12,Broadway_West,62.21972656
12,Broadway_West,62.37950897
12,Broadway_West,62.54893494
12,Broadway_West,62.7000351
12,Broadway_West,62.95604706
12,Broadway_West,63.39305115
12,Broadway_West,63.75510406
12,Broadway_West,63.97729492
12,Broadway_West,64.13372803
12,Broadway_West,64.23691559
12,Broadway_West,64.32111359
12,Broadway_West,64.42713928
12,Broadway_West,64.49545288
12,Broadway_West,64.52313995
12,Broadway_West,64.55865479
12,Broadway_West,64.61494446
12,Broadway_West,64.71997833
12,Broadway_West,64.78981018
12,Broadway_West,64.76984406
12,Broadway_West,64.74306488
12,Broadway_West,64.66983795
12,Broadway_West,64.63304138
12,Broadway_West,64.66931915
12,Broadway_West,64.70210266
12,Broadway_West,64.70760345
12,Broadway_West,64.71424103
12,Broadway_West,64.74306488
12,Broadway_West,64.8004837
12,Broadway_West,64.83990479
12,Broadway_West,64.86117554
12,Broadway_West,64.93643188
12,Broadway_West,65.04293823
12,Broadway_West,65.17672729
12,Broadway_West,65.39022064
12,Broadway_West,65.58575439
12,Broadway_West,65.80796814
12,Broadway_West,66.05027771
12,Broadway_West,66.3163681
12,Broadway_West,66.6195755
12,Broadway_West,66.86930084
12,Broadway_West,67.07077026
12,Broadway_West,67.26454926
12,Broadway_West,67.45477295
12,Broadway_West,67.55317688
12,Broadway_West,67.57709503
12,Broadway_West,67.61862183
12,Broadway_West,67.71183777
12,Broadway_West,67.82759857
12,Broadway_West,67.94149017
12,Broadway_West,68.03649902
12,Broadway_West,68.12297821
12,Broadway_West,68.23013306
12,Broadway_West,68.30963898
12,Broadway_West,68.42446899
12,Broadway_West,68.54253387
12,Broadway_West,68.62257385
12,Broadway_West,68.6663208
12,Broadway_West,68.66897583
12,Broadway_West,68.64739227
12,Broadway_West,68.6337204
12,Broadway_West,68.63509369
12,Broadway_West,68.60644531
12,Broadway_West,68.62162018
12,Broadway_West,68.70720673
12,Broadway_West,68.84564209
12,Broadway_West,68.98438263
12,Broadway_West,69.08018494
12,Broadway_West,69.14558411
12,Broadway_West,69.18667603
12,Broadway_West,69.21126556
12,Broadway_West,69.26593781
12,Broadway_West,69.34992981
12,Broadway_West,69.39417267
12,Broadway_West,69.41864777
12,Broadway_West,69.43068695
12,Broadway_West,69.43238831
12,Broadway_West,69.43664551
12,Broadway_West,69.47012329
12,Broadway_West,69.50595093
12,Broadway_West,69.49642181
12,Broadway_West,69.48421478
12,Broadway_West,69.4723587
12,Broadway_West,69.45533752
12,Broadway_West,69.45004272
12,Broadway_West,69.43755341
12,Broadway_West,69.42893982
12,Broadway_West,69.42314148
12,Broadway_West,69.43619537
12,Broadway_West,69.43740845
12,Broadway_West,69.42875671
12,Broadway_West,69.41465759
12,Broadway_West,69.3948822
12,Broadway_West,69.34976959
12,Broadway_West,69.3054657
12,Broadway_West,69.26213074
12,Broadway_West,69.21848297
12,Broadway_West,69.17316437
12,Broadway_West,69.13538361
12,Broadway_West,69.11453247
12,Broadway_West,69.07226563
12,Broadway_West,69.00473785
12,Broadway_West,68.94923401
12,Broadway_West,68.93453979
12,Broadway_West,68.92681122
12,Broadway_West,68.90943146
12,Broadway_West,68.84886169
12,Broadway_West,68.81507874
12,Broadway_West,68.79298401
12,Broadway_West,68.73035431
12,Broadway_West,68.65234375
12,Broadway_West,68.60136414
12,Broadway_West,68.56452179
12,Broadway_West,68.51905823
12,Broadway_West,68.49280548
12,Broadway_West,68.47238159
12,Broadway_West,68.42178345
12,Broadway_West,68.35461426
12,Broadway_West,68.28772736
12,Broadway_West,68.25027466
12,Broadway_West,68.22990417
12,Broadway_West,68.16815948
12,Broadway_West,68.11690521
12,Broadway_West,68.09397888
12,Broadway_West,68.0474472
12,Broadway_West,67.99871063
12,Broadway_West,67.9763031
12,Broadway_West,67.92449951
12,Broadway_West,67.88721466
12,Broadway_West,67.84124756
12,Broadway_West,67.73864746
12,Broadway_West,67.63297272
12,Broadway_West,67.55865479
12,Broadway_West,67.46152496
12,Broadway_West,67.38446045
12,Broadway_West,67.27727509
12,Broadway_West,67.15583801
12,Broadway_West,67.05665588
12,Broadway_West,66.95335388
12,Broadway_West,66.86688995
12,Broadway_West,66.80490112
12,Broadway_West,66.67796326
12,Broadway_West,66.52418518
12,Broadway_West,66.39421844
12,Broadway_West,66.31117249
12,Broadway_West,66.20722198
12,Broadway_West,66.12537384
12,Broadway_West,66.05355072
12,Broadway_West,66.02192688
12,Broadway_West,65.95767975
12,Broadway_West,65.88909149
12,Broadway_West,65.79302216
12,Broadway_West,65.67113495
12,Broadway_West,65.56578064
12,Broadway_West,65.60599518
12,Broadway_West,65.63033295
12,Broadway_West,65.62999725
12,Broadway_West,65.63504791
12,Broadway_West,65.68928528
12,Broadway_West,65.80583954
12,Broadway_West,65.95326996
12,Broadway_West,66.19470978
12,Broadway_West,66.43209076
12,Broadway_West,66.54183197
12,Broadway_West,66.65286255
12,Broadway_West,66.75460815
12,Broadway_West,66.86421204
12,Broadway_West,66.91226196
12,Broadway_West,66.91226196
12,Broadway_West,66.92055511
12,Broadway_West,66.93173218
12,Broadway_West,66.95008087
12,Broadway_West,66.95635986
12,Broadway_West,66.96247864
12,Broadway_West,67.00972748
12,Broadway_West,67.06915283
12,Broadway_West,67.1231842
12,Broadway_West,67.17713928
12,Broadway_West,67.26095581
12,Broadway_West,67.31165314
12,Broadway_West,67.36083221
12,Broadway_West,67.44891357
12,Broadway_West,67.52072906
12,Broadway_West,67.57639313
12,Broadway_West,67.61856842
12,Broadway_West,67.65827179
12,Broadway_West,67.69909668
12,Broadway_West,67.71844482
12,Broadway_West,67.71925354
12,Broadway_West,67.73787689
12,Broadway_West,67.76809692
12,Broadway_West,67.7933197
12,Broadway_West,67.80246735
12,Broadway_West,67.81154633
12,Broadway_West,67.79394531
12,Broadway_West,67.76556396
12,Broadway_West,67.74934387
12,Broadway_West,67.75132751
12,Broadway_West,67.75305176
12,Broadway_West,67.75330353
12,Broadway_West,67.77520752
12,Broadway_West,67.81663513
12,Broadway_West,67.86878967
12,Broadway_West,67.90917206
12,Broadway_West,67.93197632
12,Broadway_West,67.94083405
12,Broadway_West,67.97705841
12,Broadway_West,68.04441071
12,Broadway_West,68.10525513
12,Broadway_West,68.15249634
12,Broadway_West,68.23491669
12,Broadway_West,68.31744385
12,Broadway_West,68.36078644
12,Broadway_West,68.39654541
12,Broadway_West,68.42623138
12,Broadway_West,68.45522308
12,Broadway_West,68.49594116
12,Broadway_West,68.52606201
12,Broadway_West,68.59342194
12,Broadway_West,68.63703156
12,Broadway_West,68.67630768
12,Broadway_West,68.70568085
12,Broadway_West,68.71367645
12,Broadway_West,68.72891235
12,Broadway_West,68.75154114
12,Broadway_West,68.77386475
12,Broadway_West,68.76906586
12,Broadway_West,68.75750732
12,Broadway_West,68.75884247
12,Broadway_West,68.78568268
12,Broadway_West,68.81570435
12,Broadway_West,68.84215546
12,Broadway_West,68.87763214
12,Broadway_West,68.8932724
12,Broadway_West,68.90772247
12,Broadway_West,68.94683075
12,Broadway_West,68.98685455
12,Broadway_West,69.04136658
12,Broadway_West,69.09221649
12,Broadway_West,69.10722351
12,Broadway_West,69.1206131
12,Broadway_West,69.15744781
12,Broadway_West,69.19155884
12,Broadway_West,69.2247467
12,Broadway_West,69.25968933
12,Broadway_West,69.29031372
12,Broadway_West,69.31272125
12,Broadway_West,69.31234741
12,Broadway_West,69.34055328
12,Broadway_West,69.37242126
12,Broadway_West,69.37835693
12,Broadway_West,69.39509583
12,Broadway_West,69.41645813
12,Broadway_West,69.43757629
12,Broadway_West,69.46874237
12,Broadway_West,69.50908661
12,Broadway_West,69.51742554
12,Broadway_West,69.50505829
12,Broadway_West,69.48457336
12,Broadway_West,69.47685242
12,Broadway_West,69.47022247
12,Broadway_West,69.46843719
12,Broadway_West,69.4741745
12,Broadway_West,69.48071289
12,Broadway_West,69.47764587
12,Broadway_West,69.46421051
12,Broadway_West,69.44577026
12,Broadway_West,69.42333221
12,Broadway_West,69.39444733
12,Broadway_West,69.34638214
12,Broadway_West,69.29512787
12,Broadway_West,69.24785614
12,Broadway_West,69.19561768
12,Broadway_West,69.10773468
12,Broadway_West,69.01651764
12,Broadway_West,68.96776581
12,Broadway_West,68.91908264
12,Broadway_West,68.85716248
12,Broadway_West,68.79593658
12,Broadway_West,68.75028229
12,Broadway_West,68.7368927
12,Broadway_West,68.72133636
12,Broadway_West,68.70605469
12,Broadway_West,68.73587036
12,Broadway_West,68.81473541
12,Broadway_West,68.89302063
12,Broadway_West,68.945755
12,Broadway_West,69.00733185
12,Broadway_West,69.06533051
12,Broadway_West,69.10607147
12,Broadway_West,69.11817932
12,Broadway_West,69.12663269
12,Broadway_West,69.11078644
12,Broadway_West,69.09355927
12,Broadway_West,69.08752441
12,Broadway_West,69.07534027
12,Broadway_West,69.04027557
12,Broadway_West,69.00775909
12,Broadway_West,68.97801208
12,Broadway_West,68.97737122
12,Broadway_West,68.98088074
12,Broadway_West,68.97429657
12,Broadway_West,68.95323181
12,Broadway_West,68.93782806
12,Broadway_West,68.96052551
12,Broadway_West,68.9794693
12,Broadway_West,69.0165329
12,Broadway_West,69.08380127
12,Broadway_West,69.13663483
12,Broadway_West,69.15293884
12,Broadway_West,69.16979218
12,Broadway_West,69.24988556
12,Broadway_West,69.35630798
12,Broadway_West,69.3977356
12,Broadway_West,69.41369629
12,Broadway_West,69.4224472
12,Broadway_West,69.44527435
12,Broadway_West,69.46788025
12,Broadway_West,69.48828125
12,Broadway_West,69.52124023
12,Broadway_West,69.57299042
12,Broadway_West,69.61167908
12,Broadway_West,69.62615204
12,Broadway_West,69.61598969
12,Broadway_West,69.5934906
12,Broadway_West,69.59683228
12,Broadway_West,69.60826111
12,Broadway_West,69.61037445
12,Broadway_West,69.61474609
12,Broadway_West,69.63478088
12,Broadway_West,69.64298248
12,Broadway_West,69.64480591
12,Broadway_West,69.6618576
12,Broadway_West,69.66488647
12,Broadway_West,69.66149139
12,Broadway_West,69.66553497
12,Broadway_West,69.66059875
12,Broadway_West,69.67822266
12,Broadway_West,69.68474579
12,Broadway_West,69.68725586
12,Broadway_West,69.68294525
12,Broadway_West,69.67301178
12,Broadway_West,69.66694641
12,Broadway_West,69.65789032
12,Broadway_West,69.66726685
12,Broadway_West,69.68769073
12,Broadway_West,69.68682098
12,Broadway_West,69.68997192
12,Broadway_West,69.69364166
12,Broadway_West,69.69219971
12,Broadway_West,69.70093536
12,Broadway_West,69.70545197
12,Broadway_West,69.69181061
12,Broadway_West,69.6909256
12,Broadway_West,69.68890381
12,Broadway_West,69.68328857
12,Broadway_West,69.67485809
12,Broadway_West,69.66889954
12,Broadway_West,69.66074371
12,Broadway_West,69.67755127
12,Broadway_West,69.71329498
12,Broadway_West,69.79576111
12,Broadway_West,69.89946747
12,Broadway_West,70.05883789
12,Broadway_West,70.30735779
12,Broadway_West,70.67043304
12,Broadway_West,71.10874176
12,Broadway_West,71.4826355
12,Broadway_West,71.78429413
12,Broadway_West,72.02462769
12,Broadway_West,72.24868774
12,Broadway_West,72.48819733
12,Broadway_West,72.7469635
12,Broadway_West,72.96896362
12,Broadway_West,73.13745117
12,Broadway_West,73.30735016
12,Broadway_West,73.4889679
12,Broadway_West,73.65390778
12,Broadway_West,73.79911041
12,Broadway_West,73.92219543
12,Broadway_West,74.02003479
12,Broadway_West,74.12120056
12,Broadway_West,74.26511383
12,Broadway_West,74.42214966
12,Broadway_West,74.55669403
12,Broadway_West,74.66986847
12,Broadway_West,74.78709412
12,Broadway_West,74.90398407
12,Broadway_West,75.01735687
12,Broadway_West,75.14227295
12,Broadway_West,75.23748779
12,Broadway_West,75.29044342
12,Broadway_West,75.32515717
12,Broadway_West,75.34936523
12,Broadway_West,75.37397003
12,Broadway_West,75.37657166
12,Broadway_West,75.38167572
12,Broadway_West,75.4118042
12,Broadway_West,75.48326874
12,Broadway_West,75.57109833
12,Broadway_West,75.68070221
12,Broadway_West,75.81945038
12,Broadway_West,75.95170593
12,Broadway_West,76.04865265
12,Broadway_West,76.10842896
12,Broadway_West,76.15579224
12,Broadway_West,76.20214844
12,Broadway_West,76.25476837
12,Broadway_West,76.32913971
12,Broadway_West,76.39315796
12,Broadway_West,76.44216919
12,Broadway_West,76.51409149
12,Broadway_West,76.58164215
12,Broadway_West,76.63270569
12,Broadway_West,76.70123291
12,Broadway_West,76.75251007
12,Broadway_West,76.80492401
12,Broadway_West,76.86671448
12,Broadway_West,76.92353058
12,Broadway_West,76.98088837
12,Broadway_West,77.05314636
12,Broadway_West,77.13134003
12,Broadway_West,77.1915741
12,Broadway_West,77.19815826
12,Broadway_West,77.19815826
12,Broadway_West,77.20866394
12,Broadway_West,77.22431183
12,Broadway_West,77.24450684
12,Broadway_West,77.26722717
12,Broadway_West,77.29095459
12,Broadway_West,77.31567383
12,Broadway_West,77.33914948
12,Broadway_West,77.3761673
12,Broadway_West,77.41026306
12,Broadway_West,77.4328537
12,Broadway_West,77.44790649
12,Broadway_West,77.46219635
12,Broadway_West,77.48142242
12,Broadway_West,77.50021362
12,Broadway_West,77.51689911
12,Broadway_West,77.52285004
12,Broadway_West,77.54585266
12,Broadway_West,77.58722687
12,Broadway_West,77.62892914
12,Broadway_West,77.67450714
12,Broadway_West,77.71341705
12,Broadway_West,77.74396515
12,Broadway_West,77.76667786
12,Broadway_West,77.78184509
12,Broadway_West,77.7966156
12,Broadway_West,77.82535553
12,Broadway_West,77.85101318
12,Broadway_West,77.88730621
12,Broadway_West,77.92760468
12,Broadway_West,77.96717072
12,Broadway_West,78.0041275
12,Broadway_West,78.0368042
12,Broadway_West,78.06256866
12,Broadway_West,78.08386993
12,Broadway_West,78.10793304
12,Broadway_West,78.13499451
12,Broadway_West,78.16657257
12,Broadway_West,78.20240021
12,Broadway_West,78.24182892
12,Broadway_West,78.27909088
12,Broadway_West,78.30915833
12,Broadway_West,78.33301544
12,Broadway_West,78.35801697
12,Broadway_West,78.37909698
12,Broadway_West,78.40411377
12,Broadway_West,78.43050385
12,Broadway_West,78.44875336
12,Broadway_West,78.4648819
12,Broadway_West,78.48406982
12,Broadway_West,78.50846863
12,Broadway_West,78.53640747
12,Broadway_West,78.57769012
12,Broadway_West,78.61788177
12,Broadway_West,78.65058899
12,Broadway_West,78.66954041
12,Broadway_West,78.68164825
12,Broadway_West,78.68412018
12,Broadway_West,78.68591309
12,Broadway_West,78.69288635
12,Broadway_West,78.70452118
12,Broadway_West,78.71278381
12,Broadway_West,78.71740723
12,Broadway_West,78.71054077
12,Broadway_West,78.70275116
12,Broadway_West,78.69594574
12,Broadway_West,78.68943024
12,Broadway_West,78.68517303
12,Broadway_West,78.69103241
12,Broadway_West,78.69709778
12,Broadway_West,78.71447754
12,Broadway_West,78.74193573
12,Broadway_West,78.76911163
12,Broadway_West,78.80875397
12,Broadway_West,78.84078979
12,Broadway_West,78.85159302
12,Broadway_West,78.84741211
12,Broadway_West,78.83960724
12,Broadway_West,78.88332367
12,Broadway_West,78.9336319
12,Broadway_West,78.98336029
12,Broadway_West,79.03314209
12,Broadway_West,79.08777618
12,Broadway_West,79.15054321
12,Broadway_West,79.22940826
12,Broadway_West,79.31596375
12,Broadway_West,79.39906311
12,Broadway_West,79.42355347
12,Broadway_West,79.43267059
12,Broadway_West,79.40007019
12,Broadway_West,79.32633209
12,Broadway_West,79.24267578
12,Broadway_West,79.16720581
12,Broadway_West,79.09761047
12,Broadway_West,79.03620148
12,Broadway_West,79.0271225
12,Broadway_West,79.02337646
12,Broadway_West,79.02967072
12,Broadway_West,79.06833649
12,Broadway_West,79.12239075
12,Broadway_West,79.1831131
12,Broadway_West,79.24610138
12,Broadway_West,79.31014252
12,Broadway_West,79.36811829
12,Broadway_West,79.421875
12,Broadway_West,79.46992493
12,Broadway_West,79.51694489
12,Broadway_West,79.56946564
12,Broadway_West,79.61960602
12,Broadway_West,79.66691589
12,Broadway_West,79.71191406
12,Broadway_West,79.75246429
12,Broadway_West,79.78244019
12,Broadway_West,79.80960846
12,Broadway_West,79.83657074
12,Broadway_West,79.86458588
12,Broadway_West,79.88587952
12,Broadway_West,79.90402222
12,Broadway_West,79.92513275
12,Broadway_West,79.94976044
12,Broadway_West,79.97749329
12,Broadway_West,80.00678253
12,Broadway_West,80.03674316
12,Broadway_West,80.06798553
12,Broadway_West,80.10443115
12,Broadway_West,80.14565277
12,Broadway_West,80.20043945
12,Broadway_West,80.25397491
12,Broadway_West,80.30735016
12,Broadway_West,80.35651398
12,Broadway_West,80.38609314
12,Broadway_West,80.40155029
12,Broadway_West,80.40460968
12,Broadway_West,80.40393829
12,Broadway_West,80.40106964
12,Broadway_West,80.41886139
12,Broadway_West,80.43506622
12,Broadway_West,80.45100403
12,Broadway_West,80.46166992
12,Broadway_West,80.46626282
12,Broadway_West,80.48360443
12,Broadway_West,80.50115967
12,Broadway_West,80.52072144
12,Broadway_West,80.54297638
12,Broadway_West,80.56504822
12,Broadway_West,80.57853699
12,Broadway_West,80.59014893
12,Broadway_West,80.60192871
12,Broadway_West,80.60401154
12,Broadway_West,80.61133575
12,Broadway_West,80.61528778
12,Broadway_West,80.60868835
12,Broadway_West,80.59908295
12,Broadway_West,80.57177734
12,Broadway_West,80.54764557
12,Broadway_West,80.5326767
12,Broadway_West,80.52806091
12,Broadway_West,80.52790833
12,Broadway_West,80.52687073
12,Broadway_West,80.52529144
12,Broadway_West,80.52203369
12,Broadway_West,80.5186615
12,Broadway_West,80.51130676
12,Broadway_West,80.50042725
12,Broadway_West,80.48967743
12,Broadway_West,80.48214722
12,Broadway_West,80.47446442
12,Broadway_West,80.46572876
12,Broadway_West,80.45925903
12,Broadway_West,80.46240234
12,Broadway_West,80.47899628
12,Broadway_West,80.50293732
12,Broadway_West,80.5120697
12,Broadway_West,80.51856995
12,Broadway_West,80.50750732
12,Broadway_West,80.47664642
12,Broadway_West,80.44420624
12,Broadway_West,80.41835785
12,Broadway_West,80.39360809
12,Broadway_West,80.3699646
12,Broadway_West,80.34984589
12,Broadway_West,80.33101654
12,Broadway_West,80.30928802
12,Broadway_West,80.28274536
12,Broadway_West,80.25048828
12,Broadway_West,80.22867584
12,Broadway_West,80.20607758
12,Broadway_West,80.18674469
12,Broadway_West,80.17338562
12,Broadway_West,80.15846252
12,Broadway_West,80.15084839
12,Broadway_West,80.14110565
12,Broadway_West,80.12858582
12,Broadway_West,80.20041656
12,Broadway_West,80.2856369
12,Broadway_West,80.32996368
12,Broadway_West,80.24277496
12,Broadway_West,80.16326904
12,Broadway_West,80.12327576
12,Broadway_West,80.1147995
12,Broadway_West,80.10325623
12,Broadway_West,80.08032227
12,Broadway_West,80.05576324
12,Broadway_West,80.02967072
12,Broadway_West,80.01061249
12,Broadway_West,79.99581146
12,Broadway_West,79.97441101
12,Broadway_West,79.94668579
12,Broadway_West,79.91411591
12,Broadway_West,79.87233734
12,Broadway_West,79.83492279
12,Broadway_West,79.8004837
12,Broadway_West,79.76264954
12,Broadway_West,79.72441864
12,Broadway_West,79.69818878
12,Broadway_West,79.67658997
12,Broadway_West,79.65690613
12,Broadway_West,79.6306076
12,Broadway_West,79.59552002
12,Broadway_West,79.56024933
12,Broadway_West,79.53005981
12,Broadway_West,79.50473785
12,Broadway_West,79.49578857
12,Broadway_West,79.48887634
12,Broadway_West,79.47894287
12,Broadway_West,79.47097778
12,Broadway_West,79.46126556
12,Broadway_West,79.45682526
12,Broadway_West,79.45760345
12,Broadway_West,79.45807648
12,Broadway_West,79.45340729
12,Broadway_West,79.44811249
12,Broadway_West,79.43980408
12,Broadway_West,79.43993378
12,Broadway_West,79.44742584
12,Broadway_West,79.46116638
12,Broadway_West,79.47463989
12,Broadway_West,79.48647308
12,Broadway_West,79.48803711
12,Broadway_West,79.48349762
12,Broadway_West,79.47869873
12,Broadway_West,79.49007416
12,Broadway_West,79.50037384
12,Broadway_West,79.52209473
12,Broadway_West,79.55357361
12,Broadway_West,79.58439636
12,Broadway_West,79.59873199
12,Broadway_West,79.61798096
12,Broadway_West,79.63986969
12,Broadway_West,79.65738678
12,Broadway_West,79.68379974
12,Broadway_West,79.72302246
12,Broadway_West,79.76887512
12,Broadway_West,79.81854248
12,Broadway_West,79.89276886
12,Broadway_West,79.98381805
12,Broadway_West,79.98381805
12,Broadway_West,80.34846497
12,Broadway_West,81.17110443
12,Broadway_West,81.54756165
12,Broadway_West,81.67406464
12,Broadway_West,81.74359131
12,Broadway_West,81.73538208
12,Broadway_West,81.41294861
12,Broadway_West,81.32402802
12,Broadway_West,81.17636871
12,Broadway_West,80.59277344
12,Broadway_West,80.14910126
12,Broadway_West,79.83501434
12,Broadway_West,79.69618225
12,Broadway_West,79.63490295
12,Broadway_West,79.2695694
12,Broadway_West,79.23484802
12,Broadway_West,79.69229126
12,Broadway_West,80.47596741
12,Broadway_West,81.05957794
12,Broadway_West,81.16259766
12,Broadway_West,81.36289215
12,Broadway_West,81.81776428
12,Broadway_West,81.94415283
12,Broadway_West,81.85954285
12,Broadway_West,81.97135925
12,Broadway_West,82.12358856
12,Broadway_West,82.10834503
12,Broadway_West,82.09176636
12,Broadway_West,82.17941284
12,Broadway_West,82.51615143
12,Broadway_West,82.13401031
12,Broadway_West,82.04756927
12,Broadway_West,82.04973602
12,Broadway_West,82.06543732
12,Broadway_West,82.06369019
12,Broadway_West,82.18364716
12,Broadway_West,82.78684998
12,Broadway_West,82.66415405
12,Broadway_West,82.5675354
12,Broadway_West,82.07540131
12,Broadway_West,82.0891571
12,Broadway_West,82.05326843
12,Broadway_West,82.04903412
12,Broadway_West,82.07239532
12,Broadway_West,82.28218079
12,Broadway_West,82.34764099
12,Broadway_West,82.11719513
12,Broadway_West,82.10261536
12,Broadway_West,82.12242889
12,Broadway_West,82.108078
12,Broadway_West,81.85605621
12,Broadway_West,82.06336975
12,Broadway_West,82.11607361
12,Broadway_West,82.10116577
12,Broadway_West,81.86260223
12,Broadway_West,82.14250946
12,Broadway_West,82.48828888
12,Broadway_West,81.56152344
12,Broadway_West,79.922966
12,Broadway_West,78.96052551
12,Broadway_West,78.97563171
12,Broadway_West,79.20349884
12,Broadway_West,79.0799408
12,Broadway_West,78.89502716
12,Broadway_West,78.37458038
12,Broadway_West,77.95314789
12,Broadway_West,77.94878387
12,Broadway_West,78.52358246
12,Broadway_West,78.00121307
12,Broadway_West,77.21218109
12,Broadway_West,77.26939392
12,Broadway_West,77.82732391
12,Broadway_West,76.05728912
12,Broadway_West,77.8502655
12,Broadway_West,77.21822357
12,Broadway_West,77.29146576
12,Broadway_West,78.19384766
12,Broadway_West,78.43295288
12,Broadway_West,77.88300323
12,Broadway_West,78.03836823
12,Broadway_West,78.46131897
12,Broadway_West,78.95300293
12,Broadway_West,79.11370087
12,Broadway_West,79.23854828
12,Broadway_West,79.60474396
12,Broadway_West,79.76184845
12,Broadway_West,80.0786438
12,Broadway_West,80.5017395
12,Broadway_West,80.87322235
12,Broadway_West,81.23508453
12,Broadway_West,81.35455322
12,Broadway_West,81.35378265
12,Broadway_West,81.25537872
12,Broadway_West,80.98048401
12,Broadway_West,80.40077209
12,Broadway_West,79.95920563
12,Broadway_West,79.76282501
12,Broadway_West,79.63581848
12,Broadway_West,79.52046204
12,Broadway_West,79.22563171
12,Broadway_West,79.360466
12,Broadway_West,80.03746033
12,Broadway_West,80.76145935
12,Broadway_West,81.1407547
12,Broadway_West,81.28392792
12,Broadway_West,81.51558685
12,Broadway_West,81.93418884
12,Broadway_West,81.92905426
12,Broadway_West,81.83334351
12,Broadway_West,82.09623718
12,Broadway_West,82.1377182
12,Broadway_West,82.10531616
12,Broadway_West,82.10723114
12,Broadway_West,82.29911041
12,Broadway_West,82.37347412
12,Broadway_West,82.08795929
12,Broadway_West,82.05060577
12,Broadway_West,82.04567719
12,Broadway_West,82.06192017
12,Broadway_West,82.02651215
12,Broadway_West,82.43253326
12,Broadway_West,82.69202423
12,Broadway_West,80.13396454
12,Broadway_West,79.19276428
12,Broadway_West,78.57556152
12,Broadway_West,77.00020599
12,Broadway_West,76.20950317
12,Broadway_West,75.34515381
12,Broadway_West,74.41576385
12,Broadway_West,75.61775208
12,Broadway_West,76.09512329
12,Broadway_West,76.15428925
12,Broadway_West,77.11465454
12,Broadway_West,78.81936646
12,Broadway_West,78.42002106
12,Broadway_West,76.22885132
12,Broadway_West,76.24971771
12,Broadway_West,77.83393097
12,Broadway_West,81.35694122
12,Broadway_West,81.12188721
12,Broadway_West,79.47753143
12,Broadway_West,79.50177765
12,Broadway_West,78.53606415
12,Broadway_West,78.45641327
12,Broadway_West,83.62888336
12,Broadway_West,81.93891144
12,Broadway_West,81.72395325
12,Broadway_West,81.45175171
12,Broadway_West,81.63777924
12,Broadway_West,81.77099609
12,Broadway_West,81.52407074
12,Broadway_West,81.19625854
12,Broadway_West,80.94329071
12,Broadway_West,81.20717621
12,Broadway_West,79.52000427
12,Broadway_West,78.41601563
12,Broadway_West,78.41601563
12,Broadway_West,78.46302795
12,Broadway_West,79.83860779
12,Broadway_West,79.37047577
12,Broadway_West,79.19815063
12,Broadway_West,79.26889038
12,Broadway_West,79.32579041
12,Broadway_West,78.90159607
12,Broadway_West,78.23373413
12,Broadway_West,77.51509857
12,Broadway_West,77.72886658
12,Broadway_West,77.74991608
12,Broadway_West,76.90583038
12,Broadway_West,76.21116638
12,Broadway_West,76.01696014
12,Broadway_West,76.01600647
12,Broadway_West,76.01602173
12,Broadway_West,76.01600647
12,Broadway_West,76.01600647
12,Broadway_West,76.01600647
12,Broadway_West,76.02648926
12,Broadway_West,76.2469101
12,Broadway_West,76.45768738
12,Broadway_West,76.63723755
12,Broadway_West,77.32733154
12,Broadway_West,78.92810822
12,Broadway_West,81.139328
12,Broadway_West,82.18499756
12,Broadway_West,81.77851105
12,Broadway_West,80.21496582
12,Broadway_West,78.85813141
12,Broadway_West,78.21517181
12,Broadway_West,78.50641632
12,Broadway_West,79.40238953
12,Broadway_West,81.50014496
12,Broadway_West,81.41947937
12,Broadway_West,82.12454224
12,Broadway_West,82.17147827
12,Broadway_West,79.52331543
12,Broadway_West,83.57717133
12,Broadway_West,95.51361084
12,Broadway_West,91.63430786
12,Broadway_West,87.1872406
12,Broadway_West,86.80158234
12,Broadway_West,84.98636627
12,Broadway_West,82.68813324
12,Broadway_West,81.66873169
12,Broadway_West,81.02698517
12,Broadway_West,81.01600647
12,Broadway_West,81.92333984
12,Broadway_West,86.4439621
12,Broadway_West,86.73699951
12,Broadway_West,85.02440643
12,Broadway_West,84.90033722
12,Broadway_West,82.25595856
12,Broadway_West,80.39718628
12,Broadway_West,78.97840118
12,Broadway_West,78.88262939
12,Broadway_West,79.01328278
12,Broadway_West,78.63957214
12,Broadway_West,78.4230423
12,Broadway_West,78.05883026
12,Broadway_West,78.04722595
12,Broadway_West,78.03106689
12,Broadway_West,78.22367096
12,Broadway_West,78.95563507
12,Broadway_West,86.06893921
12,Broadway_West,85.43195343
12,Broadway_West,82.08495331
12,Broadway_West,81.09777832
12,Broadway_West,80.91254425
12,Broadway_West,81.16072845
12,Broadway_West,81.54896545
12,Broadway_West,81.95214081
12,Broadway_West,83.11193085
12,Broadway_West,83.67570496
12,Broadway_West,84.89453125
12,Broadway_West,85.01138306
12,Broadway_West,84.56591797
12,Broadway_West,84.67822266
12,Broadway_West,84.81702423
12,Broadway_West,84.81575775
12,Broadway_West,84.81577301
12,Broadway_West,84.97655487
12,Broadway_West,84.98270416
12,Broadway_West,85.4093399
12,Broadway_West,86.45711517
12,Broadway_West,86.72335052
12,Broadway_West,87.02410126
12,Broadway_West,87.217453
12,Broadway_West,87.26295471
12,Broadway_West,86.55338287
12,Broadway_West,86.3787384
12,Broadway_West,87.08886719
12,Broadway_West,86.7273407
12,Broadway_West,85.84254456
12,Broadway_West,85.21788025
12,Broadway_West,84.51779938
12,Broadway_West,84.60120392
12,Broadway_West,84.60120392
12,Broadway_West,84.59913635
12,Broadway_West,84.57753754
12,Broadway_West,84.52060699
12,Broadway_West,84.51599884
12,Broadway_West,84.54602051
12,Broadway_West,84.77578735
12,Broadway_West,84.99924469
12,Broadway_West,85.17224884
12,Broadway_West,85.38008118
12,Broadway_West,85.59604645
12,Broadway_West,85.73464966
12,Broadway_West,85.79705811
12,Broadway_West,85.90297699
12,Broadway_West,86.0801239
12,Broadway_West,86.32252502
12,Broadway_West,86.58245087
12,Broadway_West,86.78622437
12,Broadway_West,86.96495056
12,Broadway_West,87.11154175
12,Broadway_West,87.12540436
12,Broadway_West,87.07280731
12,Broadway_West,86.98671722
12,Broadway_West,86.80220795
12,Broadway_West,86.57963562
12,Broadway_West,86.35031128
12,Broadway_West,86.13250732
12,Broadway_West,86.0697937
12,Broadway_West,86.03302765
12,Broadway_West,85.98929596
12,Broadway_West,86.00999451
12,Broadway_West,86.19361877
12,Broadway_West,86.28788757
12,Broadway_West,86.27970123
12,Broadway_West,86.21453857
12,Broadway_West,86.16310883
12,Broadway_West,86.09448242
12,Broadway_West,85.93139648
12,Broadway_West,85.69880676
12,Broadway_West,85.49311829
12,Broadway_West,85.28431702
12,Broadway_West,85.13459015
12,Broadway_West,85.01776123
12,Broadway_West,84.95355225
12,Broadway_West,84.92638397
12,Broadway_West,84.83182526
12,Broadway_West,84.81929779
12,Broadway_West,84.81724548
12,Broadway_West,84.81604767
12,Broadway_West,84.82159424
12,Broadway_West,84.8478775
12,Broadway_West,84.90351868
12,Broadway_West,84.98548126
12,Broadway_West,85.07158661
12,Broadway_West,85.12432098
12,Broadway_West,85.22933197
12,Broadway_West,85.50956726
12,Broadway_West,85.78307343
12,Broadway_West,85.96750641
12,Broadway_West,86.11797333
12,Broadway_West,86.11506653
12,Broadway_West,85.75685883
12,Broadway_West,85.4912796
12,Broadway_West,85.39455414
12,Broadway_West,85.24758148
12,Broadway_West,85.01530457
12,Broadway_West,84.72038269
12,Broadway_West,84.35262299
12,Broadway_West,83.88108063
12,Broadway_West,83.35347748
12,Broadway_West,82.8826828
12,Broadway_West,82.58204651
12,Broadway_West,82.29332733
12,Broadway_West,82.15294647
12,Broadway_West,82.11821747
12,Broadway_West,82.1160202
12,Broadway_West,82.11605072
12,Broadway_West,82.11470795
12,Broadway_West,82.17030334
12,Broadway_West,82.49430847
12,Broadway_West,83.30108643
12,Broadway_West,84.41383362
12,Broadway_West,85.31429291
12,Broadway_West,85.69985962
12,Broadway_West,85.52547455
12,Broadway_West,84.92494965
12,Broadway_West,84.25287628
12,Broadway_West,83.78913116
12,Broadway_West,83.56466675
12,Broadway_West,83.71611023
12,Broadway_West,84.06322479
12,Broadway_West,84.06729126
12,Broadway_West,83.97055817
12,Broadway_West,83.79888916
12,Broadway_West,83.46079254
12,Broadway_West,83.0579071
12,Broadway_West,82.63950348
12,Broadway_West,82.26393127
12,Broadway_West,82.00209045
12,Broadway_West,81.86328888
12,Broadway_West,81.7341156
12,Broadway_West,81.63158417
12,Broadway_West,81.55474854
12,Broadway_West,81.52201843
12,Broadway_West,81.5161438
12,Broadway_West,81.5160141
12,Broadway_West,81.5160141
12,Broadway_West,81.5160141
12,Broadway_West,81.5160141
12,Broadway_West,81.5160141
12,Broadway_West,81.5160141
12,Broadway_West,81.5160141
12,Broadway_West,81.5160141
12,Broadway_West,81.5160141
12,Broadway_West,81.51628876
12,Broadway_West,81.52212524
12,Broadway_West,81.56018066
12,Broadway_West,81.76216125
12,Broadway_West,82.62530518
12,Broadway_West,84.45900726
12,Broadway_West,86.66503143
12,Broadway_West,88.54535675
12,Broadway_West,89.16925812
12,Broadway_West,88.01266479
12,Broadway_West,85.73214722
12,Broadway_West,84.12062073
12,Broadway_West,83.35536957
12,Broadway_West,83.07227325
12,Broadway_West,82.85266113
12,Broadway_West,82.52589417
12,Broadway_West,81.95841217
12,Broadway_West,81.30547333
12,Broadway_West,80.67326355
12,Broadway_West,80.4835968
12,Broadway_West,80.82881927
12,Broadway_West,81.29706573
12,Broadway_West,81.33840942
12,Broadway_West,80.50606537
12,Broadway_West,79.56775665
12,Broadway_West,79.21430206
12,Broadway_West,79.08696747
12,Broadway_West,79.01331329
12,Broadway_West,78.96842194
12,Broadway_West,78.94059753
12,Broadway_West,78.91156006
12,Broadway_West,78.87895203
12,Broadway_West,78.83756256
12,Broadway_West,78.77522278
12,Broadway_West,78.69957733
12,Broadway_West,78.61883545
12,Broadway_West,78.51703644
12,Broadway_West,78.40339661
12,Broadway_West,78.29468536
12,Broadway_West,78.23416138
12,Broadway_West,78.1984024
12,Broadway_West,78.15337372
12,Broadway_West,78.09277344
12,Broadway_West,78.01155853
12,Broadway_West,77.93724823
12,Broadway_West,77.89138031
12,Broadway_West,77.86449432
12,Broadway_West,77.84544373
12,Broadway_West,77.83548737
12,Broadway_West,77.83946228
12,Broadway_West,77.82798004
12,Broadway_West,77.82699585
12,Broadway_West,77.89929199
12,Broadway_West,77.92111969
12,Broadway_West,78.01428223
12,Broadway_West,78.1563797
12,Broadway_West,78.37776947
12,Broadway_West,78.72857666
12,Broadway_West,78.78572845
12,Broadway_West,78.72275543
12,Broadway_West,78.40544891
12,Broadway_West,77.88484192
12,Broadway_West,77.15837097
12,Broadway_West,76.54485321
12,Broadway_West,76.01837158
12,Broadway_West,75.51626587
12,Broadway_West,75.01560974
12,Broadway_West,74.50093079
12,Broadway_West,74.02923584
12,Broadway_West,73.64857483
12,Broadway_West,73.27544403
12,Broadway_West,72.96195221
12,Broadway_West,72.66036987
12,Broadway_West,72.32601929
12,Broadway_West,72.13487244
12,Broadway_West,72.12145996
12,Broadway_West,72.16698456
12,Broadway_West,72.23072815
12,Broadway_West,72.25743866
12,Broadway_West,72.22906494
12,Broadway_West,72.21537018
12,Broadway_West,72.22063446
12,Broadway_West,72.22388458
12,Broadway_West,72.23428345
12,Broadway_West,72.35617828
12,Broadway_West,72.79418182
12,Broadway_West,74.02015686
12,Broadway_West,75.5320282
12,Broadway_West,76.88458252
12,Broadway_West,78.16860199
12,Broadway_West,79.07596588
12,Broadway_West,79.6350174
12,Broadway_West,79.85288239
12,Broadway_West,79.9469986
12,Broadway_West,79.84094238
12,Broadway_West,79.52046967
12,Broadway_West,79.07635498
12,Broadway_West,78.61457825
12,Broadway_West,78.29860687
12,Broadway_West,78.04649353
12,Broadway_West,77.89905548
12,Broadway_West,77.77429199
12,Broadway_West,77.63127136
12,Broadway_West,77.37641907
12,Broadway_West,76.93492126
12,Broadway_West,76.41654968
12,Broadway_West,75.97737122
12,Broadway_West,75.6204834
12,Broadway_West,75.39343262
12,Broadway_West,75.4100647
12,Broadway_West,75.42878723
12,Broadway_West,75.38327789
12,Broadway_West,75.32678223
12,Broadway_West,75.34587097
12,Broadway_West,75.46736145
12,Broadway_West,75.68340302
12,Broadway_West,75.87205505
12,Broadway_West,76.00627899
12,Broadway_West,75.87899017
12,Broadway_West,75.84004211
12,Broadway_West,75.80278778
12,Broadway_West,75.75458527
12,Broadway_West,75.87531281
12,Broadway_West,76.11258698
12,Broadway_West,76.38711548
12,Broadway_West,76.61818695
12,Broadway_West,76.91499329
12,Broadway_West,77.38769531
12,Broadway_West,78.07501984
12,Broadway_West,78.79430389
12,Broadway_West,79.17093658
12,Broadway_West,79.30966949
12,Broadway_West,79.26825714
12,Broadway_West,79.22976685
12,Broadway_West,79.04122162
12,Broadway_West,78.60385895
12,Broadway_West,77.46600342
12,Broadway_West,76.2999649
12,Broadway_West,75.80789185
12,Broadway_West,75.74197388
12,Broadway_West,75.98207855
12,Broadway_West,77.20732117
