11,Western_East,76.00389862
11,Western_East,76.01602936
11,Western_East,76.02402496
11,Western_East,76.05400085
11,Western_East,76.06542969
11,Western_East,75.9959259
11,Western_East,75.83633423
11,Western_East,75.62311554
11,Western_East,75.45537567
11,Western_East,75.48972321
11,Western_East,75.56669617
11,Western_East,75.74262238
11,Western_East,75.72104645
11,Western_East,75.633461
11,Western_East,75.57952118
11,Western_East,75.55724335
11,Western_East,75.50615692
11,Western_East,75.40476227
11,Western_East,75.34596252
11,Western_East,75.2199707
11,Western_East,75.11864471
11,Western_East,75.07242584
11,Western_East,75.08844757
11,Western_East,75.3022995
11,Western_East,75.68017578
11,Western_East,75.93493652
11,Western_East,75.93756104
11,Western_East,75.10256195
11,Western_East,72.39524078
11,Western_East,70.10797882
11,Western_East,70.10727692
11,Western_East,71.75343323
11,Western_East,73.35162354
11,Western_East,74.17861938
11,Western_East,74.71800995
11,Western_East,75.26770782
11,Western_East,76.05371857
11,Western_East,77.11402893
11,Western_East,78.32879639
11,Western_East,79.95249939
11,Western_East,81.31777954
11,Western_East,81.92814636
11,Western_East,81.73095703
11,Western_East,80.49739075
11,Western_East,79.11430359
11,Western_East,77.93861389
11,Western_East,76.66887665
11,Western_East,74.17449951
11,Western_East,71.63752747
11,Western_East,69.98616791
11,Western_East,69.366539
11,Western_East,69.05986786
11,Western_East,68.75165558
11,Western_East,68.39971924
11,Western_East,68.0526886
11,Western_East,67.68955231
11,Western_East,67.33323669
11,Western_East,66.94165039
11,Western_East,66.58383942
11,Western_East,66.27961731
11,Western_East,65.98415375
11,Western_East,65.75426483
11,Western_East,65.5557785
11,Western_East,65.26049042
11,Western_East,65.04232025
11,Western_East,64.84709167
11,Western_East,64.62850189
11,Western_East,64.41957855
11,Western_East,64.22158813
11,Western_East,64.00218201
11,Western_East,63.77595139
11,Western_East,63.33599472
11,Western_East,62.58095169
11,Western_East,61.77196121
11,Western_East,61.2196579
11,Western_East,60.84619141
11,Western_East,60.60931396
11,Western_East,60.48433304
11,Western_East,60.51290894
11,Western_East,60.62619019
11,Western_East,60.74785614
11,Western_East,60.82898331
11,Western_East,60.90446091
11,Western_East,60.96888351
11,Western_East,61.03909302
11,Western_East,61.1180191
11,Western_East,61.19518661
11,Western_East,61.22952652
11,Western_East,61.29050446
11,Western_East,61.37799454
11,Western_East,61.39876556
11,Western_East,61.29688644
11,Western_East,61.16647339
11,Western_East,60.981884
11,Western_East,60.76184464
11,Western_East,60.54502106
11,Western_East,60.33546448
11,Western_East,60.09350204
11,Western_East,59.86502457
11,Western_East,59.69826126
11,Western_East,59.54172897
11,Western_East,59.37588882
11,Western_East,59.20628357
11,Western_East,59.04410934
11,Western_East,58.82857513
11,Western_East,58.60273743
11,Western_East,58.34010315
11,Western_East,58.05870056
11,Western_East,57.85636139
11,Western_East,57.64078903
11,Western_East,57.43595505
11,Western_East,57.27978134
11,Western_East,57.1210022
11,Western_East,57.04077148
11,Western_East,56.83746338
11,Western_East,56.54888535
11,Western_East,56.20948029
11,Western_East,55.96551895
11,Western_East,55.7866478
11,Western_East,55.68323517
11,Western_East,55.5787735
11,Western_East,55.51418686
11,Western_East,55.57096863
11,Western_East,55.82891083
11,Western_East,56.25305939
11,Western_East,56.60292435
11,Western_East,56.81885529
11,Western_East,57.08810425
11,Western_East,57.43084335
11,Western_East,57.63098526
11,Western_East,57.77225113
11,Western_East,57.91292953
11,Western_East,58.02913284
11,Western_East,58.18751907
11,Western_East,58.29436874
11,Western_East,58.38428879
11,Western_East,58.48162079
11,Western_East,58.52545547
11,Western_East,58.59120178
11,Western_East,58.69309616
11,Western_East,58.78351974
11,Western_East,58.90684509
11,Western_East,58.95802307
11,Western_East,59.02919769
11,Western_East,59.15699005
11,Western_East,59.28851318
11,Western_East,59.38600159
11,Western_East,59.4778862
11,Western_East,59.56969833
11,Western_East,59.68854141
11,Western_East,59.80229187
11,Western_East,59.92141724
11,Western_East,60.03411484
11,Western_East,60.15551376
11,Western_East,60.27199554
11,Western_East,60.34427643
11,Western_East,60.41267395
11,Western_East,60.46487427
11,Western_East,60.4954834
11,Western_East,60.57244873
11,Western_East,60.64518356
11,Western_East,60.7079277
11,Western_East,60.78736496
11,Western_East,60.90507126
11,Western_East,60.99830246
11,Western_East,61.07761002
11,Western_East,61.19264221
11,Western_East,61.31385803
11,Western_East,61.38429642
11,Western_East,61.40323639
11,Western_East,61.40207291
11,Western_East,61.49082565
11,Western_East,61.6212883
11,Western_East,61.72135925
11,Western_East,61.8810997
11,Western_East,62.15542221
11,Western_East,62.40509033
11,Western_East,62.68384933
11,Western_East,62.91630936
11,Western_East,63.12875748
11,Western_East,63.29986191
11,Western_East,63.37906265
11,Western_East,63.33322906
11,Western_East,63.22714996
11,Western_East,63.01094437
11,Western_East,62.78410339
11,Western_East,62.62739563
11,Western_East,62.50825119
11,Western_East,62.42025375
11,Western_East,62.40036774
11,Western_East,62.42972565
11,Western_East,62.5316658
11,Western_East,62.67410278
11,Western_East,62.77664185
11,Western_East,62.86339569
11,Western_East,62.96492386
11,Western_East,63.0786705
11,Western_East,63.19350815
11,Western_East,63.30939102
11,Western_East,63.40975952
11,Western_East,63.51054001
11,Western_East,63.623909
11,Western_East,63.74003983
11,Western_East,63.94063568
11,Western_East,64.22914886
11,Western_East,64.51181793
11,Western_East,64.77285004
11,Western_East,65.07395172
11,Western_East,65.43886566
11,Western_East,65.79519653
11,Western_East,66.17815399
11,Western_East,66.50379181
11,Western_East,66.82110596
11,Western_East,67.06256104
11,Western_East,67.24019623
11,Western_East,67.4854126
11,Western_East,67.80156708
11,Western_East,68.11907959
11,Western_East,68.43711853
11,Western_East,68.74388123
11,Western_East,69.07621002
11,Western_East,69.42205048
11,Western_East,69.82219696
11,Western_East,70.26821899
11,Western_East,70.65838623
11,Western_East,70.98216248
11,Western_East,71.35509491
11,Western_East,71.73963165
11,Western_East,72.0466156
11,Western_East,72.16447449
11,Western_East,72.25340271
11,Western_East,72.35331726
11,Western_East,72.36672974
11,Western_East,72.34576416
11,Western_East,72.32472229
11,Western_East,72.31555176
11,Western_East,72.31601715
11,Western_East,72.3186264
11,Western_East,72.36331177
11,Western_East,72.45818329
11,Western_East,72.35826111
11,Western_East,72.2409668
11,Western_East,72.16607666
11,Western_East,72.05867004
11,Western_East,71.98976135
11,Western_East,72.0667572
11,Western_East,72.2434845
11,Western_East,72.31221771
11,Western_East,72.22512817
11,Western_East,71.87998962
11,Western_East,71.40668488
11,Western_East,70.86845398
11,Western_East,70.28713226
11,Western_East,69.88225555
11,Western_East,69.63712311
11,Western_East,69.50909424
11,Western_East,69.50909424
11,Western_East,69.45646667
11,Western_East,69.4059906
11,Western_East,69.35568237
11,Western_East,69.30722809
11,Western_East,69.26132965
11,Western_East,69.20746613
11,Western_East,69.16062927
11,Western_East,69.11958313
11,Western_East,69.08355713
11,Western_East,69.04999542
11,Western_East,69.00051117
11,Western_East,68.94595337
11,Western_East,68.8912735
11,Western_East,68.84070587
11,Western_East,68.78710175
11,Western_East,68.73268127
11,Western_East,68.68312836
11,Western_East,68.64131927
11,Western_East,68.60295868
11,Western_East,68.56897736
11,Western_East,68.54975891
11,Western_East,68.53528595
11,Western_East,68.57887268
11,Western_East,68.6392746
11,Western_East,68.70894623
11,Western_East,68.79570007
11,Western_East,68.878479
11,Western_East,68.97024536
11,Western_East,69.0700531
11,Western_East,69.16882324
11,Western_East,69.26966858
11,Western_East,69.3523941
11,Western_East,69.44120026
11,Western_East,69.51892853
11,Western_East,69.71704865
11,Western_East,69.98052979
11,Western_East,70.26892853
11,Western_East,70.52926636
11,Western_East,70.76689148
11,Western_East,70.96633911
11,Western_East,71.12686157
11,Western_East,71.25367737
11,Western_East,71.32026672
11,Western_East,71.3673172
11,Western_East,71.41913605
11,Western_East,71.48038483
11,Western_East,71.57415009
11,Western_East,71.68057251
11,Western_East,71.79006958
11,Western_East,71.87928009
11,Western_East,71.95257568
11,Western_East,72.04836273
11,Western_East,72.16091156
11,Western_East,72.29977417
11,Western_East,72.45068359
11,Western_East,72.62286377
11,Western_East,72.79530334
11,Western_East,72.96781921
11,Western_East,73.12667084
11,Western_East,73.21609497
11,Western_East,73.28072357
11,Western_East,73.30256653
11,Western_East,73.30539703
11,Western_East,73.28285217
11,Western_East,73.2518158
11,Western_East,73.21200562
11,Western_East,73.17140198
11,Western_East,73.1474762
11,Western_East,73.13024902
11,Western_East,73.13516998
11,Western_East,73.14637756
11,Western_East,73.1763916
11,Western_East,73.19927979
11,Western_East,73.21309662
11,Western_East,73.22051239
11,Western_East,73.21968079
11,Western_East,73.22431183
11,Western_East,73.21669769
11,Western_East,73.22281647
11,Western_East,73.26960754
11,Western_East,73.34458923
11,Western_East,73.46419525
11,Western_East,73.58802795
11,Western_East,73.69262695
11,Western_East,73.75983429
11,Western_East,73.79433441
11,Western_East,73.82614899
11,Western_East,73.85328674
11,Western_East,73.8850708
11,Western_East,73.90699768
11,Western_East,73.9017334
11,Western_East,73.89334106
11,Western_East,73.88710022
11,Western_East,73.8846283
11,Western_East,73.87674713
11,Western_East,73.85745239
11,Western_East,73.81842804
11,Western_East,73.774086
11,Western_East,73.73239899
11,Western_East,73.69631958
11,Western_East,73.67841339
11,Western_East,73.67469788
11,Western_East,73.67841339
11,Western_East,73.69303894
11,Western_East,73.74066162
11,Western_East,73.79551697
11,Western_East,73.83454132
11,Western_East,73.87251282
11,Western_East,73.91209412
11,Western_East,73.95986938
11,Western_East,74.03474426
11,Western_East,74.11332703
11,Western_East,74.2085495
11,Western_East,74.3060379
11,Western_East,74.39536285
11,Western_East,74.48554993
11,Western_East,74.57955933
11,Western_East,74.68916321
11,Western_East,74.80065918
11,Western_East,74.92121124
11,Western_East,75.02948761
11,Western_East,75.14481354
11,Western_East,75.25413513
11,Western_East,75.35649872
11,Western_East,75.45211029
11,Western_East,75.53992462
11,Western_East,75.61998749
11,Western_East,75.69908142
11,Western_East,75.7702179
11,Western_East,75.85076904
11,Western_East,75.94126892
11,Western_East,76.02165985
11,Western_East,76.08721161
11,Western_East,76.13799286
11,Western_East,76.18215179
11,Western_East,76.22724152
11,Western_East,76.27358246
11,Western_East,76.32130432
11,Western_East,76.36595154
11,Western_East,76.40028381
11,Western_East,76.431633
11,Western_East,76.46231079
11,Western_East,76.49364471
11,Western_East,76.52548218
11,Western_East,76.55774689
11,Western_East,76.58146667
11,Western_East,76.60482025
11,Western_East,76.62853241
11,Western_East,76.65258026
11,Western_East,76.67447662
11,Western_East,76.69554138
11,Western_East,76.6949234
11,Western_East,76.69081879
11,Western_East,76.68595123
11,Western_East,76.685112
11,Western_East,76.71736145
11,Western_East,76.75597382
11,Western_East,76.79960632
11,Western_East,76.82989502
11,Western_East,76.83825684
11,Western_East,76.86551666
11,Western_East,76.89894104
11,Western_East,76.84267426
11,Western_East,76.84591675
11,Western_East,76.85106659
11,Western_East,76.85891724
11,Western_East,76.86457825
11,Western_East,76.86354065
11,Western_East,76.86229706
11,Western_East,76.86993408
11,Western_East,76.88106537
11,Western_East,76.88542938
11,Western_East,76.89102173
11,Western_East,76.85723877
11,Western_East,76.81941986
11,Western_East,76.7472229
11,Western_East,76.67419434
11,Western_East,76.59151459
11,Western_East,76.51438904
11,Western_East,76.43583679
11,Western_East,76.3547821
11,Western_East,76.26208496
11,Western_East,76.16845703
11,Western_East,76.07402802
11,Western_East,75.9874649
11,Western_East,75.91945648
11,Western_East,75.85070801
11,Western_East,75.77017212
11,Western_East,75.68702698
11,Western_East,75.60250092
11,Western_East,75.53138733
11,Western_East,75.47188568
11,Western_East,75.4102478
11,Western_East,75.34403229
11,Western_East,75.27796936
11,Western_East,75.2089386
11,Western_East,75.12482452
11,Western_East,75.02185822
11,Western_East,74.89678192
11,Western_East,74.7600174
11,Western_East,74.61373138
11,Western_East,74.46391296
11,Western_East,74.30818939
11,Western_East,74.15731812
11,Western_East,74.00035095
11,Western_East,73.84211731
11,Western_East,73.68335724
11,Western_East,73.52461243
11,Western_East,73.38137054
11,Western_East,73.23400879
11,Western_East,73.06626892
11,Western_East,72.88861084
11,Western_East,72.61752319
11,Western_East,72.33811951
11,Western_East,72.03276062
11,Western_East,71.73152161
11,Western_East,71.39264679
11,Western_East,71.03999329
11,Western_East,70.68221283
11,Western_East,70.33847809
11,Western_East,70.06767273
11,Western_East,69.8441925
11,Western_East,69.71412659
11,Western_East,69.60774994
11,Western_East,69.53578949
11,Western_East,69.46801758
11,Western_East,69.39883423
11,Western_East,69.32704926
11,Western_East,69.26875305
11,Western_East,69.21199036
11,Western_East,69.1546936
11,Western_East,69.10876465
11,Western_East,69.07072449
11,Western_East,69.04312897
11,Western_East,69.03292847
11,Western_East,69.02655029
11,Western_East,69.0214386
11,Western_East,69.01712036
11,Western_East,69.01544952
11,Western_East,69.01525116
11,Western_East,69.01772308
11,Western_East,69.01747894
11,Western_East,69.01656342
11,Western_East,69.01610565
11,Western_East,69.01596069
11,Western_East,69.01595306
11,Western_East,69.01600647
11,Western_East,69.0160141
11,Western_East,69.0160141
11,Western_East,69.0160141
11,Western_East,69.0160141
11,Western_East,69.0160141
11,Western_East,69.0160141
11,Western_East,69.01597595
11,Western_East,69.01596069
11,Western_East,69.01604462
11,Western_East,69.01620483
11,Western_East,69.01661682
11,Western_East,69.0251236
11,Western_East,69.04562378
11,Western_East,69.05417633
11,Western_East,69.04698944
11,Western_East,69.06358337
11,Western_East,69.03508759
11,Western_East,69.01686859
11,Western_East,69.01917267
11,Western_East,68.99612427
11,Western_East,68.94744873
11,Western_East,68.88092041
11,Western_East,68.81061554
11,Western_East,68.76210785
11,Western_East,68.72789764
11,Western_East,68.67353058
11,Western_East,68.6115799
11,Western_East,68.53308105
11,Western_East,68.42800903
11,Western_East,68.35611725
11,Western_East,68.27677917
11,Western_East,68.18534088
11,Western_East,68.12225342
11,Western_East,68.09020996
11,Western_East,68.06931305
11,Western_East,68.06680298
11,Western_East,68.0353241
11,Western_East,67.93642426
11,Western_East,67.80459595
11,Western_East,67.66329956
11,Western_East,67.51898193
11,Western_East,67.41996002
11,Western_East,67.37401581
11,Western_East,67.35935974
11,Western_East,67.38618469
11,Western_East,67.43225098
11,Western_East,67.48069
11,Western_East,67.54248047
11,Western_East,67.61956787
11,Western_East,67.73353577
11,Western_East,67.92095947
11,Western_East,68.16789246
11,Western_East,68.43831635
11,Western_East,68.70724487
11,Western_East,68.99712372
11,Western_East,69.2955246
11,Western_East,69.56279755
11,Western_East,69.79323578
11,Western_East,69.94171906
11,Western_East,70.05317688
11,Western_East,70.13240051
11,Western_East,70.15208435
11,Western_East,70.14464569
11,Western_East,70.15452576
11,Western_East,70.17070007
11,Western_East,70.18100739
11,Western_East,70.18099976
11,Western_East,70.15872955
11,Western_East,70.13175964
11,Western_East,70.09456635
11,Western_East,70.08126831
11,Western_East,70.10171509
11,Western_East,70.09655762
11,Western_East,70.08332062
11,Western_East,70.07398224
11,Western_East,70.09757233
11,Western_East,70.11560059
11,Western_East,70.13600159
11,Western_East,70.13803101
11,Western_East,70.12267303
11,Western_East,70.11693573
11,Western_East,70.11611938
11,Western_East,70.11188507
11,Western_East,70.08695984
11,Western_East,70.03530884
11,Western_East,69.98947906
11,Western_East,69.96484375
11,Western_East,69.92674255
11,Western_East,69.91574097
11,Western_East,69.89514923
11,Western_East,69.8454895
11,Western_East,69.7950592
11,Western_East,69.72841644
11,Western_East,69.64939117
11,Western_East,69.57431793
11,Western_East,69.50936127
11,Western_East,69.45670319
11,Western_East,69.40858459
11,Western_East,69.35797882
11,Western_East,69.30744934
11,Western_East,69.24880219
11,Western_East,69.20690918
11,Western_East,69.16953278
11,Western_East,69.11706543
11,Western_East,69.05850983
11,Western_East,68.97787476
11,Western_East,68.91508484
11,Western_East,68.84253693
11,Western_East,68.76076508
11,Western_East,68.71331024
11,Western_East,68.69322205
11,Western_East,68.68055725
11,Western_East,68.64943695
11,Western_East,68.62604523
11,Western_East,68.62957764
11,Western_East,68.58164978
11,Western_East,68.50585175
11,Western_East,68.47621155
11,Western_East,68.47489166
11,Western_East,68.4701004
11,Western_East,68.42896271
11,Western_East,68.41311646
11,Western_East,68.41598511
11,Western_East,68.41639709
11,Western_East,68.41369629
11,Western_East,68.4107666
11,Western_East,68.39984894
11,Western_East,68.35503387
11,Western_East,68.32392883
11,Western_East,68.31143188
11,Western_East,68.3087616
11,Western_East,68.3145752
11,Western_East,68.31282043
11,Western_East,68.3011322
11,Western_East,68.28366089
11,Western_East,68.26113129
11,Western_East,68.23230743
11,Western_East,68.21825409
11,Western_East,68.20974731
11,Western_East,68.1842041
11,Western_East,68.13378143
11,Western_East,68.09117889
11,Western_East,68.07054901
11,Western_East,68.05878448
11,Western_East,68.0767746
11,Western_East,68.10422516
11,Western_East,68.10957336
11,Western_East,68.09835815
11,Western_East,68.08755493
11,Western_East,68.07678986
11,Western_East,68.06628418
11,Western_East,68.06873322
11,Western_East,68.0793457
11,Western_East,68.0750351
11,Western_East,68.0522995
11,Western_East,68.02868652
11,Western_East,68.0160141
11,Western_East,68.01618195
11,Western_East,68.0194397
11,Western_East,68.03231812
11,Western_East,68.03097534
11,Western_East,68.03983307
11,Western_East,68.07059479
11,Western_East,68.0511322
11,Western_East,68.0227356
11,Western_East,68.01623535
11,Western_East,68.01602173
11,Western_East,68.01602173
11,Western_East,68.01602173
11,Western_East,68.01617432
11,Western_East,68.01554871
11,Western_East,68.00966644
11,Western_East,68.0014801
11,Western_East,67.98935699
11,Western_East,67.96845245
11,Western_East,67.93464661
11,Western_East,67.91786957
11,Western_East,67.91596222
11,Western_East,67.9148941
11,Western_East,67.89138794
11,Western_East,67.85619354
11,Western_East,67.83119202
11,Western_East,67.81845093
11,Western_East,67.81647491
11,Western_East,67.81161499
11,Western_East,67.78328705
11,Western_East,67.74150085
11,Western_East,67.72350311
11,Western_East,67.71495819
11,Western_East,67.71217346
11,Western_East,67.68859863
11,Western_East,67.6566391
11,Western_East,67.63500977
11,Western_East,67.5929184
11,Western_East,67.57141876
11,Western_East,67.57344818
11,Western_East,67.52890778
11,Western_East,67.46175385
11,Western_East,67.43120575
11,Western_East,67.44550323
11,Western_East,67.4409256
11,Western_East,67.38129425
11,Western_East,67.33740997
11,Western_East,67.30732727
11,Western_East,67.25261688
11,Western_East,67.21625519
11,Western_East,67.17268372
11,Western_East,67.06945038
11,Western_East,66.96504211
11,Western_East,66.91885376
11,Western_East,66.89775085
11,Western_East,66.85231781
11,Western_East,66.75809479
11,Western_East,66.65096283
11,Western_East,66.59902191
11,Western_East,66.55877686
11,Western_East,66.52777863
11,Western_East,66.51760101
11,Western_East,66.50225067
11,Western_East,66.4838562
11,Western_East,66.47242737
11,Western_East,66.46115112
11,Western_East,66.44991302
11,Western_East,66.43904877
11,Western_East,66.42817688
11,Western_East,66.41675568
11,Western_East,66.4023056
11,Western_East,66.36563873
11,Western_East,66.31092072
11,Western_East,66.22348022
11,Western_East,66.12036896
11,Western_East,66.02475739
11,Western_East,65.91856384
11,Western_East,65.81028748
11,Western_East,65.72013855
11,Western_East,65.66443634
11,Western_East,65.61743164
11,Western_East,65.58705902
11,Western_East,65.5603714
11,Western_East,65.51280975
11,Western_East,65.45933533
11,Western_East,65.43106079
11,Western_East,65.42033386
11,Western_East,65.38632202
11,Western_East,65.32855988
11,Western_East,65.27922821
11,Western_East,65.23656464
11,Western_East,65.1757431
11,Western_East,65.11027527
11,Western_East,65.05179596
11,Western_East,65.02828979
11,Western_East,64.98786926
11,Western_East,64.9496994
11,Western_East,64.945755
11,Western_East,64.90685272
11,Western_East,64.89595795
11,Western_East,64.93131256
11,Western_East,64.95094299
11,Western_East,64.94862366
11,Western_East,64.93711853
11,Western_East,64.95187378
11,Western_East,64.95950317
11,Western_East,64.97478485
11,Western_East,64.97877502
11,Western_East,64.97877502
11,Western_East,64.97394562
11,Western_East,64.95697021
11,Western_East,64.92966461
11,Western_East,64.90405273
11,Western_East,64.87085724
11,Western_East,64.85302734
11,Western_East,64.83731842
11,Western_East,64.82658386
11,Western_East,64.81130981
11,Western_East,64.78777313
11,Western_East,64.75041199
11,Western_East,64.70491028
11,Western_East,64.67694855
11,Western_East,64.65113831
11,Western_East,64.62978363
11,Western_East,64.61118317
11,Western_East,64.58895111
11,Western_East,64.56188202
11,Western_East,64.53598022
11,Western_East,64.49820709
11,Western_East,64.46148682
11,Western_East,64.42302704
11,Western_East,64.38167572
11,Western_East,64.34098053
11,Western_East,64.30210876
11,Western_East,64.27230072
11,Western_East,64.23094177
11,Western_East,64.17243958
11,Western_East,64.11382294
11,Western_East,64.05493164
11,Western_East,63.98069382
11,Western_East,63.89632797
11,Western_East,63.74247742
11,Western_East,63.55413437
11,Western_East,63.32024002
11,Western_East,63.07987213
11,Western_East,62.84648514
11,Western_East,62.60824203
11,Western_East,62.36714554
11,Western_East,62.23611069
11,Western_East,62.12830734
11,Western_East,62.08413696
11,Western_East,62.02153397
11,Western_East,61.96570206
11,Western_East,61.94264221
11,Western_East,61.93077087
11,Western_East,61.91399765
11,Western_East,61.88774872
11,Western_East,61.87467575
11,Western_East,61.87402344
11,Western_East,61.88156509
11,Western_East,61.87929916
11,Western_East,61.86647415
11,Western_East,61.84898376
11,Western_East,61.83021545
11,Western_East,61.82222748
11,Western_East,61.8151207
11,Western_East,61.81190491
11,Western_East,61.79688644
11,Western_East,61.77996063
11,Western_East,61.75478363
11,Western_East,61.73942184
11,Western_East,61.71609879
11,Western_East,61.69589996
11,Western_East,61.71825027
11,Western_East,61.76308441
11,Western_East,61.8535614
11,Western_East,61.93281555
11,Western_East,62.00802612
11,Western_East,62.06948471
11,Western_East,62.1399231
11,Western_East,62.22907257
11,Western_East,62.34140396
11,Western_East,62.4774704
11,Western_East,62.64186859
11,Western_East,62.87084961
11,Western_East,63.15275192
11,Western_East,63.44963837
11,Western_East,63.75010681
11,Western_East,64.00701141
11,Western_East,64.23169708
11,Western_East,64.40882874
11,Western_East,64.54499054
11,Western_East,64.64050293
11,Western_East,64.71633911
11,Western_East,64.77487183
11,Western_East,64.81034088
11,Western_East,64.82870483
11,Western_East,64.8315506
11,Western_East,64.83193207
11,Western_East,64.82672119
11,Western_East,64.82257843
11,Western_East,64.81921387
11,Western_East,64.83317566
11,Western_East,64.85997009
11,Western_East,64.90424347
11,Western_East,64.96063232
11,Western_East,65.04066467
11,Western_East,65.13672638
11,Western_East,65.25115204
11,Western_East,65.3691864
11,Western_East,65.48888397
11,Western_East,65.5868454
11,Western_East,65.68577576
11,Western_East,65.77340698
11,Western_East,65.86962128
11,Western_East,65.98551178
11,Western_East,66.11542511
11,Western_East,66.25829315
11,Western_East,66.41761017
11,Western_East,66.5892868
11,Western_East,66.73899078
11,Western_East,66.86585999
11,Western_East,66.93489838
11,Western_East,66.98671722
11,Western_East,67.0195694
11,Western_East,67.04983521
11,Western_East,67.06467438
11,Western_East,67.07550049
11,Western_East,67.09181213
11,Western_East,67.12338257
11,Western_East,67.16014099
11,Western_East,67.19813538
11,Western_East,67.22846985
11,Western_East,67.24765015
11,Western_East,67.26103973
11,Western_East,67.27507782
11,Western_East,67.29827881
11,Western_East,67.32830048
11,Western_East,67.35559845
11,Western_East,67.37567139
11,Western_East,67.39533997
11,Western_East,67.41438293
11,Western_East,67.44075012
11,Western_East,67.46549225
11,Western_East,67.47894287
11,Western_East,67.48761749
11,Western_East,67.50060272
11,Western_East,67.51269531
11,Western_East,67.5253067
11,Western_East,67.53478241
11,Western_East,67.5447998
11,Western_East,67.55685425
11,Western_East,67.55205536
11,Western_East,67.53440094
11,Western_East,67.55132294
11,Western_East,67.58513641
11,Western_East,67.62778473
11,Western_East,67.66098785
11,Western_East,67.66080475
11,Western_East,67.6522522
11,Western_East,67.63320923
11,Western_East,67.62019348
11,Western_East,67.61413574
11,Western_East,67.62388611
11,Western_East,67.64207458
11,Western_East,67.66773987
11,Western_East,67.69125366
11,Western_East,67.71446228
11,Western_East,67.74459839
11,Western_East,67.78705597
11,Western_East,67.8347168
11,Western_East,67.8742218
11,Western_East,67.89511108
11,Western_East,67.90700531
11,Western_East,67.90656281
11,Western_East,67.90455627
11,Western_East,67.92711639
11,Western_East,67.93975067
11,Western_East,67.93733978
11,Western_East,67.94166565
11,Western_East,67.9523468
11,Western_East,67.97745514
11,Western_East,68.01063538
11,Western_East,68.04724884
11,Western_East,68.07900238
11,Western_East,68.10887146
11,Western_East,68.13565063
11,Western_East,68.16147614
11,Western_East,68.17915344
11,Western_East,68.19342041
11,Western_East,68.20664978
11,Western_East,68.22077942
11,Western_East,68.23356628
11,Western_East,68.24461365
11,Western_East,68.25938416
11,Western_East,68.27172089
11,Western_East,68.28874207
11,Western_East,68.30169678
11,Western_East,68.31287384
11,Western_East,68.30410004
11,Western_East,68.28684998
11,Western_East,68.2854538
11,Western_East,68.28279114
11,Western_East,68.28292084
11,Western_East,68.28792572
11,Western_East,68.30702972
11,Western_East,68.33509064
11,Western_East,68.373909
11,Western_East,68.40874481
11,Western_East,68.45116425
11,Western_East,68.50292969
11,Western_East,68.55924988
11,Western_East,68.61805725
11,Western_East,68.67740631
11,Western_East,68.73187256
11,Western_East,68.78569794
11,Western_East,68.83312225
11,Western_East,68.87638092
11,Western_East,68.92021179
11,Western_East,68.96424103
11,Western_East,69.00803375
11,Western_East,69.05078125
11,Western_East,69.10289764
11,Western_East,69.15309143
11,Western_East,69.19126892
11,Western_East,69.22399902
11,Western_East,69.26187134
11,Western_East,69.30519867
11,Western_East,69.35169983
11,Western_East,69.39713287
11,Western_East,69.42592621
11,Western_East,69.45628357
11,Western_East,69.49633026
11,Western_East,69.4943924
11,Western_East,69.48628998
11,Western_East,69.4776535
11,Western_East,69.47288513
11,Western_East,69.47148895
11,Western_East,69.46116638
11,Western_East,69.45632172
11,Western_East,69.45383453
11,Western_East,69.44993591
11,Western_East,69.44134521
11,Western_East,69.43959808
11,Western_East,69.43690491
11,Western_East,69.43000031
11,Western_East,69.42493439
11,Western_East,69.42529297
11,Western_East,69.43068695
11,Western_East,69.43835449
11,Western_East,69.44213867
11,Western_East,69.44294739
11,Western_East,69.43746185
11,Western_East,69.43738556
11,Western_East,69.42630768
11,Western_East,69.4208374
11,Western_East,69.41716766
11,Western_East,69.40965271
11,Western_East,69.39221954
11,Western_East,69.37121582
11,Western_East,69.34905243
11,Western_East,69.32853699
11,Western_East,69.30839539
11,Western_East,69.28822327
