11,Western_West,69.28822327
11,Western_West,69.325737
11,Western_West,69.36492157
11,Western_West,69.40330505
11,Western_West,69.41899872
11,Western_West,69.42912292
11,Western_West,69.43797302
11,Western_West,69.4420929
11,Western_West,69.43153381
11,Western_West,69.42474365
11,Western_West,69.43387604
11,Western_West,69.43839264
11,Western_West,69.45127869
11,Western_West,69.45604706
11,Western_West,69.47176361
11,Western_West,69.477005
11,Western_West,69.49303436
11,Western_West,69.46847534
11,Western_West,69.41248322
11,Western_West,69.33488464
11,Western_West,69.25325775
11,Western_West,69.1889801
11,Western_West,69.10610199
11,Western_West,69.01685333
11,Western_West,68.93526459
11,Western_West,68.85385132
11,Western_West,68.76528931
11,Western_West,68.66417694
11,Western_West,68.5533905
11,Western_West,68.45282745
11,Western_West,68.38131714
11,Western_West,68.31344604
11,Western_West,68.28312683
11,Western_West,68.28387451
11,Western_West,68.29146576
11,Western_West,68.31138611
11,Western_West,68.2889328
11,Western_West,68.26107025
11,Western_West,68.23673248
11,Western_West,68.21244049
11,Western_West,68.18692017
11,Western_West,68.15392303
11,Western_West,68.10450745
11,Western_West,68.04678345
11,Western_West,67.98123169
11,Western_West,67.94400787
11,Western_West,67.93812561
11,Western_West,67.91679382
11,Western_West,67.9074173
11,Western_West,67.89266968
11,Western_West,67.83295441
11,Western_West,67.7483902
11,Western_West,67.69652557
11,Western_West,67.65224457
11,Western_West,67.61663818
11,Western_West,67.62319183
11,Western_West,67.65657806
11,Western_West,67.66148376
11,Western_West,67.58843231
11,Western_West,67.53094482
11,Western_West,67.56004333
11,Western_West,67.53860474
11,Western_West,67.52056885
11,Western_West,67.49816895
11,Western_West,67.47937012
11,Western_West,67.44389343
11,Western_West,67.40077972
11,Western_West,67.36456299
11,Western_West,67.31327057
11,Western_West,67.27085114
11,Western_West,67.24499512
11,Western_West,67.19553375
11,Western_West,67.12533569
11,Western_West,67.07922363
11,Western_West,67.09147644
11,Western_West,67.07409668
11,Western_West,67.04534149
11,Western_West,66.98640442
11,Western_West,66.87434387
11,Western_West,66.62916565
11,Western_West,66.31964874
11,Western_West,66.05434418
11,Western_West,65.84263611
11,Western_West,65.67790985
11,Western_West,65.49491882
11,Western_West,65.27916718
11,Western_West,65.0803833
11,Western_West,64.9436264
11,Western_West,64.8688736
11,Western_West,64.8475647
11,Western_West,64.85549164
11,Western_West,64.85977173
11,Western_West,64.84074402
11,Western_West,64.75610352
11,Western_West,64.60328674
11,Western_West,64.33554077
11,Western_West,63.9256134
11,Western_West,63.40155411
11,Western_West,62.87728119
11,Western_West,62.52405167
11,Western_West,62.29034424
11,Western_West,62.13077164
11,Western_West,62.00130463
11,Western_West,61.84183121
11,Western_West,61.7272377
11,Western_West,61.73818207
11,Western_West,61.7732048
11,Western_West,61.80453491
11,Western_West,61.81822205
11,Western_West,61.82331848
11,Western_West,61.85070038
11,Western_West,61.87198639
11,Western_West,61.85958862
11,Western_West,61.87915421
11,Western_West,61.91272736
11,Western_West,61.92775726
11,Western_West,62.03392792
11,Western_West,62.13228226
11,Western_West,62.39587021
11,Western_West,62.84853745
11,Western_West,63.3108902
11,Western_West,63.72213364
11,Western_West,63.95245743
11,Western_West,64.0824585
11,Western_West,64.19194031
11,Western_West,64.2674408
11,Western_West,64.33430481
11,Western_West,64.40937042
11,Western_West,64.47956848
11,Western_West,64.54410553
11,Western_West,64.59076691
11,Western_West,64.62874603
11,Western_West,64.67407227
11,Western_West,64.74492645
11,Western_West,64.79832458
11,Western_West,64.8246994
11,Western_West,64.85624695
11,Western_West,64.90546417
11,Western_West,64.95031738
11,Western_West,64.96609497
11,Western_West,64.95436859
11,Western_West,64.9449234
11,Western_West,64.92230988
11,Western_West,64.92451477
11,Western_West,64.93412781
11,Western_West,64.92378235
11,Western_West,64.88034058
11,Western_West,64.89060211
11,Western_West,64.93115997
11,Western_West,64.93979645
11,Western_West,64.98485565
11,Western_West,65.01965332
11,Western_West,65.0585022
11,Western_West,65.12680054
11,Western_West,65.19966888
11,Western_West,65.25710297
11,Western_West,65.30181122
11,Western_West,65.36652374
11,Western_West,65.40439606
11,Western_West,65.4181366
11,Western_West,65.45456696
11,Western_West,65.51593781
11,Western_West,65.55848694
11,Western_West,65.58778381
11,Western_West,65.63408661
11,Western_West,65.68947601
11,Western_West,65.7791748
11,Western_West,65.89485168
11,Western_West,66.01144409
11,Western_West,66.11371613
11,Western_West,66.22470093
11,Western_West,66.31556702
11,Western_West,66.37252045
11,Western_West,66.40187073
11,Western_West,66.41469574
11,Western_West,66.42700958
11,Western_West,66.43907928
11,Western_West,66.45114899
11,Western_West,66.4631424
11,Western_West,66.47576141
11,Western_West,66.4957962
11,Western_West,66.51139832
11,Western_West,66.52365112
11,Western_West,66.56781769
11,Western_West,66.61538696
11,Western_West,66.69517517
11,Western_West,66.82091522
11,Western_West,66.88552856
11,Western_West,66.91503906
11,Western_West,66.95993805
11,Western_West,67.07027435
11,Western_West,67.17948914
11,Western_West,67.21932983
11,Western_West,67.26112366
11,Western_West,67.31990814
11,Western_West,67.34541321
11,Western_West,67.41916656
11,Western_West,67.44324493
11,Western_West,67.41921997
11,Western_West,67.44417572
11,Western_West,67.515625
11,Western_West,67.55799866
11,Western_West,67.55738068
11,Western_West,67.5888443
11,Western_West,67.63993073
11,Western_West,67.66716766
11,Western_West,67.70441437
11,Western_West,67.71232605
11,Western_West,67.72020721
11,Western_West,67.73134613
11,Western_West,67.77702332
11,Western_West,67.81124115
11,Western_West,67.81641388
11,Western_West,67.82044983
11,Western_West,67.83745575
11,Western_West,67.86955261
11,Western_West,67.90353394
11,Western_West,67.91553497
11,Western_West,67.91729736
11,Western_West,67.92869568
11,Western_West,67.96154785
11,Western_West,67.98815155
11,Western_West,68.00144958
11,Western_West,68.01101685
11,Western_West,68.01593018
11,Western_West,68.01607513
11,Western_West,68.01602173
11,Western_West,68.01602173
11,Western_West,68.01597595
11,Western_West,68.01732635
11,Western_West,68.04141998
11,Western_West,68.07798767
11,Western_West,68.04319
11,Western_West,68.02217102
11,Western_West,68.05335999
11,Western_West,68.05317688
11,Western_West,68.03375244
11,Western_West,68.03485107
11,Western_West,68.02173615
11,Western_West,68.01643372
11,Western_West,68.0160141
11,Western_West,68.02931976
11,Western_West,68.05516052
11,Western_West,68.07946777
11,Western_West,68.07714844
11,Western_West,68.06397247
11,Western_West,68.06910706
11,Western_West,68.08327484
11,Western_West,68.09506226
11,Western_West,68.1072464
11,Western_West,68.10601044
11,Western_West,68.07687378
11,Western_West,68.05931091
11,Western_West,68.07427216
11,Western_West,68.10328674
11,Western_West,68.15301514
11,Western_West,68.15301514
11,Western_West,68.1867981
11,Western_West,68.20467377
11,Western_West,68.21418762
11,Western_West,68.21902466
11,Western_West,68.22862244
11,Western_West,68.24595642
11,Western_West,68.26743317
11,Western_West,68.28206635
11,Western_West,68.29407501
11,Western_West,68.30589294
11,Western_West,68.31244659
11,Western_West,68.31707764
11,Western_West,68.31452942
11,Western_West,68.31003571
11,Western_West,68.30765533
11,Western_West,68.31465912
11,Western_West,68.32426453
11,Western_West,68.34275818
11,Western_West,68.37365723
11,Western_West,68.40087128
11,Western_West,68.40922546
11,Western_West,68.41225433
11,Western_West,68.41430664
11,Western_West,68.41617584
11,Western_West,68.41698456
11,Western_West,68.41516113
11,Western_West,68.41320801
11,Western_West,68.41766357
11,Western_West,68.43783569
11,Western_West,68.46687317
11,Western_West,68.47677612
11,Western_West,68.47507477
11,Western_West,68.47654724
11,Western_West,68.4899826
11,Western_West,68.52129364
11,Western_West,68.58317566
11,Western_West,68.62944794
11,Western_West,68.62757111
11,Western_West,68.6259079
11,Western_West,68.63795471
11,Western_West,68.67436218
11,Western_West,68.70384979
11,Western_West,68.74356842
11,Western_West,68.77021027
11,Western_West,68.79707336
11,Western_West,68.83798218
11,Western_West,68.89136505
11,Western_West,68.94553375
11,Western_West,68.97605133
11,Western_West,69.00894928
11,Western_West,69.04268646
11,Western_West,69.08377838
11,Western_West,69.11965942
11,Western_West,69.14936066
11,Western_West,69.17739868
11,Western_West,69.20111084
11,Western_West,69.21965027
11,Western_West,69.2574234
11,Western_West,69.29760742
11,Western_West,69.33584595
11,Western_West,69.36812592
11,Western_West,69.40346527
11,Western_West,69.43588257
11,Western_West,69.46878815
11,Western_West,69.50569153
11,Western_West,69.54852295
11,Western_West,69.59715271
11,Western_West,69.64871216
11,Western_West,69.70305634
11,Western_West,69.7539978
11,Western_West,69.79801941
11,Western_West,69.8331604
11,Western_West,69.86675262
11,Western_West,69.89912415
11,Western_West,69.9124527
11,Western_West,69.92056274
11,Western_West,69.92879486
11,Western_West,69.95701599
11,Western_West,69.98008728
11,Western_West,69.99417877
11,Western_West,70.02895355
11,Western_West,70.06715393
11,Western_West,70.09915924
11,Western_West,70.11141968
11,Western_West,70.1162262
11,Western_West,70.11600494
11,Western_West,70.11693573
11,Western_West,70.11921692
11,Western_West,70.12861633
11,Western_West,70.13757324
11,Western_West,70.13899994
11,Western_West,70.12722015
11,Western_West,70.11341858
11,Western_West,70.10343933
11,Western_West,70.08209229
11,Western_West,70.07269287
11,Western_West,70.07836914
11,Western_West,70.09235382
11,Western_West,70.09713745
11,Western_West,70.1006546
11,Western_West,70.08725739
11,Western_West,70.0798111
11,Western_West,70.09085083
11,Western_West,70.11621094
11,Western_West,70.14035034
11,Western_West,70.15726471
11,Western_West,70.17255402
11,Western_West,70.18424988
11,Western_West,70.1798172
11,Western_West,70.17326355
11,Western_West,70.1639328
11,Western_West,70.15101624
11,Western_West,70.14291382
11,Western_West,70.14529419
11,Western_West,70.15316772
11,Western_West,70.14111328
11,Western_West,70.09680176
11,Western_West,70.02965546
11,Western_West,69.95358276
11,Western_West,69.86488342
11,Western_West,69.73614502
11,Western_West,69.57543182
11,Western_West,69.39360809
11,Western_West,69.1980896
11,Western_West,68.99372101
11,Western_West,68.79359436
11,Western_West,68.60394287
11,Western_West,68.42080688
11,Western_West,68.23429108
11,Western_West,68.05774689
11,Western_West,67.89120483
11,Western_West,67.76210022
11,Western_West,67.66791534
11,Western_West,67.59975433
11,Western_West,67.54896545
11,Western_West,67.50494385
11,Western_West,67.46324158
11,Western_West,67.48374939
11,Western_West,67.45565796
11,Western_West,67.41819
11,Western_West,67.38679504
11,Western_West,67.36074066
11,Western_West,67.35183716
11,Western_West,67.36181641
11,Western_West,67.38246918
11,Western_West,67.43548584
11,Western_West,67.50576782
11,Western_West,67.60225677
11,Western_West,67.70565033
11,Western_West,67.80214691
11,Western_West,67.89580536
11,Western_West,67.97272491
11,Western_West,68.03605652
11,Western_West,68.05714417
11,Western_West,68.06507111
11,Western_West,68.06697083
11,Western_West,68.08191681
11,Western_West,68.09803772
11,Western_West,68.14871979
11,Western_West,68.15257263
11,Western_West,68.14401245
11,Western_West,68.19119263
11,Western_West,68.25778198
11,Western_West,68.31832123
11,Western_West,68.36690521
11,Western_West,68.41481018
11,Western_West,68.48291779
11,Western_West,68.55383301
11,Western_West,68.60608673
11,Western_West,68.6470871
11,Western_West,68.69260406
11,Western_West,68.72637177
11,Western_West,68.7503891
11,Western_West,68.77095795
11,Western_West,68.81330109
11,Western_West,68.85999298
11,Western_West,68.91205597
11,Western_West,68.95449829
11,Western_West,68.98908997
11,Western_West,69.01078033
11,Western_West,69.02015686
11,Western_West,69.0177536
11,Western_West,69.02519989
11,Western_West,69.04389954
11,Western_West,69.06336975
11,Western_West,69.05924225
11,Western_West,69.04602051
11,Western_West,69.05488586
11,Western_West,69.05317688
11,Western_West,69.03862762
11,Western_West,69.02514648
11,Western_West,69.0174408
11,Western_West,69.01563263
11,Western_West,69.01633453
11,Western_West,69.01607513
11,Western_West,69.01596832
11,Western_West,69.01598358
11,Western_West,69.0160141
11,Western_West,69.0160141
11,Western_West,69.0160141
11,Western_West,69.0160141
11,Western_West,69.0160141
11,Western_West,69.0160141
11,Western_West,69.0160141
11,Western_West,69.01596832
11,Western_West,69.01594543
11,Western_West,69.01612854
11,Western_West,69.01718903
11,Western_West,69.01772308
11,Western_West,69.01669312
11,Western_West,69.01596069
11,Western_West,69.0178833
11,Western_West,69.0283432
11,Western_West,69.03920746
11,Western_West,69.05340576
11,Western_West,69.10296631
11,Western_West,69.15992737
11,Western_West,69.23589325
11,Western_West,69.31245422
11,Western_West,69.38231659
11,Western_West,69.47077179
11,Western_West,69.55648041
11,Western_West,69.65315247
11,Western_West,69.80857086
11,Western_West,70.04600525
11,Western_West,70.38905334
11,Western_West,70.84628296
11,Western_West,71.29756927
11,Western_West,71.73138428
11,Western_West,72.10706329
11,Western_West,72.48082733
11,Western_West,72.82780457
11,Western_West,73.07078552
11,Western_West,73.27762604
11,Western_West,73.46177673
11,Western_West,73.65696716
11,Western_West,73.85741425
11,Western_West,74.05742645
11,Western_West,74.2507019
11,Western_West,74.44506836
11,Western_West,74.63459778
11,Western_West,74.8160553
11,Western_West,74.98490906
11,Western_West,75.1192627
11,Western_West,75.22494507
11,Western_West,75.30882263
11,Western_West,75.39450073
11,Western_West,75.47286987
11,Western_West,75.54735565
11,Western_West,75.64703369
11,Western_West,75.75236511
11,Western_West,75.76200104
11,Western_West,75.70548248
11,Western_West,75.67648315
11,Western_West,75.64670563
11,Western_West,75.64670563
11,Western_West,75.68240356
11,Western_West,75.71873474
11,Western_West,75.78569794
11,Western_West,75.8861084
11,Western_West,75.97949982
11,Western_West,76.10197449
11,Western_West,76.23379517
11,Western_West,76.36401367
11,Western_West,76.4756546
11,Western_West,76.58630371
11,Western_West,76.70118713
11,Western_West,76.80256653
11,Western_West,76.86645508
11,Western_West,76.89594269
11,Western_West,76.88912964
11,Western_West,76.87416077
11,Western_West,76.86915588
11,Western_West,76.86816406
11,Western_West,76.85662842
11,Western_West,76.8469696
11,Western_West,76.86790466
11,Western_West,76.94740295
11,Western_West,76.98047638
11,Western_West,76.90161133
11,Western_West,76.83988953
11,Western_West,76.82805634
11,Western_West,76.77455139
11,Western_West,76.71764374
11,Western_West,76.68499756
11,Western_West,76.69133759
11,Western_West,76.697258
11,Western_West,76.68379974
11,Western_West,76.65332794
11,Western_West,76.61989594
11,Western_West,76.58714294
11,Western_West,76.55038452
11,Western_West,76.50553131
11,Western_West,76.46166992
11,Western_West,76.41856384
11,Western_West,76.3714447
11,Western_West,76.30548859
11,Western_West,76.23915863
11,Western_West,76.17485809
11,Western_West,76.11090851
11,Western_West,76.02002716
11,Western_West,75.90380096
11,Western_West,75.77937317
11,Western_West,75.67915344
11,Western_West,75.56704712
11,Western_West,75.44970703
11,Western_West,75.31365204
11,Western_West,75.16184235
11,Western_West,75.00189209
11,Western_West,74.84581757
11,Western_West,74.6881485
11,Western_West,74.54256439
11,Western_West,74.41815186
11,Western_West,74.28891754
11,Western_West,74.15343475
11,Western_West,74.03736877
11,Western_West,73.94364166
11,Western_West,73.8853302
11,Western_West,73.83267975
11,Western_West,73.76755524
11,Western_West,73.70015717
11,Western_West,73.68682861
11,Western_West,73.69071198
11,Western_West,73.72145081
11,Western_West,73.77708435
11,Western_West,73.83953094
11,Western_West,73.87890625
11,Western_West,73.89541626
11,Western_West,73.90211487
11,Western_West,73.91366577
11,Western_West,73.91186523
11,Western_West,73.87425995
11,Western_West,73.83571625
11,Western_West,73.79351044
11,Western_West,73.72655487
11,Western_West,73.56908417
11,Western_West,73.39611053
11,Western_West,73.27533722
11,Western_West,73.2234726
11,Western_West,73.22996521
11,Western_West,73.22682953
11,Western_West,73.22355652
11,Western_West,73.20297241
11,Western_West,73.16631317
11,Western_West,73.13761902
11,Western_West,73.13550568
11,Western_West,73.16259003
11,Western_West,73.21533966
11,Western_West,73.26687622
11,Western_West,73.30214691
11,Western_West,73.29595184
11,Western_West,73.23069
11,Western_West,73.10785675
11,Western_West,72.87805176
11,Western_West,72.64404297
11,Western_West,72.41890717
11,Western_West,72.21685791
11,Western_West,72.06481934
11,Western_West,71.94816589
11,Western_West,71.82600403
11,Western_West,71.67325592
11,Western_West,71.52700806
11,Western_West,71.44480133
11,Western_West,71.38096619
11,Western_West,71.30316162
11,Western_West,71.1105957
11,Western_West,70.84690094
11,Western_West,70.51914978
11,Western_West,70.14382172
11,Western_West,69.77451324
11,Western_West,69.49807739
11,Western_West,69.38752747
11,Western_West,69.27522278
11,Western_West,69.14015961
11,Western_West,68.98680878
11,Western_West,68.85876465
11,Western_West,68.73229218
11,Western_West,68.63283539
11,Western_West,68.55091095
11,Western_West,68.55547333
11,Western_West,68.59101868
11,Western_West,68.64134216
11,Western_West,68.69998169
11,Western_West,68.76991272
11,Western_West,68.84400177
11,Western_West,68.91674805
11,Western_West,68.99827576
11,Western_West,69.07144165
11,Western_West,69.12532806
11,Western_West,69.18608093
11,Western_West,69.26795959
11,Western_West,69.33703613
11,Western_West,69.40185547
11,Western_West,69.47615051
11,Western_West,69.55228424
11,Western_West,69.62391663
11,Western_West,69.69173431
11,Western_West,69.8395462
11,Western_West,70.03472137
11,Western_West,70.2674408
11,Western_West,70.57220459
11,Western_West,70.92298889
11,Western_West,71.23633575
11,Western_West,71.51198578
11,Western_West,71.76933289
11,Western_West,72.01274109
11,Western_West,72.2096405
11,Western_West,72.3138504
11,Western_West,72.33187103
11,Western_West,72.30870056
11,Western_West,72.2526474
11,Western_West,72.149086
11,Western_West,72.05863953
11,Western_West,72.00100708
11,Western_West,72.0131073
11,Western_West,72.05657196
11,Western_West,72.11574554
11,Western_West,72.17446899
11,Western_West,72.20680237
11,Western_West,72.25654602
11,Western_West,72.31813812
11,Western_West,72.3961792
11,Western_West,72.44409943
11,Western_West,72.43219757
11,Western_West,72.37832642
11,Western_West,72.33102417
11,Western_West,72.32025146
11,Western_West,72.31594849
11,Western_West,72.31606293
11,Western_West,72.3157196
11,Western_West,72.31557465
11,Western_West,72.32076263
11,Western_West,72.32854462
11,Western_West,72.34664917
11,Western_West,72.36401367
11,Western_West,72.36698151
11,Western_West,72.36683655
11,Western_West,72.34420013
11,Western_West,72.29174805
11,Western_West,72.21109009
11,Western_West,72.16796875
11,Western_West,72.12949371
11,Western_West,72.05558014
11,Western_West,71.90952301
11,Western_West,71.71035004
11,Western_West,71.50149536
11,Western_West,71.27560425
11,Western_West,71.06962585
11,Western_West,70.89212036
11,Western_West,70.70367432
11,Western_West,70.50016785
11,Western_West,70.27336884
11,Western_West,70.0328598
11,Western_West,69.77371216
11,Western_West,69.54940033
11,Western_West,69.3420105
11,Western_West,69.14866638
11,Western_West,68.96270752
11,Western_West,68.7768631
11,Western_West,68.59950256
11,Western_West,68.43186188
11,Western_West,68.25453186
11,Western_West,68.07636261
11,Western_West,67.89909363
11,Western_West,67.7233429
11,Western_West,67.54431915
11,Western_West,67.38439178
11,Western_West,67.25395203
11,Western_West,67.15476227
11,Western_West,67.05395508
11,Western_West,66.93318176
11,Western_West,66.76990509
11,Western_West,66.59030914
11,Western_West,66.41088104
11,Western_West,66.23252106
11,Western_West,66.02288055
11,Western_West,65.80744934
11,Western_West,65.60498047
11,Western_West,65.40719604
11,Western_West,65.19870758
11,Western_West,65.00624084
11,Western_West,64.83558655
11,Western_West,64.68854523
11,Western_West,64.54470825
11,Western_West,64.3881073
11,Western_West,64.22996521
11,Western_West,64.12540436
11,Western_West,64.13449097
11,Western_West,64.06612396
11,Western_West,63.91085434
11,Western_West,63.78877258
11,Western_West,63.70617676
11,Western_West,63.64651489
11,Western_West,63.58279419
11,Western_West,63.51963043
11,Western_West,63.46334457
11,Western_West,63.40706635
11,Western_West,63.35094833
11,Western_West,63.29492569
11,Western_West,63.22650528
11,Western_West,63.16165543
11,Western_West,63.09792709
11,Western_West,63.03269577
11,Western_West,62.97110748
11,Western_West,62.9124527
11,Western_West,62.85800552
11,Western_West,62.80897903
11,Western_West,62.76132584
11,Western_West,62.70553589
11,Western_West,62.63715363
11,Western_West,62.55332947
11,Western_West,62.55332947
11,Western_West,62.4588623
11,Western_West,62.41557693
11,Western_West,62.39955521
11,Western_West,62.41323471
11,Western_West,62.46592712
11,Western_West,62.54017258
11,Western_West,62.63132477
11,Western_West,62.74199295
11,Western_West,62.88957977
11,Western_West,63.06822968
11,Western_West,63.22060013
11,Western_West,63.30432892
11,Western_West,63.36165237
11,Western_West,63.37984467
11,Western_West,63.30217361
11,Western_West,63.1949501
11,Western_West,63.03329468
11,Western_West,62.87524033
11,Western_West,62.70107269
11,Western_West,62.4991951
11,Western_West,62.30692673
11,Western_West,62.12155914
11,Western_West,61.91871262
11,Western_West,61.76580811
11,Western_West,61.69239044
11,Western_West,61.60779572
11,Western_West,61.50873184
11,Western_West,61.43815231
11,Western_West,61.39195633
11,Western_West,61.40265274
11,Western_West,61.39104462
11,Western_West,61.35313416
11,Western_West,61.28593826
11,Western_West,61.19345093
11,Western_West,61.10369492
11,Western_West,61.03720093
11,Western_West,60.98557663
11,Western_West,60.91102219
11,Western_West,60.8215332
11,Western_West,60.74634552
11,Western_West,60.69900894
11,Western_West,60.651371
11,Western_West,60.59953308
11,Western_West,60.53872299
11,Western_West,60.49010849
11,Western_West,60.46833038
11,Western_West,60.43618393
11,Western_West,60.38790131
11,Western_West,60.34036636
11,Western_West,60.28884125
11,Western_West,60.21178818
11,Western_West,60.11818695
11,Western_West,60.03061676
11,Western_West,59.94913483
11,Western_West,59.85997009
11,Western_West,59.77356339
11,Western_West,59.69001007
11,Western_West,59.59630966
11,Western_West,59.52709961
11,Western_West,59.46014404
11,Western_West,59.39196777
11,Western_West,59.32222748
11,Western_West,59.24026871
11,Western_West,59.13479614
11,Western_West,59.04199219
11,Western_West,58.98228836
11,Western_West,58.94584656
11,Western_West,58.89732742
11,Western_West,58.80490494
11,Western_West,58.71735764
11,Western_West,58.66352844
11,Western_West,58.58398056
11,Western_West,58.5267067
11,Western_West,58.51763535
11,Western_West,58.45717621
11,Western_West,58.38316345
11,Western_West,58.31659698
11,Western_West,58.25029373
11,Western_West,58.15380859
11,Western_West,58.03345108
11,Western_West,57.94599152
11,Western_West,57.85519791
11,Western_West,57.73960876
11,Western_West,57.63970184
11,Western_West,57.50630188
11,Western_West,57.29550171
11,Western_West,57.03369522
11,Western_West,56.83789063
11,Western_West,56.68619537
11,Western_West,56.48413849
11,Western_West,56.20449448
11,Western_West,55.88508224
11,Western_West,55.65075684
11,Western_West,55.53242111
11,Western_West,55.51775742
11,Western_West,55.58075714
11,Western_West,55.68457794
11,Western_West,55.89706421
11,Western_West,56.16895294
11,Western_West,56.42737961
11,Western_West,56.62057877
11,Western_West,56.75975418
11,Western_West,56.88782501
11,Western_West,56.98003387
11,Western_West,57.11397552
11,Western_West,57.24221039
11,Western_West,57.28595734
11,Western_West,57.34820557
11,Western_West,57.42456436
11,Western_West,57.53280258
11,Western_West,57.65232086
11,Western_West,57.75946426
11,Western_West,57.88975143
11,Western_West,58.02851105
11,Western_West,58.23017883
11,Western_West,58.44963074
11,Western_West,58.62756348
11,Western_West,58.79360199
11,Western_West,58.96465683
11,Western_West,59.10011292
11,Western_West,59.21655655
11,Western_West,59.34204865
11,Western_West,59.47117996
11,Western_West,59.58602905
11,Western_West,59.70180511
11,Western_West,59.8183403
11,Western_West,59.97328949
11,Western_West,60.15262222
11,Western_West,60.33137131
11,Western_West,60.48569107
11,Western_West,60.64620209
11,Western_West,60.80456161
11,Western_West,60.9673233
11,Western_West,61.11164856
11,Western_West,61.22668839
11,Western_West,61.3163681
11,Western_West,61.38648605
11,Western_West,61.39339066
11,Western_West,61.34196472
11,Western_West,61.28109741
11,Western_West,61.23605728
11,Western_West,61.21043015
11,Western_West,61.17179108
11,Western_West,61.10979843
11,Western_West,61.05052185
11,Western_West,61.00294113
11,Western_West,60.95032883
11,Western_West,60.90312576
11,Western_West,60.85020447
11,Western_West,60.78393173
11,Western_West,60.7307663
11,Western_West,60.62942886
11,Western_West,60.53828812
11,Western_West,60.48229599
11,Western_West,60.4972229
11,Western_West,60.59886169
11,Western_West,60.74670792
11,Western_West,60.97305679
11,Western_West,61.29166412
11,Western_West,61.6908493
11,Western_West,62.27315521
11,Western_West,62.88735199
11,Western_West,63.39149475
11,Western_West,63.73867035
11,Western_West,63.90834808
11,Western_West,64.07655334
11,Western_West,64.2346344
11,Western_West,64.38510132
11,Western_West,64.52645874
11,Western_West,64.69190216
11,Western_West,64.85161591
11,Western_West,64.99902344
11,Western_West,65.14352417
11,Western_West,65.32976532
11,Western_West,65.54943085
11,Western_West,65.70751953
11,Western_West,65.84812164
11,Western_West,66.03825378
11,Western_West,66.25951385
11,Western_West,66.48361206
11,Western_West,66.72216797
11,Western_West,67.00179291
11,Western_West,67.296875
11,Western_West,67.55485535
11,Western_West,67.82034302
11,Western_West,68.09059906
11,Western_West,68.34700012
11,Western_West,68.61003113
11,Western_West,68.86105347
11,Western_West,69.07821655
11,Western_West,69.306427
11,Western_West,69.61882782
11,Western_West,70.23371124
11,Western_West,71.67808533
11,Western_West,73.50849152
11,Western_West,75.48215485
11,Western_West,77.11456299
11,Western_West,77.93019867
11,Western_West,78.80680847
11,Western_West,79.76843262
11,Western_West,80.771492
11,Western_West,81.70553589
11,Western_West,81.85652161
11,Western_West,81.97905731
11,Western_West,81.12839508
11,Western_West,80.12519073
11,Western_West,78.84037781
11,Western_West,77.87259674
11,Western_West,76.98126984
11,Western_West,76.1999054
11,Western_West,75.53221893
11,Western_West,75.0539093
11,Western_West,74.67272186
11,Western_West,74.26866913
11,Western_West,73.76364899
11,Western_West,73.01982117
11,Western_West,71.69090271
11,Western_West,70.38718414
11,Western_West,69.64337921
11,Western_West,70.59783936
11,Western_West,72.37359619
11,Western_West,74.37887573
11,Western_West,75.62721252
11,Western_West,75.99364471
11,Western_West,75.97249603
11,Western_West,75.9361496
11,Western_West,75.8607254
11,Western_West,75.67996216
11,Western_West,75.58786774
11,Western_West,75.55134583
11,Western_West,75.5321579
11,Western_West,75.58935547
11,Western_West,75.65045929
11,Western_West,75.74255371
11,Western_West,75.78110504
11,Western_West,75.75826263
11,Western_West,75.75873566
11,Western_West,75.78403473
11,Western_West,75.79281616
11,Western_West,75.76621246
11,Western_West,75.62174225
11,Western_West,75.52792358
11,Western_West,75.48343658
11,Western_West,75.45582581
11,Western_West,75.54022217
11,Western_West,75.69974518
11,Western_West,75.85430145
11,Western_West,75.98078918
11,Western_West,76.04241943
11,Western_West,76.065979
11,Western_West,76.05315399
11,Western_West,76.0309906
11,Western_West,76.01602936
11,Western_West,76.01602936
11,Western_West,76.00389862
