10,Greyhound_West,5.863290787
10,Greyhound_West,5.849955559
10,Greyhound_West,5.805539608
10,Greyhound_West,5.806080818
10,Greyhound_West,5.858388901
10,Greyhound_West,5.889605522
10,Greyhound_West,5.890034676
10,Greyhound_West,5.889579773
10,Greyhound_West,5.892943382
10,Greyhound_West,5.833240032
10,Greyhound_West,5.691590309
10,Greyhound_West,5.54031992
10,Greyhound_West,5.351111889
10,Greyhound_West,5.173077106
10,Greyhound_West,5.044137955
10,Greyhound_West,4.917376041
10,Greyhound_West,4.79462719
10,Greyhound_West,4.684559345
10,Greyhound_West,4.604999542
10,Greyhound_West,4.569825649
10,Greyhound_West,4.543266296
10,Greyhound_West,4.49082613
10,Greyhound_West,4.441801548
10,Greyhound_West,4.423710823
10,Greyhound_West,4.470065117
10,Greyhound_West,4.525299549
10,Greyhound_West,4.609190941
10,Greyhound_West,4.68647337
10,Greyhound_West,4.778334618
10,Greyhound_West,4.94410181
10,Greyhound_West,5.063431263
10,Greyhound_West,5.180140018
10,Greyhound_West,5.29909277
10,Greyhound_West,5.426469326
10,Greyhound_West,5.603040218
10,Greyhound_West,5.75682497
10,Greyhound_West,5.903285503
10,Greyhound_West,6.071592331
10,Greyhound_West,6.239279747
10,Greyhound_West,6.375838757
10,Greyhound_West,6.518444538
10,Greyhound_West,6.690815926
10,Greyhound_West,6.845265388
10,Greyhound_West,6.964097977
10,Greyhound_West,7.086028099
10,Greyhound_West,7.185626507
10,Greyhound_West,7.267268658
10,Greyhound_West,7.341410637
10,Greyhound_West,7.398505211
10,Greyhound_West,7.46598959
10,Greyhound_West,7.505225182
10,Greyhound_West,7.490063667
10,Greyhound_West,7.456776142
10,Greyhound_West,7.450636864
10,Greyhound_West,7.443703651
10,Greyhound_West,7.406315804
10,Greyhound_West,7.374544144
10,Greyhound_West,7.368768692
10,Greyhound_West,7.327661037
10,Greyhound_West,7.300583363
10,Greyhound_West,7.243321419
10,Greyhound_West,7.246048927
10,Greyhound_West,7.234682083
10,Greyhound_West,7.39110136
10,Greyhound_West,7.674040318
10,Greyhound_West,8.080163956
10,Greyhound_West,8.50479126
10,Greyhound_West,8.95977211
10,Greyhound_West,9.409675598
10,Greyhound_West,9.848097801
10,Greyhound_West,10.29860115
10,Greyhound_West,10.77035427
10,Greyhound_West,11.23857403
10,Greyhound_West,11.68059826
10,Greyhound_West,12.12521553
10,Greyhound_West,12.56004143
10,Greyhound_West,12.99277782
10,Greyhound_West,13.46099281
10,Greyhound_West,13.91985989
10,Greyhound_West,14.25389862
10,Greyhound_West,14.27928543
10,Greyhound_West,14.30259228
10,Greyhound_West,14.31266689
10,Greyhound_West,14.31664753
10,Greyhound_West,14.31922626
10,Greyhound_West,14.34753799
10,Greyhound_West,14.36134624
10,Greyhound_West,14.34773064
10,Greyhound_West,14.30150223
10,Greyhound_West,14.23106098
10,Greyhound_West,14.17053604
10,Greyhound_West,14.1440773
10,Greyhound_West,14.12367916
10,Greyhound_West,14.06493378
10,Greyhound_West,13.99332809
10,Greyhound_West,13.94132137
10,Greyhound_West,13.92318153
10,Greyhound_West,14.02325535
10,Greyhound_West,14.47356224
10,Greyhound_West,15.04715919
10,Greyhound_West,16.1465435
10,Greyhound_West,17.53152466
10,Greyhound_West,18.53432465
10,Greyhound_West,19.28517723
10,Greyhound_West,20.05022812
10,Greyhound_West,20.84967041
10,Greyhound_West,21.73070145
10,Greyhound_West,22.708992
10,Greyhound_West,23.68772697
10,Greyhound_West,24.56524467
10,Greyhound_West,25.34735107
10,Greyhound_West,26.12385559
10,Greyhound_West,26.94426918
10,Greyhound_West,28.06406784
10,Greyhound_West,29.42195702
10,Greyhound_West,30.34469795
10,Greyhound_West,30.79507446
10,Greyhound_West,31.15090179
10,Greyhound_West,31.51566887
10,Greyhound_West,31.89194489
10,Greyhound_West,32.29434586
10,Greyhound_West,32.69181061
10,Greyhound_West,33.11500549
10,Greyhound_West,33.63108444
10,Greyhound_West,34.24981308
10,Greyhound_West,34.89133072
10,Greyhound_West,34.91954422
10,Greyhound_West,34.95545197
10,Greyhound_West,34.97972107
10,Greyhound_West,35.08347321
10,Greyhound_West,35.21313095
10,Greyhound_West,35.39640808
10,Greyhound_West,35.74974823
10,Greyhound_West,36.24266815
10,Greyhound_West,36.86452103
10,Greyhound_West,37.47364044
10,Greyhound_West,38.08639908
10,Greyhound_West,38.75531006
10,Greyhound_West,39.42863464
10,Greyhound_West,40.17508316
10,Greyhound_West,40.97013092
10,Greyhound_West,41.73461533
10,Greyhound_West,42.49057388
10,Greyhound_West,43.14222717
10,Greyhound_West,43.75928879
10,Greyhound_West,44.39910507
10,Greyhound_West,45.05894852
10,Greyhound_West,45.55249786
10,Greyhound_West,45.87883759
10,Greyhound_West,46.18793106
10,Greyhound_West,46.48278809
10,Greyhound_West,46.75991821
10,Greyhound_West,47.04129791
10,Greyhound_West,47.31239319
10,Greyhound_West,47.55576706
10,Greyhound_West,47.81606293
10,Greyhound_West,48.09050369
10,Greyhound_West,48.41731262
10,Greyhound_West,48.80425262
10,Greyhound_West,49.33625031
10,Greyhound_West,49.93850327
10,Greyhound_West,50.53282928
10,Greyhound_West,51.02560425
10,Greyhound_West,51.48817825
10,Greyhound_West,51.80636215
10,Greyhound_West,52.0094223
10,Greyhound_West,52.2247467
10,Greyhound_West,52.42923737
10,Greyhound_West,52.63341522
10,Greyhound_West,52.84165192
10,Greyhound_West,53.05044937
10,Greyhound_West,53.26900482
10,Greyhound_West,53.49562073
10,Greyhound_West,53.74453354
10,Greyhound_West,54.00206757
10,Greyhound_West,54.2558403
10,Greyhound_West,54.50606155
10,Greyhound_West,54.8240509
10,Greyhound_West,55.2076416
10,Greyhound_West,55.60869598
10,Greyhound_West,55.98532104
10,Greyhound_West,56.34295273
10,Greyhound_West,56.74649429
10,Greyhound_West,57.14846802
10,Greyhound_West,57.55698776
10,Greyhound_West,57.79929352
10,Greyhound_West,57.96576691
10,Greyhound_West,58.13165665
10,Greyhound_West,58.26524734
10,Greyhound_West,58.40110397
10,Greyhound_West,58.5525322
10,Greyhound_West,58.67357635
10,Greyhound_West,58.79534531
10,Greyhound_West,58.90023804
10,Greyhound_West,59.02599716
10,Greyhound_West,59.14169312
10,Greyhound_West,59.2544632
10,Greyhound_West,59.3446579
10,Greyhound_West,59.38570023
10,Greyhound_West,59.46472549
10,Greyhound_West,59.5272789
10,Greyhound_West,59.61352158
10,Greyhound_West,59.73752594
10,Greyhound_West,59.88033676
10,Greyhound_West,60.0200882
10,Greyhound_West,60.09937286
10,Greyhound_West,60.17919922
10,Greyhound_West,60.29043579
10,Greyhound_West,60.41098785
10,Greyhound_West,60.54605484
10,Greyhound_West,60.73461151
10,Greyhound_West,60.89501572
10,Greyhound_West,61.03196716
10,Greyhound_West,61.16316986
10,Greyhound_West,61.27231216
10,Greyhound_West,61.37321472
10,Greyhound_West,61.43420029
10,Greyhound_West,61.43935776
10,Greyhound_West,61.42705917
10,Greyhound_West,61.44932556
10,Greyhound_West,61.48207855
10,Greyhound_West,61.55670929
10,Greyhound_West,61.59819794
10,Greyhound_West,61.68854141
10,Greyhound_West,61.81087112
10,Greyhound_West,61.9413681
10,Greyhound_West,61.93742371
10,Greyhound_West,61.96443939
10,Greyhound_West,61.99152374
10,Greyhound_West,61.96390152
10,Greyhound_West,62.03013992
10,Greyhound_West,62.12918472
10,Greyhound_West,62.21990967
10,Greyhound_West,62.38463974
10,Greyhound_West,62.54772186
10,Greyhound_West,62.70836258
10,Greyhound_West,63.02944565
10,Greyhound_West,63.50629807
10,Greyhound_West,63.83272934
10,Greyhound_West,64.03855896
10,Greyhound_West,64.18605804
10,Greyhound_West,64.26824188
10,Greyhound_West,64.36984253
10,Greyhound_West,64.47714996
10,Greyhound_West,64.51322937
10,Greyhound_West,64.54611206
10,Greyhound_West,64.58572388
10,Greyhound_West,64.68389893
10,Greyhound_West,64.78598022
10,Greyhound_West,64.77046204
10,Greyhound_West,64.75456238
10,Greyhound_West,64.68106842
10,Greyhound_West,64.63306427
10,Greyhound_West,64.66673279
10,Greyhound_West,64.70211792
10,Greyhound_West,64.70693207
10,Greyhound_West,64.70693207
10,Greyhound_West,64.71697235
10,Greyhound_West,64.74803925
10,Greyhound_West,64.80609131
10,Greyhound_West,64.84040833
10,Greyhound_West,64.87015533
10,Greyhound_West,64.95497131
10,Greyhound_West,65.06960297
10,Greyhound_West,65.22150421
10,Greyhound_West,65.45042419
10,Greyhound_West,65.64504242
10,Greyhound_West,65.88015747
10,Greyhound_West,66.13126373
10,Greyhound_West,66.40988159
10,Greyhound_West,66.72642517
10,Greyhound_West,66.96095276
10,Greyhound_West,67.13434601
10,Greyhound_West,67.35500336
10,Greyhound_West,67.51167297
10,Greyhound_West,67.56974792
10,Greyhound_West,67.59210205
10,Greyhound_West,67.66239166
10,Greyhound_West,67.7765274
10,Greyhound_West,67.89942169
10,Greyhound_West,68.01002502
10,Greyhound_West,68.08293915
10,Greyhound_West,68.19890594
10,Greyhound_West,68.28183746
10,Greyhound_West,68.38736725
10,Greyhound_West,68.5134964
10,Greyhound_West,68.60448456
10,Greyhound_West,68.65631104
10,Greyhound_West,68.67365265
10,Greyhound_West,68.64936829
10,Greyhound_West,68.63589478
10,Greyhound_West,68.63490295
10,Greyhound_West,68.60921478
10,Greyhound_West,68.61688232
10,Greyhound_West,68.70079803
10,Greyhound_West,68.8388443
10,Greyhound_West,68.98184967
10,Greyhound_West,69.08045197
10,Greyhound_West,69.14704132
10,Greyhound_West,69.1873703
10,Greyhound_West,69.21443939
10,Greyhound_West,69.27441406
10,Greyhound_West,69.35765076
10,Greyhound_West,69.39863586
10,Greyhound_West,69.41973114
10,Greyhound_West,69.43081665
10,Greyhound_West,69.43148041
10,Greyhound_West,69.44264221
10,Greyhound_West,69.48323059
10,Greyhound_West,69.50354004
10,Greyhound_West,69.46012115
10,Greyhound_West,69.3950882
10,Greyhound_West,69.29512024
10,Greyhound_West,69.21051025
10,Greyhound_West,69.12486267
10,Greyhound_West,69.02060699
10,Greyhound_West,68.92554474
10,Greyhound_West,68.8311615
10,Greyhound_West,68.71820068
10,Greyhound_West,68.59138489
10,Greyhound_West,68.46936798
10,Greyhound_West,68.38465881
10,Greyhound_West,68.31003571
10,Greyhound_West,68.28595734
10,Greyhound_West,68.28990936
10,Greyhound_West,68.31529236
10,Greyhound_West,68.30199432
10,Greyhound_West,68.26816559
10,Greyhound_West,68.23880005
10,Greyhound_West,68.20939636
10,Greyhound_West,68.18025208
10,Greyhound_West,68.12740326
10,Greyhound_West,68.06201935
10,Greyhound_West,67.98618317
10,Greyhound_West,67.94412994
10,Greyhound_West,67.94271088
10,Greyhound_West,67.90470886
10,Greyhound_West,67.90258026
10,Greyhound_West,67.85033417
10,Greyhound_West,67.75148773
10,Greyhound_West,67.6917038
10,Greyhound_West,67.63932037
10,Greyhound_West,67.61644745
10,Greyhound_West,67.64335632
10,Greyhound_West,67.66210175
10,Greyhound_West,67.59223175
10,Greyhound_West,67.53543854
10,Greyhound_West,67.55607605
10,Greyhound_West,67.53214264
10,Greyhound_West,67.50751495
10,Greyhound_West,67.48327637
10,Greyhound_West,67.44650269
10,Greyhound_West,67.39667511
10,Greyhound_West,67.35207367
10,Greyhound_West,67.28959656
10,Greyhound_West,67.25618744
10,Greyhound_West,67.2092514
10,Greyhound_West,67.12831116
10,Greyhound_West,67.07637024
10,Greyhound_West,67.09147644
10,Greyhound_West,67.06472015
10,Greyhound_West,67.00921631
10,Greyhound_West,66.90278625
10,Greyhound_West,66.64227295
10,Greyhound_West,66.28517151
10,Greyhound_West,65.98869324
10,Greyhound_West,65.76655579
10,Greyhound_West,65.56427002
10,Greyhound_West,65.32437897
10,Greyhound_West,65.08812714
10,Greyhound_West,64.93319702
10,Greyhound_West,64.85968018
10,Greyhound_West,64.85054779
10,Greyhound_West,64.86040497
10,Greyhound_West,64.85128784
10,Greyhound_West,64.76203918
10,Greyhound_West,64.57891846
10,Greyhound_West,64.23717499
10,Greyhound_West,63.71043015
10,Greyhound_West,63.06492996
10,Greyhound_West,62.58685684
10,Greyhound_West,62.30111313
10,Greyhound_West,62.11465454
10,Greyhound_West,61.95588684
10,Greyhound_West,61.76948166
10,Greyhound_West,61.72124863
10,Greyhound_West,61.76820374
10,Greyhound_West,61.80361176
10,Greyhound_West,61.81704712
10,Greyhound_West,61.82965851
10,Greyhound_West,61.86427307
10,Greyhound_West,61.86843109
10,Greyhound_West,61.87537384
10,Greyhound_West,61.91081238
10,Greyhound_West,61.93818665
10,Greyhound_West,62.06362534
10,Greyhound_West,62.23186111
10,Greyhound_West,62.68073654
10,Greyhound_West,63.22026443
10,Greyhound_West,63.70635223
10,Greyhound_West,63.96866608
10,Greyhound_West,64.11329651
10,Greyhound_West,64.23412323
10,Greyhound_West,64.30462646
10,Greyhound_West,64.39298248
10,Greyhound_West,64.47545624
10,Greyhound_West,64.54975891
10,Greyhound_West,64.6003952
10,Greyhound_West,64.64723206
10,Greyhound_West,64.71350861
10,Greyhound_West,64.78870392
10,Greyhound_West,64.82328796
10,Greyhound_West,64.86018372
10,Greyhound_West,64.91708374
10,Greyhound_West,64.95806885
10,Greyhound_West,64.96088409
10,Greyhound_West,64.94515991
10,Greyhound_West,64.92456055
10,Greyhound_West,64.92697906
10,Greyhound_West,64.93240356
10,Greyhound_West,64.90273285
10,Greyhound_West,64.87961578
10,Greyhound_West,64.92653656
10,Greyhound_West,64.93758392
10,Greyhound_West,64.98997498
10,Greyhound_West,65.02672577
10,Greyhound_West,65.08818817
10,Greyhound_West,65.17539215
10,Greyhound_West,65.25018311
10,Greyhound_West,65.29801178
10,Greyhound_West,65.37356567
10,Greyhound_West,65.40835571
10,Greyhound_West,65.42616272
10,Greyhound_West,65.49065399
10,Greyhound_West,65.55116272
10,Greyhound_West,65.58588409
10,Greyhound_West,65.64034271
10,Greyhound_West,65.7088623
10,Greyhound_West,65.82855988
10,Greyhound_West,65.96619415
10,Greyhound_West,66.09410858
10,Greyhound_West,66.21867371
10,Greyhound_West,66.32116699
10,Greyhound_West,66.3816452
10,Greyhound_West,66.40686798
10,Greyhound_West,66.42208099
10,Greyhound_West,66.4362793
10,Greyhound_West,66.45089722
10,Greyhound_West,66.46556854
10,Greyhound_West,66.4828949
10,Greyhound_West,66.5056839
10,Greyhound_West,66.52016449
10,Greyhound_West,66.5598526
10,Greyhound_West,66.61452484
10,Greyhound_West,66.71153259
10,Greyhound_West,66.84610748
10,Greyhound_West,66.90514374
10,Greyhound_West,66.93510437
10,Greyhound_West,67.03953552
10,Greyhound_West,67.17501831
10,Greyhound_West,67.2226181
10,Greyhound_West,67.27574921
10,Greyhound_West,67.3353653
10,Greyhound_West,67.39085388
10,Greyhound_West,67.44631195
10,Greyhound_West,67.42682648
10,Greyhound_West,67.45661163
10,Greyhound_West,67.54232025
10,Greyhound_West,67.56819916
10,Greyhound_West,67.58265686
10,Greyhound_West,67.6362915
10,Greyhound_West,67.66638184
10,Greyhound_West,67.70664978
10,Greyhound_West,67.7140274
10,Greyhound_West,67.72335815
10,Greyhound_West,67.75861359
10,Greyhound_West,67.80938721
10,Greyhound_West,67.81645966
10,Greyhound_West,67.82105255
10,Greyhound_West,67.84348297
10,Greyhound_West,67.88594055
10,Greyhound_West,67.91503143
10,Greyhound_West,67.91681671
10,Greyhound_West,67.9272995
10,Greyhound_West,67.96616364
10,Greyhound_West,67.99359894
10,Greyhound_West,68.00437164
10,Greyhound_West,68.0151062
10,Greyhound_West,68.01616669
10,Greyhound_West,68.01602173
10,Greyhound_West,68.01602173
10,Greyhound_West,68.01609039
10,Greyhound_West,68.02549744
10,Greyhound_West,68.06946564
10,Greyhound_West,68.04627228
10,Greyhound_West,68.03003693
10,Greyhound_West,68.0286026
10,Greyhound_West,68.01740265
10,Greyhound_West,68.0160141
10,Greyhound_West,68.03085327
10,Greyhound_West,68.06149292
10,Greyhound_West,68.08229065
10,Greyhound_West,68.07073212
10,Greyhound_West,68.06775665
10,Greyhound_West,68.0819931
10,Greyhound_West,68.09564972
10,Greyhound_West,68.10986328
10,Greyhound_West,68.09851837
10,Greyhound_West,68.06224823
10,Greyhound_West,68.06777191
10,Greyhound_West,68.09557343
10,Greyhound_West,68.15301514
10,Greyhound_West,68.15301514
10,Greyhound_West,68.1867981
10,Greyhound_West,68.20467377
10,Greyhound_West,68.21418762
10,Greyhound_West,68.21902466
10,Greyhound_West,68.22862244
10,Greyhound_West,68.24595642
10,Greyhound_West,68.26743317
10,Greyhound_West,68.28206635
10,Greyhound_West,68.29407501
10,Greyhound_West,68.30589294
10,Greyhound_West,68.31244659
10,Greyhound_West,68.31707764
10,Greyhound_West,68.31452942
10,Greyhound_West,68.31003571
10,Greyhound_West,68.30765533
10,Greyhound_West,68.31465912
10,Greyhound_West,68.32426453
10,Greyhound_West,68.34275818
10,Greyhound_West,68.37365723
10,Greyhound_West,68.40087128
10,Greyhound_West,68.40922546
10,Greyhound_West,68.41225433
10,Greyhound_West,68.41430664
10,Greyhound_West,68.41617584
10,Greyhound_West,68.41698456
10,Greyhound_West,68.41516113
10,Greyhound_West,68.41320801
10,Greyhound_West,68.41766357
10,Greyhound_West,68.43783569
10,Greyhound_West,68.46687317
10,Greyhound_West,68.47677612
10,Greyhound_West,68.47507477
10,Greyhound_West,68.47654724
10,Greyhound_West,68.4899826
10,Greyhound_West,68.52129364
10,Greyhound_West,68.58317566
10,Greyhound_West,68.62944794
10,Greyhound_West,68.62757111
10,Greyhound_West,68.6259079
10,Greyhound_West,68.63795471
10,Greyhound_West,68.67436218
10,Greyhound_West,68.70384979
10,Greyhound_West,68.74356842
10,Greyhound_West,68.77021027
10,Greyhound_West,68.79707336
10,Greyhound_West,68.83798218
10,Greyhound_West,68.89136505
10,Greyhound_West,68.94553375
10,Greyhound_West,68.97605133
10,Greyhound_West,69.00894928
10,Greyhound_West,69.04268646
10,Greyhound_West,69.08377838
10,Greyhound_West,69.11965942
10,Greyhound_West,69.14936066
10,Greyhound_West,69.17739868
10,Greyhound_West,69.20111084
10,Greyhound_West,69.21965027
10,Greyhound_West,69.2574234
10,Greyhound_West,69.29760742
10,Greyhound_West,69.33584595
10,Greyhound_West,69.36812592
10,Greyhound_West,69.40346527
10,Greyhound_West,69.43588257
10,Greyhound_West,69.46878815
10,Greyhound_West,69.50569153
10,Greyhound_West,69.54852295
10,Greyhound_West,69.59715271
10,Greyhound_West,69.64871216
10,Greyhound_West,69.70305634
10,Greyhound_West,69.7539978
10,Greyhound_West,69.79801941
10,Greyhound_West,69.8331604
10,Greyhound_West,69.86675262
10,Greyhound_West,69.89912415
10,Greyhound_West,69.9124527
10,Greyhound_West,69.92056274
10,Greyhound_West,69.92879486
10,Greyhound_West,69.95701599
10,Greyhound_West,69.98008728
10,Greyhound_West,69.99417877
10,Greyhound_West,70.02895355
10,Greyhound_West,70.06715393
10,Greyhound_West,70.09915924
10,Greyhound_West,70.11141968
10,Greyhound_West,70.1162262
10,Greyhound_West,70.11600494
10,Greyhound_West,70.11693573
10,Greyhound_West,70.11921692
10,Greyhound_West,70.12861633
10,Greyhound_West,70.13757324
10,Greyhound_West,70.13899994
10,Greyhound_West,70.12722015
10,Greyhound_West,70.11341858
10,Greyhound_West,70.10343933
10,Greyhound_West,70.08209229
10,Greyhound_West,70.07269287
10,Greyhound_West,70.07836914
10,Greyhound_West,70.09235382
10,Greyhound_West,70.09713745
10,Greyhound_West,70.1006546
10,Greyhound_West,70.08725739
10,Greyhound_West,70.0798111
10,Greyhound_West,70.09085083
10,Greyhound_West,70.11621094
10,Greyhound_West,70.14035034
10,Greyhound_West,70.15726471
10,Greyhound_West,70.17255402
10,Greyhound_West,70.18424988
10,Greyhound_West,70.1798172
10,Greyhound_West,70.17326355
10,Greyhound_West,70.1639328
10,Greyhound_West,70.15101624
10,Greyhound_West,70.14291382
10,Greyhound_West,70.14529419
10,Greyhound_West,70.15316772
10,Greyhound_West,70.14111328
10,Greyhound_West,70.09680176
10,Greyhound_West,70.02965546
10,Greyhound_West,69.95358276
10,Greyhound_West,69.86488342
10,Greyhound_West,69.73614502
10,Greyhound_West,69.57543182
10,Greyhound_West,69.39360809
10,Greyhound_West,69.1980896
10,Greyhound_West,68.99372101
10,Greyhound_West,68.79359436
10,Greyhound_West,68.60394287
10,Greyhound_West,68.42080688
10,Greyhound_West,68.23429108
10,Greyhound_West,68.05774689
10,Greyhound_West,67.89120483
10,Greyhound_West,67.76210022
10,Greyhound_West,67.66791534
10,Greyhound_West,67.59975433
10,Greyhound_West,67.54896545
10,Greyhound_West,67.50494385
10,Greyhound_West,67.46324158
10,Greyhound_West,67.48374939
10,Greyhound_West,67.45565796
10,Greyhound_West,67.41819
10,Greyhound_West,67.38679504
10,Greyhound_West,67.36074066
10,Greyhound_West,67.35183716
10,Greyhound_West,67.36181641
10,Greyhound_West,67.38246918
10,Greyhound_West,67.43548584
10,Greyhound_West,67.50576782
10,Greyhound_West,67.60225677
10,Greyhound_West,67.70565033
10,Greyhound_West,67.80214691
10,Greyhound_West,67.89580536
10,Greyhound_West,67.97272491
10,Greyhound_West,68.03605652
10,Greyhound_West,68.05714417
10,Greyhound_West,68.06507111
10,Greyhound_West,68.06697083
10,Greyhound_West,68.08191681
10,Greyhound_West,68.09803772
10,Greyhound_West,68.14871979
10,Greyhound_West,68.15257263
10,Greyhound_West,68.14401245
10,Greyhound_West,68.19119263
10,Greyhound_West,68.25778198
10,Greyhound_West,68.31832123
10,Greyhound_West,68.36690521
10,Greyhound_West,68.41481018
10,Greyhound_West,68.48291779
10,Greyhound_West,68.55383301
10,Greyhound_West,68.60608673
10,Greyhound_West,68.6470871
10,Greyhound_West,68.69260406
10,Greyhound_West,68.72637177
10,Greyhound_West,68.7503891
10,Greyhound_West,68.77095795
10,Greyhound_West,68.81330109
10,Greyhound_West,68.85999298
10,Greyhound_West,68.91205597
10,Greyhound_West,68.95449829
10,Greyhound_West,68.98908997
10,Greyhound_West,69.01078033
10,Greyhound_West,69.02015686
10,Greyhound_West,69.0177536
10,Greyhound_West,69.02519989
10,Greyhound_West,69.04389954
10,Greyhound_West,69.06336975
10,Greyhound_West,69.05924225
10,Greyhound_West,69.04602051
10,Greyhound_West,69.05488586
10,Greyhound_West,69.05317688
10,Greyhound_West,69.03862762
10,Greyhound_West,69.02514648
10,Greyhound_West,69.0174408
10,Greyhound_West,69.01563263
10,Greyhound_West,69.01633453
10,Greyhound_West,69.01607513
10,Greyhound_West,69.01596832
10,Greyhound_West,69.01598358
10,Greyhound_West,69.0160141
10,Greyhound_West,69.0160141
10,Greyhound_West,69.0160141
10,Greyhound_West,69.0160141
10,Greyhound_West,69.0160141
10,Greyhound_West,69.0160141
10,Greyhound_West,69.0160141
10,Greyhound_West,69.01596832
10,Greyhound_West,69.01594543
10,Greyhound_West,69.01612854
10,Greyhound_West,69.01718903
10,Greyhound_West,69.01772308
10,Greyhound_West,69.01669312
10,Greyhound_West,69.01596069
10,Greyhound_West,69.0178833
10,Greyhound_West,69.0283432
10,Greyhound_West,69.03920746
10,Greyhound_West,69.05340576
10,Greyhound_West,69.10296631
10,Greyhound_West,69.15992737
10,Greyhound_West,69.23589325
10,Greyhound_West,69.31245422
10,Greyhound_West,69.38231659
10,Greyhound_West,69.47077179
10,Greyhound_West,69.55648041
10,Greyhound_West,69.65315247
10,Greyhound_West,69.80857086
10,Greyhound_West,70.04600525
10,Greyhound_West,70.38905334
10,Greyhound_West,70.84628296
10,Greyhound_West,71.29756927
10,Greyhound_West,71.73138428
10,Greyhound_West,72.10706329
10,Greyhound_West,72.48082733
10,Greyhound_West,72.82780457
10,Greyhound_West,73.07078552
10,Greyhound_West,73.27762604
10,Greyhound_West,73.46177673
10,Greyhound_West,73.65696716
10,Greyhound_West,73.85741425
10,Greyhound_West,74.05742645
10,Greyhound_West,74.2507019
10,Greyhound_West,74.44506836
10,Greyhound_West,74.63459778
10,Greyhound_West,74.8160553
10,Greyhound_West,74.98490906
10,Greyhound_West,75.1192627
10,Greyhound_West,75.22494507
10,Greyhound_West,75.30882263
10,Greyhound_West,75.39450073
10,Greyhound_West,75.47286987
10,Greyhound_West,75.54735565
10,Greyhound_West,75.64703369
10,Greyhound_West,75.75236511
10,Greyhound_West,75.76200104
10,Greyhound_West,75.70548248
10,Greyhound_West,75.67648315
10,Greyhound_West,75.64670563
10,Greyhound_West,75.64670563
10,Greyhound_West,75.68186188
10,Greyhound_West,75.71665955
10,Greyhound_West,75.78251648
10,Greyhound_West,75.88056183
10,Greyhound_West,75.97180939
10,Greyhound_West,76.08940887
10,Greyhound_West,76.2193222
10,Greyhound_West,76.34776306
10,Greyhound_West,76.46004486
10,Greyhound_West,76.56816101
10,Greyhound_West,76.68276215
10,Greyhound_West,76.78331757
10,Greyhound_West,76.85660553
10,Greyhound_West,76.89807892
10,Greyhound_West,76.89063263
10,Greyhound_West,76.87756348
10,Greyhound_West,76.86909485
10,Greyhound_West,76.86943054
10,Greyhound_West,76.86044312
10,Greyhound_West,76.84938049
10,Greyhound_West,76.84299469
10,Greyhound_West,76.83261871
10,Greyhound_West,76.79582214
10,Greyhound_West,76.73632813
10,Greyhound_West,76.6897049
10,Greyhound_West,76.68828583
10,Greyhound_West,76.69515991
10,Greyhound_West,76.69632721
10,Greyhound_West,76.66712189
10,Greyhound_West,76.63512421
10,Greyhound_West,76.60251617
10,Greyhound_West,76.5708313
10,Greyhound_West,76.5281601
10,Greyhound_West,76.48434448
10,Greyhound_West,76.44129944
10,Greyhound_West,76.39813995
10,Greyhound_West,76.3444519
10,Greyhound_West,76.27762604
10,Greyhound_West,76.21299744
10,Greyhound_West,76.15141296
10,Greyhound_West,76.08229065
10,Greyhound_West,75.98466492
10,Greyhound_West,75.86161804
10,Greyhound_West,75.74845886
10,Greyhound_West,75.64762115
10,Greyhound_West,75.53755188
10,Greyhound_West,75.41412354
10,Greyhound_West,75.27684021
10,Greyhound_West,75.12483978
10,Greyhound_West,74.96910858
10,Greyhound_West,74.811203
10,Greyhound_West,74.65907288
10,Greyhound_West,74.51922607
10,Greyhound_West,74.3967514
10,Greyhound_West,74.2678833
10,Greyhound_West,74.13499451
10,Greyhound_West,74.02379608
10,Greyhound_West,73.93589783
10,Greyhound_West,73.87931824
10,Greyhound_West,73.82761383
10,Greyhound_West,73.76164246
10,Greyhound_West,73.69745636
10,Greyhound_West,73.68432617
10,Greyhound_West,73.68800354
10,Greyhound_West,73.71781158
10,Greyhound_West,73.77204895
10,Greyhound_West,73.83351898
10,Greyhound_West,73.87537384
10,Greyhound_West,73.89306641
10,Greyhound_West,73.89818573
10,Greyhound_West,73.9088974
10,Greyhound_West,73.91733551
10,Greyhound_West,73.87874603
10,Greyhound_West,73.83784485
10,Greyhound_West,73.79856873
10,Greyhound_West,73.74668121
10,Greyhound_West,73.60153961
10,Greyhound_West,73.43288422
10,Greyhound_West,73.29483032
10,Greyhound_West,73.23126221
10,Greyhound_West,73.23082733
10,Greyhound_West,73.23365021
10,Greyhound_West,73.23564911
10,Greyhound_West,73.21909332
10,Greyhound_West,73.18891144
10,Greyhound_West,73.15073395
10,Greyhound_West,73.14105225
10,Greyhound_West,73.16181183
10,Greyhound_West,73.20466614
10,Greyhound_West,73.25795746
10,Greyhound_West,73.2988739
10,Greyhound_West,73.31034088
10,Greyhound_West,73.2794342
10,Greyhound_West,73.17865753
10,Greyhound_West,72.97685242
10,Greyhound_West,72.73596191
10,Greyhound_West,72.48279572
10,Greyhound_West,72.27321625
10,Greyhound_West,72.08861542
10,Greyhound_West,71.94437408
10,Greyhound_West,71.844841
10,Greyhound_West,71.70750427
10,Greyhound_West,71.56108093
10,Greyhound_West,71.43629456
10,Greyhound_West,71.36631012
10,Greyhound_West,71.2952652
10,Greyhound_West,71.17916107
10,Greyhound_West,70.96421051
10,Greyhound_West,70.68222809
10,Greyhound_West,70.3347168
10,Greyhound_West,69.93854523
10,Greyhound_West,69.58581543
10,Greyhound_West,69.44772339
10,Greyhound_West,69.32556915
10,Greyhound_West,69.20147705
10,Greyhound_West,69.06021881
10,Greyhound_West,68.92757416
10,Greyhound_West,68.80923462
10,Greyhound_West,68.6933136
10,Greyhound_West,68.60309601
10,Greyhound_West,68.53358459
10,Greyhound_West,68.5541687
10,Greyhound_West,68.59146118
10,Greyhound_West,68.6442337
10,Greyhound_West,68.70591736
10,Greyhound_West,68.77971649
10,Greyhound_West,68.8534317
10,Greyhound_West,68.92390442
10,Greyhound_West,69.00126648
10,Greyhound_West,69.06452179
10,Greyhound_West,69.1080246
10,Greyhound_West,69.16532898
10,Greyhound_West,69.23731995
10,Greyhound_West,69.30367279
10,Greyhound_West,69.36980438
10,Greyhound_West,69.44193268
10,Greyhound_West,69.51422119
10,Greyhound_West,69.58560944
10,Greyhound_West,69.66455841
10,Greyhound_West,69.80146027
10,Greyhound_West,69.96859741
10,Greyhound_West,70.17626953
10,Greyhound_West,70.46669006
10,Greyhound_West,70.79188538
10,Greyhound_West,71.11933899
10,Greyhound_West,71.39237976
10,Greyhound_West,71.65200806
10,Greyhound_West,71.90709686
10,Greyhound_West,72.12768555
10,Greyhound_West,72.24956512
10,Greyhound_West,72.30116272
10,Greyhound_West,72.28925323
10,Greyhound_West,72.24140167
10,Greyhound_West,72.15693665
10,Greyhound_West,72.0590744
10,Greyhound_West,71.98348236
10,Greyhound_West,71.98141479
10,Greyhound_West,72.0120697
10,Greyhound_West,72.06330872
10,Greyhound_West,72.12697601
10,Greyhound_West,72.17238617
10,Greyhound_West,72.21528625
10,Greyhound_West,72.2607193
10,Greyhound_West,72.33350372
10,Greyhound_West,72.39447784
10,Greyhound_West,72.4493866
10,Greyhound_West,72.4023056
10,Greyhound_West,72.35062408
10,Greyhound_West,72.32250977
10,Greyhound_West,72.31561279
10,Greyhound_West,72.31590271
10,Greyhound_West,72.31597137
10,Greyhound_West,72.3156662
10,Greyhound_West,72.31598663
10,Greyhound_West,72.32400513
10,Greyhound_West,72.33034515
10,Greyhound_West,72.34291077
10,Greyhound_West,72.35866547
10,Greyhound_West,72.36943817
10,Greyhound_West,72.36440277
10,Greyhound_West,72.33485413
10,Greyhound_West,72.27658081
10,Greyhound_West,72.19114685
10,Greyhound_West,72.17432404
10,Greyhound_West,72.13246918
10,Greyhound_West,72.05381775
10,Greyhound_West,71.90917969
10,Greyhound_West,71.71569824
10,Greyhound_West,71.50971985
10,Greyhound_West,71.28717041
10,Greyhound_West,71.08379364
10,Greyhound_West,70.90527344
10,Greyhound_West,70.71775055
10,Greyhound_West,70.51669312
10,Greyhound_West,70.29353333
10,Greyhound_West,70.05662537
10,Greyhound_West,69.79821014
10,Greyhound_West,69.5749588
10,Greyhound_West,69.36815643
10,Greyhound_West,69.17635345
10,Greyhound_West,68.99311066
10,Greyhound_West,68.80945587
10,Greyhound_West,68.63219452
10,Greyhound_West,68.4679718
10,Greyhound_West,68.29407501
10,Greyhound_West,68.1204071
10,Greyhound_West,67.94589233
10,Greyhound_West,67.77210999
10,Greyhound_West,67.59650421
10,Greyhound_West,67.43096161
10,Greyhound_West,67.29118347
10,Greyhound_West,67.18962097
10,Greyhound_West,67.09130096
10,Greyhound_West,66.98474121
10,Greyhound_West,66.83178711
10,Greyhound_West,66.65975952
10,Greyhound_West,66.483078
10,Greyhound_West,66.311409
10,Greyhound_West,66.1153717
10,Greyhound_West,65.90435791
10,Greyhound_West,65.69517517
10,Greyhound_West,65.50382996
10,Greyhound_West,65.30240631
10,Greyhound_West,65.10169983
10,Greyhound_West,64.92097473
10,Greyhound_West,64.76791382
10,Greyhound_West,64.62577057
10,Greyhound_West,64.47932434
10,Greyhound_West,64.32344055
10,Greyhound_West,64.16712952
10,Greyhound_West,64.13477325
10,Greyhound_West,64.12552643
10,Greyhound_West,64.0100174
10,Greyhound_West,63.86086273
10,Greyhound_West,63.76255035
10,Greyhound_West,63.68896103
10,Greyhound_West,63.62990952
10,Greyhound_West,63.56587219
10,Greyhound_West,63.50507355
10,Greyhound_West,63.44968796
10,Greyhound_West,63.39416885
10,Greyhound_West,63.33893585
10,Greyhound_West,63.28357315
10,Greyhound_West,63.21691132
10,Greyhound_West,63.15322495
10,Greyhound_West,63.09019852
10,Greyhound_West,63.02577972
10,Greyhound_West,62.96442032
10,Greyhound_West,62.90675735
10,Greyhound_West,62.85320282
10,Greyhound_West,62.80530548
10,Greyhound_West,62.7584343
10,Greyhound_West,62.70308685
10,Greyhound_West,62.63589859
10,Greyhound_West,62.55332947
10,Greyhound_West,62.55332947
10,Greyhound_West,62.48126221
10,Greyhound_West,62.43393326
10,Greyhound_West,62.41159439
10,Greyhound_West,62.4009552
10,Greyhound_West,62.3993721
10,Greyhound_West,62.42156601
10,Greyhound_West,62.46744537
10,Greyhound_West,62.51879501
10,Greyhound_West,62.57734299
10,Greyhound_West,62.64890671
10,Greyhound_West,62.72687531
10,Greyhound_West,62.8187027
10,Greyhound_West,62.94993591
10,Greyhound_West,63.07552338
10,Greyhound_West,63.19166565
10,Greyhound_West,63.26602554
10,Greyhound_West,63.31634903
10,Greyhound_West,63.36154175
10,Greyhound_West,63.37098694
10,Greyhound_West,63.35472488
10,Greyhound_West,63.29507828
10,Greyhound_West,63.21685028
10,Greyhound_West,63.11198425
10,Greyhound_West,63.00123596
10,Greyhound_West,62.88635254
10,Greyhound_West,62.76266098
10,Greyhound_West,62.63094711
10,Greyhound_West,62.48311996
10,Greyhound_West,62.34098816
10,Greyhound_West,62.21671677
10,Greyhound_West,62.07600403
10,Greyhound_West,61.92905045
10,Greyhound_West,61.80297852
10,Greyhound_West,61.72935104
10,Greyhound_West,61.68666077
10,Greyhound_West,61.62788391
10,Greyhound_West,61.55036545
10,Greyhound_West,61.48895264
10,Greyhound_West,61.44000626
10,Greyhound_West,61.39617538
10,Greyhound_West,61.39516068
10,Greyhound_West,61.40242386
10,Greyhound_West,61.39585495
10,Greyhound_West,61.37387085
10,Greyhound_West,61.33592987
10,Greyhound_West,61.2868042
10,Greyhound_West,61.22030258
10,Greyhound_West,61.15359879
10,Greyhound_West,61.09318542
10,Greyhound_West,61.04552078
10,Greyhound_West,61.00548935
10,Greyhound_West,60.96673584
10,Greyhound_West,60.91011047
10,Greyhound_West,60.84604645
10,Greyhound_West,60.78596115
10,Greyhound_West,60.73519135
10,Greyhound_West,60.7039299
10,Greyhound_West,60.67051315
10,Greyhound_West,60.63707733
10,Greyhound_West,60.5979538
10,Greyhound_West,60.55497742
10,Greyhound_West,60.51203537
10,Greyhound_West,60.48384857
10,Greyhound_West,60.469841
10,Greyhound_West,60.45417404
10,Greyhound_West,60.42186737
10,Greyhound_West,60.38506699
10,Greyhound_West,60.34978104
10,Greyhound_West,60.31871414
10,Greyhound_West,60.27547073
10,Greyhound_West,60.21922684
10,Greyhound_West,60.1526413
10,Greyhound_West,60.08528137
10,Greyhound_West,60.0249176
10,Greyhound_West,59.9680481
10,Greyhound_West,59.90381622
10,Greyhound_West,59.84013748
10,Greyhound_West,59.77843857
10,Greyhound_West,59.71781158
10,Greyhound_West,59.65288162
10,Greyhound_West,59.58908463
10,Greyhound_West,59.5396843
10,Greyhound_West,59.49116898
10,Greyhound_West,59.44335175
10,Greyhound_West,59.39401245
10,Greyhound_West,59.3442688
10,Greyhound_West,59.29163361
10,Greyhound_West,59.22938538
10,Greyhound_West,59.15222931
10,Greyhound_West,59.0790596
10,Greyhound_West,59.01958847
10,Greyhound_West,58.9815712
10,Greyhound_West,58.95242691
10,Greyhound_West,58.93063354
10,Greyhound_West,58.88670731
10,Greyhound_West,58.82051086
10,Greyhound_West,58.74371338
10,Greyhound_West,58.70507431
10,Greyhound_West,58.66299057
10,Greyhound_West,58.60904694
10,Greyhound_West,58.54721069
10,Greyhound_West,58.52471161
10,Greyhound_West,58.5219841
10,Greyhound_West,58.48259735
10,Greyhound_West,58.43238831
10,Greyhound_West,58.37978745
10,Greyhound_West,58.33176804
10,Greyhound_West,58.28427505
10,Greyhound_West,58.23321533
10,Greyhound_West,58.16423798
10,Greyhound_West,58.07918167
10,Greyhound_West,58.00003433
10,Greyhound_West,57.939785
10,Greyhound_West,57.87722778
10,Greyhound_West,57.80179596
10,Greyhound_West,57.71506119
10,Greyhound_West,57.6460762
10,Greyhound_West,57.56064606
10,Greyhound_West,57.44816971
10,Greyhound_West,57.27708435
10,Greyhound_West,57.08970642
10,Greyhound_West,56.91052628
10,Greyhound_West,56.80963135
10,Greyhound_West,56.69358826
10,Greyhound_West,56.56129456
10,Greyhound_West,56.37389374
10,Greyhound_West,56.1534996
10,Greyhound_West,55.91936493
10,Greyhound_West,55.7233429
10,Greyhound_West,55.60400391
10,Greyhound_West,55.52465057
10,Greyhound_West,55.50556946
10,Greyhound_West,55.52484512
10,Greyhound_West,55.55860519
10,Greyhound_West,55.60603714
10,Greyhound_West,55.65843201
10,Greyhound_West,55.71897888
10,Greyhound_West,55.77179337
10,Greyhound_West,55.85357285
10,Greyhound_West,55.96794128
10,Greyhound_West,56.09238052
10,Greyhound_West,56.19345093
10,Greyhound_West,56.29527283
10,Greyhound_West,56.39594269
10,Greyhound_West,56.50867844
10,Greyhound_West,56.63270187
10,Greyhound_West,56.75909805
10,Greyhound_West,56.87015915
10,Greyhound_West,57.00713348
10,Greyhound_West,57.16825867
10,Greyhound_West,57.36756134
10,Greyhound_West,57.56668854
10,Greyhound_West,57.74445343
10,Greyhound_West,57.8686676
10,Greyhound_West,57.9634819
10,Greyhound_West,58.05759811
10,Greyhound_West,58.14588165
10,Greyhound_West,58.23046112
10,Greyhound_West,58.31734085
10,Greyhound_West,58.39847183
10,Greyhound_West,58.43556976
10,Greyhound_West,58.45733643
10,Greyhound_West,58.47206497
10,Greyhound_West,58.44951248
10,Greyhound_West,58.41988373
10,Greyhound_West,58.38934326
10,Greyhound_West,58.36325073
10,Greyhound_West,58.33703232
10,Greyhound_West,58.30604172
10,Greyhound_West,58.25140381
10,Greyhound_West,58.18701553
10,Greyhound_West,58.14347076
10,Greyhound_West,58.12518692
10,Greyhound_West,58.10007095
10,Greyhound_West,58.06488419
10,Greyhound_West,58.00564957
10,Greyhound_West,57.95616531
10,Greyhound_West,57.91867828
10,Greyhound_West,57.89688492
10,Greyhound_West,57.86884308
10,Greyhound_West,57.80348587
10,Greyhound_West,57.6967659
10,Greyhound_West,57.60565948
10,Greyhound_West,57.4741745
10,Greyhound_West,57.30086899
10,Greyhound_West,57.18157578
10,Greyhound_West,57.12624741
10,Greyhound_West,57.11804199
10,Greyhound_West,57.14105606
10,Greyhound_West,57.20090485
10,Greyhound_West,57.28330231
10,Greyhound_West,57.38456726
10,Greyhound_West,57.48516464
10,Greyhound_West,57.58629608
10,Greyhound_West,57.68928909
10,Greyhound_West,57.798172
10,Greyhound_West,57.91217041
10,Greyhound_West,58.03981018
10,Greyhound_West,58.1624527
10,Greyhound_West,58.282444
10,Greyhound_West,58.40220261
10,Greyhound_West,58.53458405
10,Greyhound_West,58.66773605
10,Greyhound_West,58.80504227
10,Greyhound_West,58.9436264
10,Greyhound_West,59.07658768
10,Greyhound_West,59.19509888
10,Greyhound_West,59.28481293
10,Greyhound_West,59.39102173
10,Greyhound_West,59.49908066
10,Greyhound_West,59.59757614
10,Greyhound_West,59.67698288
10,Greyhound_West,59.74663162
10,Greyhound_West,59.83351517
10,Greyhound_West,59.92577362
10,Greyhound_West,60.01918411
10,Greyhound_West,60.1190567
10,Greyhound_West,60.22836304
10,Greyhound_West,60.3335762
10,Greyhound_West,60.44371796
10,Greyhound_West,60.55754471
10,Greyhound_West,60.65364838
10,Greyhound_West,60.72874832
10,Greyhound_West,60.76997375
10,Greyhound_West,60.81550217
10,Greyhound_West,60.88579178
10,Greyhound_West,61.00395966
10,Greyhound_West,61.12176132
10,Greyhound_West,61.23897171
10,Greyhound_West,61.35582733
10,Greyhound_West,61.45336151
10,Greyhound_West,61.54049301
10,Greyhound_West,61.60791779
10,Greyhound_West,61.66979218
10,Greyhound_West,61.75334167
10,Greyhound_West,61.88634491
10,Greyhound_West,62.03542709
10,Greyhound_West,62.07247162
10,Greyhound_West,62.0723877
10,Greyhound_West,62.22181702
10,Greyhound_West,62.38451004
10,Greyhound_West,62.5033226
10,Greyhound_West,62.61452103
10,Greyhound_West,62.73509598
10,Greyhound_West,62.85198975
10,Greyhound_West,62.92635727
10,Greyhound_West,62.96941376
10,Greyhound_West,63.01534653
10,Greyhound_West,63.06082153
10,Greyhound_West,63.08682632
10,Greyhound_West,63.08950043
10,Greyhound_West,63.09395218
10,Greyhound_West,63.09619522
10,Greyhound_West,63.09536743
10,Greyhound_West,63.07933426
10,Greyhound_West,63.07933426
10,Greyhound_West,63.04775238
10,Greyhound_West,62.9926796
10,Greyhound_West,62.92726517
10,Greyhound_West,62.92919159
10,Greyhound_West,62.99862289
10,Greyhound_West,63.08004379
10,Greyhound_West,63.14803314
10,Greyhound_West,63.16385651
10,Greyhound_West,63.13540649
10,Greyhound_West,63.11664581
10,Greyhound_West,63.12183762
10,Greyhound_West,63.10766602
10,Greyhound_West,63.09218979
10,Greyhound_West,63.10154343
10,Greyhound_West,63.12960815
10,Greyhound_West,63.07414627
10,Greyhound_West,63.10113144
10,Greyhound_West,63.13656998
10,Greyhound_West,63.13787079
10,Greyhound_West,63.16218567
10,Greyhound_West,63.18424988
10,Greyhound_West,63.18899536
10,Greyhound_West,63.20318604
10,Greyhound_West,63.22318649
10,Greyhound_West,63.29629898
10,Greyhound_West,63.43691254
10,Greyhound_West,63.54465866
10,Greyhound_West,63.6664238
10,Greyhound_West,63.80261993
10,Greyhound_West,63.88440704
10,Greyhound_West,63.9451828
10,Greyhound_West,63.94184875
10,Greyhound_West,63.92079926
10,Greyhound_West,63.91199112
10,Greyhound_West,63.9068222
10,Greyhound_West,63.92650223
10,Greyhound_West,63.93095398
10,Greyhound_West,63.92775726
10,Greyhound_West,63.9200058
10,Greyhound_West,63.92644119
10,Greyhound_West,63.89238739
10,Greyhound_West,63.93105698
10,Greyhound_West,63.95602036
10,Greyhound_West,63.95785522
10,Greyhound_West,63.93935776
10,Greyhound_West,63.92470551
10,Greyhound_West,63.93695831
10,Greyhound_West,63.91328812
10,Greyhound_West,63.89770889
10,Greyhound_West,63.89668655
10,Greyhound_West,63.88319778
10,Greyhound_West,63.87290573
10,Greyhound_West,63.82479858
10,Greyhound_West,63.76941681
10,Greyhound_West,63.52775574
10,Greyhound_West,62.98205185
10,Greyhound_West,62.42968369
10,Greyhound_West,61.85156631
10,Greyhound_West,61.29944229
10,Greyhound_West,60.82880402
10,Greyhound_West,60.6241951
10,Greyhound_West,60.61436844
10,Greyhound_West,60.61016464
10,Greyhound_West,60.63467026
10,Greyhound_West,60.74356079
10,Greyhound_West,61.30313492
10,Greyhound_West,62.30286026
10,Greyhound_West,63.31451797
10,Greyhound_West,63.86729431
10,Greyhound_West,64.27381134
10,Greyhound_West,64.66962433
10,Greyhound_West,64.89215088
10,Greyhound_West,65.08319855
10,Greyhound_West,65.32590485
10,Greyhound_West,65.71898651
10,Greyhound_West,66.26728821
10,Greyhound_West,66.62795258
10,Greyhound_West,66.83457947
10,Greyhound_West,67.14263153
10,Greyhound_West,67.49456787
10,Greyhound_West,67.88911438
10,Greyhound_West,68.23400879
10,Greyhound_West,68.60412598
10,Greyhound_West,69.05318451
10,Greyhound_West,69.47731781
10,Greyhound_West,69.8285675
10,Greyhound_West,70.05347443
10,Greyhound_West,70.10561371
10,Greyhound_West,69.95983124
10,Greyhound_West,69.71873474
10,Greyhound_West,69.36106873
10,Greyhound_West,69.30513763
10,Greyhound_West,69.68091583
10,Greyhound_West,69.93961334
10,Greyhound_West,70.11395264
10,Greyhound_West,70.05821991
10,Greyhound_West,69.86186218
10,Greyhound_West,69.52807617
10,Greyhound_West,69.11800385
10,Greyhound_West,68.66535187
10,Greyhound_West,68.28122711
10,Greyhound_West,67.93795013
10,Greyhound_West,67.55138397
10,Greyhound_West,67.19186401
10,Greyhound_West,66.8671875
10,Greyhound_West,66.6725769
10,Greyhound_West,66.33748627
10,Greyhound_West,65.81397247
10,Greyhound_West,65.38256836
10,Greyhound_West,65.11732483
10,Greyhound_West,64.91634369
10,Greyhound_West,64.72657013
10,Greyhound_West,64.50725555
10,Greyhound_West,64.29947662
10,Greyhound_West,64.06895447
10,Greyhound_West,63.84881973
10,Greyhound_West,63.67186356
10,Greyhound_West,63.60124207
10,Greyhound_West,63.58256149
10,Greyhound_West,63.63095093
10,Greyhound_West,63.76180649
10,Greyhound_West,63.99062729
10,Greyhound_West,64.25071716
10,Greyhound_West,64.54775238
10,Greyhound_West,64.88651276
10,Greyhound_West,65.13209534
10,Greyhound_West,64.95055389
10,Greyhound_West,64.85362244
10,Greyhound_West,64.76663971
10,Greyhound_West,64.71668243
10,Greyhound_West,64.68249512
10,Greyhound_West,64.60790253
10,Greyhound_West,64.52159882
10,Greyhound_West,64.42779541
10,Greyhound_West,64.25197601
10,Greyhound_West,64.09848022
10,Greyhound_West,63.89329529
10,Greyhound_West,63.81887436
10,Greyhound_West,63.76268005
10,Greyhound_West,63.48691177
10,Greyhound_West,62.91843414
10,Greyhound_West,62.36934662
10,Greyhound_West,61.78883743
10,Greyhound_West,61.23920822
10,Greyhound_West,60.79892731
10,Greyhound_West,60.62273788
10,Greyhound_West,60.61468506
10,Greyhound_West,60.61646271
10,Greyhound_West,60.94091034
10,Greyhound_West,61.72506714
10,Greyhound_West,62.69046402
10,Greyhound_West,63.45326614
10,Greyhound_West,63.98339081
10,Greyhound_West,64.34838104
10,Greyhound_West,64.57554626
10,Greyhound_West,64.8515625
10,Greyhound_West,65.24504089
10,Greyhound_West,65.59412384
10,Greyhound_West,65.88794708
10,Greyhound_West,66.19490051
10,Greyhound_West,66.44130707
10,Greyhound_West,66.65049744
10,Greyhound_West,66.84518433
10,Greyhound_West,67.05651093
10,Greyhound_West,67.36338043
10,Greyhound_West,67.6942215
10,Greyhound_West,68.07559967
10,Greyhound_West,68.5422287
10,Greyhound_West,69.0552597
10,Greyhound_West,69.53740692
10,Greyhound_West,69.97698975
10,Greyhound_West,70.34848022
10,Greyhound_West,70.71350861
10,Greyhound_West,71.08273315
10,Greyhound_West,71.50229645
10,Greyhound_West,71.84584808
10,Greyhound_West,72.05327606
10,Greyhound_West,72.0361557
10,Greyhound_West,72.04354095
10,Greyhound_West,72.15673065
10,Greyhound_West,72.16943359
10,Greyhound_West,72.6000824
10,Greyhound_West,72.87034607
10,Greyhound_West,73.39060974
10,Greyhound_West,74.23778534
10,Greyhound_West,74.6455307
10,Greyhound_West,74.7635498
10,Greyhound_West,74.72930145
10,Greyhound_West,74.57546234
10,Greyhound_West,74.25151825
10,Greyhound_West,73.96942902
10,Greyhound_West,73.73469543
10,Greyhound_West,73.57328796
10,Greyhound_West,73.49752045
10,Greyhound_West,73.54616547
10,Greyhound_West,73.79038239
10,Greyhound_West,74.07692719
10,Greyhound_West,74.44646454
10,Greyhound_West,74.83393097
10,Greyhound_West,75.39717865
10,Greyhound_West,76.11759949
10,Greyhound_West,76.51957703
10,Greyhound_West,76.44850159
10,Greyhound_West,76.62918091
10,Greyhound_West,77.22040558
10,Greyhound_West,77.99642181
10,Greyhound_West,78.41182709
10,Greyhound_West,78.46270752
10,Greyhound_West,78.36895752
10,Greyhound_West,78.26200867
10,Greyhound_West,78.10767365
10,Greyhound_West,77.89574432
10,Greyhound_West,77.69260406
10,Greyhound_West,77.41133118
10,Greyhound_West,77.17863464
10,Greyhound_West,76.9721756
10,Greyhound_West,76.70458984
10,Greyhound_West,76.44268799
10,Greyhound_West,76.27213287
10,Greyhound_West,76.16940308
10,Greyhound_West,76.12042999
10,Greyhound_West,76.09778595
10,Greyhound_West,76.0983963
10,Greyhound_West,76.1798172
10,Greyhound_West,76.33556366
10,Greyhound_West,76.48429108
10,Greyhound_West,76.61997223
10,Greyhound_West,76.76729584
10,Greyhound_West,76.91243744
10,Greyhound_West,77.05387115
10,Greyhound_West,77.22776794
10,Greyhound_West,77.47931671
10,Greyhound_West,77.69851685
10,Greyhound_West,77.88534546
10,Greyhound_West,78.08985138
10,Greyhound_West,78.28923798
10,Greyhound_West,78.42419434
10,Greyhound_West,78.54788208
10,Greyhound_West,78.58737183
10,Greyhound_West,78.61949921
10,Greyhound_West,78.71860504
10,Greyhound_West,78.85638428
10,Greyhound_West,79.01239777
10,Greyhound_West,79.13140106
10,Greyhound_West,79.23044586
10,Greyhound_West,79.31748199
10,Greyhound_West,79.34898376
10,Greyhound_West,79.31059265
10,Greyhound_West,79.34057617
10,Greyhound_West,79.43937683
10,Greyhound_West,79.54029083
10,Greyhound_West,79.69081879
10,Greyhound_West,79.80034637
10,Greyhound_West,79.75897217
10,Greyhound_West,79.5681076
10,Greyhound_West,80.07516479
10,Greyhound_West,80.20012665
10,Greyhound_West,80.35866547
10,Greyhound_West,80.50601959
10,Greyhound_West,80.61580658
10,Greyhound_West,80.70806885
10,Greyhound_West,80.79613495
10,Greyhound_West,80.87772369
10,Greyhound_West,80.91738129
10,Greyhound_West,80.95600891
10,Greyhound_West,80.99646759
10,Greyhound_West,81.0296402
10,Greyhound_West,81.04069519
10,Greyhound_West,81.02337646
10,Greyhound_West,80.98806
10,Greyhound_West,80.93560791
10,Greyhound_West,80.87187195
10,Greyhound_West,80.80564117
10,Greyhound_West,80.75056458
10,Greyhound_West,80.69283295
10,Greyhound_West,80.6146698
10,Greyhound_West,80.52041626
10,Greyhound_West,80.41620636
10,Greyhound_West,80.30709076
10,Greyhound_West,80.1778183
10,Greyhound_West,80.06803131
10,Greyhound_West,80.03335571
10,Greyhound_West,80.06811523
10,Greyhound_West,80.13443756
10,Greyhound_West,80.21273041
10,Greyhound_West,80.31430054
10,Greyhound_West,80.40713501
10,Greyhound_West,80.52471161
10,Greyhound_West,80.66217041
10,Greyhound_West,80.78312683
10,Greyhound_West,80.92036438
10,Greyhound_West,81.12088776
10,Greyhound_West,81.29879761
10,Greyhound_West,81.40088654
10,Greyhound_West,81.45121002
10,Greyhound_West,81.48100281
10,Greyhound_West,81.51763916
10,Greyhound_West,81.54437256
10,Greyhound_West,81.54947662
10,Greyhound_West,81.5174942
10,Greyhound_West,81.51542664
10,Greyhound_West,81.54962921
10,Greyhound_West,81.60652924
10,Greyhound_West,81.68543243
10,Greyhound_West,81.79135132
10,Greyhound_West,81.89815521
10,Greyhound_West,82.0015564
10,Greyhound_West,82.12611389
10,Greyhound_West,82.28585052
10,Greyhound_West,82.48579407
10,Greyhound_West,82.70523071
10,Greyhound_West,82.9285965
10,Greyhound_West,83.12116241
10,Greyhound_West,83.28808594
10,Greyhound_West,83.45179749
10,Greyhound_West,83.63751221
10,Greyhound_West,83.85316467
10,Greyhound_West,84.07597351
10,Greyhound_West,84.2840271
10,Greyhound_West,84.48056793
10,Greyhound_West,84.67448425
10,Greyhound_West,84.87402344
10,Greyhound_West,85.1049118
10,Greyhound_West,85.45153046
10,Greyhound_West,85.97277832
10,Greyhound_West,86.48395538
10,Greyhound_West,86.83582306
10,Greyhound_West,87.02606201
10,Greyhound_West,87.11421204
10,Greyhound_West,87.09726715
10,Greyhound_West,87.0513382
10,Greyhound_West,87.0163269
10,Greyhound_West,86.99282837
10,Greyhound_West,86.96930695
10,Greyhound_West,86.9339447
10,Greyhound_West,86.87523651
10,Greyhound_West,86.80534363
10,Greyhound_West,86.71812439
10,Greyhound_West,86.63575745
10,Greyhound_West,86.5747757
10,Greyhound_West,86.50372314
10,Greyhound_West,86.40971375
10,Greyhound_West,86.38466644
10,Greyhound_West,86.42202759
10,Greyhound_West,86.29064178
10,Greyhound_West,86.22126007
10,Greyhound_West,86.21206665
10,Greyhound_West,86.16583252
10,Greyhound_West,86.12732697
10,Greyhound_West,86.10969543
10,Greyhound_West,86.10845184
10,Greyhound_West,86.08049011
10,Greyhound_West,86.02778625
10,Greyhound_West,85.98748779
10,Greyhound_West,85.9668808
10,Greyhound_West,85.94454956
10,Greyhound_West,85.9021225
10,Greyhound_West,85.82787323
10,Greyhound_West,85.73029327
10,Greyhound_West,85.66798401
10,Greyhound_West,85.63832855
10,Greyhound_West,85.62216187
10,Greyhound_West,85.60541534
10,Greyhound_West,85.59469604
10,Greyhound_West,85.58852386
10,Greyhound_West,85.58197021
10,Greyhound_West,85.57580566
10,Greyhound_West,85.56586456
10,Greyhound_West,85.54838562
10,Greyhound_West,85.47105408
10,Greyhound_West,85.37751007
10,Greyhound_West,85.28625488
10,Greyhound_West,85.20787048
10,Greyhound_West,85.12970734
10,Greyhound_West,85.07513428
10,Greyhound_West,85.01087952
10,Greyhound_West,84.96829224
10,Greyhound_West,84.9249115
10,Greyhound_West,84.89431763
10,Greyhound_West,84.84492493
10,Greyhound_West,84.81851959
10,Greyhound_West,84.81593323
10,Greyhound_West,84.81600952
10,Greyhound_West,84.81595612
10,Greyhound_West,84.81603241
10,Greyhound_West,84.97415924
10,Greyhound_West,85.16996765
10,Greyhound_West,85.82015991
10,Greyhound_West,86.52690887
10,Greyhound_West,87.32193756
10,Greyhound_West,88.05492401
10,Greyhound_West,88.69300079
10,Greyhound_West,89.14232635
10,Greyhound_West,89.43359375
10,Greyhound_West,89.62423706
10,Greyhound_West,89.63052368
10,Greyhound_West,89.64235687
10,Greyhound_West,89.64250946
10,Greyhound_West,89.67543793
10,Greyhound_West,89.74382782
10,Greyhound_West,89.82810974
10,Greyhound_West,89.92958069
10,Greyhound_West,90.01786804
10,Greyhound_West,90.18009949
10,Greyhound_West,90.41101074
10,Greyhound_West,90.7414093
10,Greyhound_West,90.94020081
10,Greyhound_West,90.98668671
10,Greyhound_West,91.04212189
10,Greyhound_West,91.00830841
10,Greyhound_West,90.95744324
10,Greyhound_West,90.71641541
10,Greyhound_West,90.50349426
10,Greyhound_West,90.35480499
10,Greyhound_West,90.34500885
10,Greyhound_West,90.52092743
10,Greyhound_West,90.79593658
10,Greyhound_West,91.22436523
10,Greyhound_West,91.69039154
10,Greyhound_West,91.91418457
10,Greyhound_West,91.67733765
10,Greyhound_West,91.00635529
10,Greyhound_West,89.94897461
10,Greyhound_West,88.75675964
10,Greyhound_West,87.32411194
10,Greyhound_West,85.94484711
10,Greyhound_West,85.1772995
10,Greyhound_West,84.88111115
10,Greyhound_West,84.76743317
10,Greyhound_West,84.67995453
10,Greyhound_West,84.54277039
10,Greyhound_West,84.34924316
10,Greyhound_West,84.14458466
10,Greyhound_West,83.93505096
10,Greyhound_West,83.71813202
10,Greyhound_West,83.50632477
10,Greyhound_West,83.264534
10,Greyhound_West,83.01779175
10,Greyhound_West,82.86233521
10,Greyhound_West,82.76782227
10,Greyhound_West,82.66376495
10,Greyhound_West,82.5700531
10,Greyhound_West,82.52412415
10,Greyhound_West,82.50405884
10,Greyhound_West,82.47151947
10,Greyhound_West,82.43707275
10,Greyhound_West,82.36048126
10,Greyhound_West,82.2612381
10,Greyhound_West,82.16086578
10,Greyhound_West,82.05117798
10,Greyhound_West,81.99551392
10,Greyhound_West,81.94635773
10,Greyhound_West,81.90023804
10,Greyhound_West,81.84251404
10,Greyhound_West,81.78384399
10,Greyhound_West,81.74163055
10,Greyhound_West,81.67372131
10,Greyhound_West,81.61009216
10,Greyhound_West,81.6043396
10,Greyhound_West,81.56943512
10,Greyhound_West,81.50405121
10,Greyhound_West,81.45038605
10,Greyhound_West,81.42369843
10,Greyhound_West,81.37104034
10,Greyhound_West,81.30477905
10,Greyhound_West,81.23355865
10,Greyhound_West,81.18605042
10,Greyhound_West,81.14749146
10,Greyhound_West,81.14004517
10,Greyhound_West,81.16235352
10,Greyhound_West,81.14677429
10,Greyhound_West,81.13402557
10,Greyhound_West,81.11531067
10,Greyhound_West,81.0378952
10,Greyhound_West,80.91345978
10,Greyhound_West,80.80194855
10,Greyhound_West,80.71008301
10,Greyhound_West,80.62963867
10,Greyhound_West,80.56777191
10,Greyhound_West,80.51753998
10,Greyhound_West,80.45870209
10,Greyhound_West,80.40605927
10,Greyhound_West,80.31882477
10,Greyhound_West,80.16270447
10,Greyhound_West,80.0512085
10,Greyhound_West,79.98954773
10,Greyhound_West,79.95427704
10,Greyhound_West,79.90154266
10,Greyhound_West,79.81993103
10,Greyhound_West,79.75306702
10,Greyhound_West,79.72109222
10,Greyhound_West,79.70291901
10,Greyhound_West,79.7105484
10,Greyhound_West,79.69981384
10,Greyhound_West,79.64030457
10,Greyhound_West,79.58686066
10,Greyhound_West,79.56481171
10,Greyhound_West,79.48751068
10,Greyhound_West,79.16959381
10,Greyhound_West,78.58167267
10,Greyhound_West,78.35275269
10,Greyhound_West,78.56924438
10,Greyhound_West,78.45454407
10,Greyhound_West,77.62552643
10,Greyhound_West,76.74817657
10,Greyhound_West,75.98912048
10,Greyhound_West,75.79043579
10,Greyhound_West,75.71138
10,Greyhound_West,75.84620667
10,Greyhound_West,76.28487396
10,Greyhound_West,77.20732117
