12,Broadway_East,77.20732117
12,Broadway_East,75.88258362
12,Broadway_East,75.96128845
12,Broadway_East,76.9031601
12,Broadway_East,79.05102539
12,Broadway_East,75.58496857
12,Broadway_East,75.78907776
12,Broadway_East,76.21292877
12,Broadway_East,75.58227539
12,Broadway_East,75.37369537
12,Broadway_East,75.44229126
12,Broadway_East,76.81343079
12,Broadway_East,77.79059601
12,Broadway_East,78.56451416
12,Broadway_East,79.85822296
12,Broadway_East,79.16939545
12,Broadway_East,75.40164948
12,Broadway_East,72.24216461
12,Broadway_East,72.21620941
12,Broadway_East,72.18753815
12,Broadway_East,72.3733902
12,Broadway_East,73.47200775
12,Broadway_East,75.04510498
12,Broadway_East,76.90866852
12,Broadway_East,78.73874664
12,Broadway_East,78.2664032
12,Broadway_East,77.89767456
12,Broadway_East,77.83437347
12,Broadway_East,77.89066315
12,Broadway_East,78.1230545
12,Broadway_East,78.29141998
12,Broadway_East,78.64990234
12,Broadway_East,78.88558197
12,Broadway_East,79.09777069
12,Broadway_East,79.71341705
12,Broadway_East,80.63606262
12,Broadway_East,82.5537796
12,Broadway_East,83.74276733
12,Broadway_East,89.23287201
12,Broadway_East,82.94150543
12,Broadway_East,81.51850128
12,Broadway_East,81.5160141
12,Broadway_East,81.5160141
12,Broadway_East,81.51602173
12,Broadway_East,81.64416504
12,Broadway_East,82.12121582
12,Broadway_East,83.49465179
12,Broadway_East,84.0790863
12,Broadway_East,83.7983017
12,Broadway_East,82.71562195
12,Broadway_East,82.74013519
12,Broadway_East,82.78516388
12,Broadway_East,83.26371765
12,Broadway_East,83.69752502
12,Broadway_East,83.66212463
12,Broadway_East,84.73745728
12,Broadway_East,85.2660141
12,Broadway_East,84.56206512
12,Broadway_East,83.93235016
12,Broadway_East,84.07360077
12,Broadway_East,84.35084534
12,Broadway_East,84.80127716
12,Broadway_East,84.72272491
12,Broadway_East,84.59857178
12,Broadway_East,84.54381561
12,Broadway_East,85.23989868
12,Broadway_East,85.79845428
12,Broadway_East,86.44128418
12,Broadway_East,87.12194061
12,Broadway_East,86.92816162
12,Broadway_East,86.1520462
12,Broadway_East,86.61371613
12,Broadway_East,87.25268555
12,Broadway_East,87.2203598
12,Broadway_East,87.10816193
12,Broadway_East,87.00376129
12,Broadway_East,86.83657837
12,Broadway_East,86.45133209
12,Broadway_East,85.79988861
12,Broadway_East,85.18202972
12,Broadway_East,84.84555817
12,Broadway_East,84.83238983
12,Broadway_East,84.81602478
12,Broadway_East,84.81602478
12,Broadway_East,84.82126617
12,Broadway_East,85.06685638
12,Broadway_East,84.90978241
12,Broadway_East,84.97279358
12,Broadway_East,85.07948303
12,Broadway_East,84.56182098
12,Broadway_East,83.59777832
12,Broadway_East,82.75679779
12,Broadway_East,82.39074707
12,Broadway_East,81.87908173
12,Broadway_East,81.54356384
12,Broadway_East,81.1908493
12,Broadway_East,80.78825378
12,Broadway_East,80.66133118
12,Broadway_East,80.86741638
12,Broadway_East,81.44582367
12,Broadway_East,82.52086639
12,Broadway_East,86.46611023
12,Broadway_East,83.19984436
12,Broadway_East,78.60955048
12,Broadway_East,78.0107193
12,Broadway_East,77.77507782
12,Broadway_East,77.77250671
12,Broadway_East,77.79036713
12,Broadway_East,77.87537384
12,Broadway_East,78.26521301
12,Broadway_East,78.44532013
12,Broadway_East,78.80992889
12,Broadway_East,78.80290985
12,Broadway_East,78.75163269
12,Broadway_East,79.18336487
12,Broadway_East,80.44406891
12,Broadway_East,81.8542099
12,Broadway_East,84.26638031
12,Broadway_East,85.24797821
12,Broadway_East,85.94729614
12,Broadway_East,88.06191254
12,Broadway_East,86.46460724
12,Broadway_East,82.00276947
12,Broadway_East,81.01525116
12,Broadway_East,81.01570129
12,Broadway_East,81.23695374
12,Broadway_East,81.79202271
12,Broadway_East,83.10269928
12,Broadway_East,85.30234528
12,Broadway_East,87.001091
12,Broadway_East,88.19533539
12,Broadway_East,90.30553436
12,Broadway_East,95.32156372
12,Broadway_East,93.9712677
12,Broadway_East,82.03952026
12,Broadway_East,79.51473236
12,Broadway_East,80.09439087
12,Broadway_East,81.05548859
12,Broadway_East,80.61012268
12,Broadway_East,80.45050049
12,Broadway_East,81.09397125
12,Broadway_East,79.14653015
12,Broadway_East,78.72592926
12,Broadway_East,78.37323761
12,Broadway_East,78.52839661
12,Broadway_East,79.03630829
12,Broadway_East,80.25772858
12,Broadway_East,81.55033875
12,Broadway_East,82.0426178
12,Broadway_East,82.23736572
12,Broadway_East,81.76330566
12,Broadway_East,80.57341003
12,Broadway_East,79.20113373
12,Broadway_East,77.92696381
12,Broadway_East,78.09641266
12,Broadway_East,77.97427368
12,Broadway_East,76.24154663
12,Broadway_East,76.01600647
12,Broadway_East,76.01600647
12,Broadway_East,76.04512787
12,Broadway_East,76.05690002
12,Broadway_East,76.06636047
12,Broadway_East,76.08750916
12,Broadway_East,76.08889771
12,Broadway_East,76.1013031
12,Broadway_East,76.1114502
12,Broadway_East,76.77770996
12,Broadway_East,78.01229858
12,Broadway_East,78.88064575
12,Broadway_East,79.07976532
12,Broadway_East,79.25484467
12,Broadway_East,79.71855164
12,Broadway_East,80.02971649
12,Broadway_East,79.8249588
12,Broadway_East,78.96131134
12,Broadway_East,80.23168182
12,Broadway_East,81.86640167
12,Broadway_East,79.86750793
12,Broadway_East,79.86396027
12,Broadway_East,79.22977448
12,Broadway_East,78.50743866
12,Broadway_East,78.42977142
12,Broadway_East,82.42625427
12,Broadway_East,82.44809723
12,Broadway_East,81.85140228
12,Broadway_East,81.63230133
12,Broadway_East,81.45891571
12,Broadway_East,81.6257019
12,Broadway_East,81.76153564
12,Broadway_East,81.64756775
12,Broadway_East,81.40670776
12,Broadway_East,81.10598755
12,Broadway_East,80.94083405
12,Broadway_East,81.25734711
12,Broadway_East,80.37942505
12,Broadway_East,79.64892578
12,Broadway_East,79.78184509
12,Broadway_East,82.22711945
12,Broadway_East,77.92709351
12,Broadway_East,75.1206665
12,Broadway_East,75.18008423
12,Broadway_East,75.80286407
12,Broadway_East,75.97588348
12,Broadway_East,75.29701996
12,Broadway_East,75.15994263
12,Broadway_East,75.4249115
12,Broadway_East,75.69736481
12,Broadway_East,75.8799057
12,Broadway_East,76.34204865
12,Broadway_East,76.024086
12,Broadway_East,76.76353455
12,Broadway_East,78.37098694
12,Broadway_East,79.55699158
12,Broadway_East,81.47182465
12,Broadway_East,82.82136536
12,Broadway_East,82.43041992
12,Broadway_East,82.09606934
12,Broadway_East,82.10262299
12,Broadway_East,82.07801056
12,Broadway_East,82.05921173
12,Broadway_East,82.04124451
12,Broadway_East,82.11344147
12,Broadway_East,82.37984467
12,Broadway_East,82.37397766
12,Broadway_East,82.13603973
12,Broadway_East,82.09391022
12,Broadway_East,82.10895538
12,Broadway_East,82.16114807
12,Broadway_East,82.08714294
12,Broadway_East,81.8534317
12,Broadway_East,82.00404358
12,Broadway_East,82.11617279
12,Broadway_East,82.11608124
12,Broadway_East,81.97983551
12,Broadway_East,81.87625122
12,Broadway_East,82.15297699
12,Broadway_East,82.5191803
12,Broadway_East,81.89373016
12,Broadway_East,80.51616669
12,Broadway_East,79.4318924
12,Broadway_East,78.91323853
12,Broadway_East,79.01357269
12,Broadway_East,79.20861816
12,Broadway_East,79.11766052
12,Broadway_East,78.97579193
12,Broadway_East,78.67340851
12,Broadway_East,78.28170013
12,Broadway_East,77.82756042
12,Broadway_East,77.93244171
12,Broadway_East,78.42476654
12,Broadway_East,78.330513
12,Broadway_East,77.48554993
12,Broadway_East,77.15180969
12,Broadway_East,77.3806076
12,Broadway_East,77.76226807
12,Broadway_East,76.04103851
12,Broadway_East,76.04103851
12,Broadway_East,76.1585083
12,Broadway_East,76.57099915
12,Broadway_East,77.1661911
12,Broadway_East,77.66647339
12,Broadway_East,77.85160065
12,Broadway_East,77.82037354
12,Broadway_East,77.65071869
12,Broadway_East,77.45527649
12,Broadway_East,77.33264923
12,Broadway_East,77.25767517
12,Broadway_East,77.20497131
12,Broadway_East,77.15866089
12,Broadway_East,77.14596558
12,Broadway_East,77.15244293
12,Broadway_East,77.21361542
12,Broadway_East,77.30261993
12,Broadway_East,77.42902374
12,Broadway_East,77.59560394
12,Broadway_East,77.77684784
12,Broadway_East,77.97035217
12,Broadway_East,78.18845367
12,Broadway_East,78.40525055
12,Broadway_East,78.58074951
12,Broadway_East,78.58807373
12,Broadway_East,78.54130554
12,Broadway_East,78.45147705
12,Broadway_East,78.32136536
12,Broadway_East,78.20554352
12,Broadway_East,78.09037781
12,Broadway_East,77.98793793
12,Broadway_East,77.90136719
12,Broadway_East,77.8417511
12,Broadway_East,77.80924225
12,Broadway_East,77.80627441
12,Broadway_East,77.88265991
12,Broadway_East,78.00980377
12,Broadway_East,78.0785675
12,Broadway_East,78.17959595
12,Broadway_East,78.29496765
12,Broadway_East,78.33996582
12,Broadway_East,78.39219666
12,Broadway_East,78.52121735
12,Broadway_East,78.64573669
12,Broadway_East,78.75145721
12,Broadway_East,78.82765961
12,Broadway_East,78.90865326
12,Broadway_East,78.96780396
12,Broadway_East,78.97966766
12,Broadway_East,78.99370575
12,Broadway_East,79.03578949
12,Broadway_East,79.08079529
12,Broadway_East,79.11901855
12,Broadway_East,79.15530396
12,Broadway_East,79.17404938
12,Broadway_East,79.17904663
12,Broadway_East,79.20049286
12,Broadway_East,79.23829651
12,Broadway_East,79.30702209
12,Broadway_East,79.376297
12,Broadway_East,79.46398926
12,Broadway_East,79.55023193
12,Broadway_East,79.60157013
12,Broadway_East,79.61808777
12,Broadway_East,79.62423706
12,Broadway_East,79.6397934
12,Broadway_East,79.69274139
12,Broadway_East,79.75234985
12,Broadway_East,79.78755951
12,Broadway_East,79.83981323
12,Broadway_East,79.88909912
12,Broadway_East,79.93208313
12,Broadway_East,80.04122925
12,Broadway_East,80.12306976
12,Broadway_East,80.17636108
12,Broadway_East,80.25059509
12,Broadway_East,80.33751678
12,Broadway_East,80.44117737
12,Broadway_East,80.54837036
12,Broadway_East,80.62657928
12,Broadway_East,80.67638397
12,Broadway_East,80.72827911
12,Broadway_East,80.81310272
12,Broadway_East,80.893013
12,Broadway_East,80.94754028
12,Broadway_East,80.98475647
12,Broadway_East,81.03833008
12,Broadway_East,81.16195679
12,Broadway_East,81.24382019
12,Broadway_East,81.2820282
12,Broadway_East,81.29656982
12,Broadway_East,81.30638123
12,Broadway_East,81.31246948
12,Broadway_East,81.35503387
12,Broadway_East,81.45031738
12,Broadway_East,81.54749298
12,Broadway_East,81.61769104
12,Broadway_East,81.68221283
12,Broadway_East,81.72849274
12,Broadway_East,81.75019073
12,Broadway_East,81.7614212
12,Broadway_East,81.76791382
12,Broadway_East,81.77326965
12,Broadway_East,81.76189423
12,Broadway_East,81.74777222
12,Broadway_East,81.73802948
12,Broadway_East,81.73419952
12,Broadway_East,81.70704651
12,Broadway_East,81.68747711
12,Broadway_East,81.67414856
12,Broadway_East,81.64994049
12,Broadway_East,81.62205505
12,Broadway_East,81.61506653
12,Broadway_East,81.59348297
12,Broadway_East,81.54359436
12,Broadway_East,81.51312256
12,Broadway_East,81.4491272
12,Broadway_East,81.36225891
12,Broadway_East,81.2687149
12,Broadway_East,81.18530273
12,Broadway_East,81.06156158
12,Broadway_East,80.82658386
12,Broadway_East,80.62122345
12,Broadway_East,80.47215271
12,Broadway_East,80.36513519
12,Broadway_East,80.26271057
12,Broadway_East,80.14456177
12,Broadway_East,80.03852844
12,Broadway_East,79.92690277
12,Broadway_East,79.8082962
12,Broadway_East,79.71172333
12,Broadway_East,79.65231323
12,Broadway_East,79.61071777
12,Broadway_East,79.57165527
12,Broadway_East,79.50753784
12,Broadway_East,79.48648071
12,Broadway_East,79.492836
12,Broadway_East,79.48274994
12,Broadway_East,79.45528412
12,Broadway_East,79.44667053
12,Broadway_East,79.4622879
12,Broadway_East,79.46642303
12,Broadway_East,79.47078705
12,Broadway_East,79.48724365
12,Broadway_East,79.50193787
12,Broadway_East,79.547966
12,Broadway_East,79.61986542
12,Broadway_East,79.67495728
12,Broadway_East,79.72071838
12,Broadway_East,79.79818726
12,Broadway_East,79.87246704
12,Broadway_East,79.95152283
12,Broadway_East,80.003685
12,Broadway_East,80.03799438
12,Broadway_East,80.0906601
12,Broadway_East,80.1237793
12,Broadway_East,80.14556122
12,Broadway_East,80.16416168
12,Broadway_East,80.19108582
12,Broadway_East,80.23377991
12,Broadway_East,80.28974915
12,Broadway_East,80.33876801
12,Broadway_East,80.37836456
12,Broadway_East,80.4285965
12,Broadway_East,80.49104309
12,Broadway_East,80.51794434
12,Broadway_East,80.49301147
12,Broadway_East,80.45904541
12,Broadway_East,80.47104645
12,Broadway_East,80.48704529
12,Broadway_East,80.50982666
12,Broadway_East,80.52294159
12,Broadway_East,80.52916718
12,Broadway_East,80.53168488
12,Broadway_East,80.55426788
12,Broadway_East,80.60660553
12,Broadway_East,80.6231842
12,Broadway_East,80.60836029
12,Broadway_East,80.58996582
12,Broadway_East,80.55812836
12,Broadway_East,80.51371002
12,Broadway_East,80.47773743
12,Broadway_East,80.4640274
12,Broadway_East,80.43283844
12,Broadway_East,80.40927887
12,Broadway_East,80.40673065
12,Broadway_East,80.36627197
12,Broadway_East,80.25824738
12,Broadway_East,80.14485931
12,Broadway_East,80.06587982
12,Broadway_East,80.00272369
12,Broadway_East,79.94432831
12,Broadway_East,79.8994751
12,Broadway_East,79.85337067
12,Broadway_East,79.79679871
12,Broadway_East,79.7289505
12,Broadway_East,79.63438416
12,Broadway_East,79.52650452
12,Broadway_East,79.4272995
12,Broadway_East,79.31137085
12,Broadway_East,79.17865753
12,Broadway_East,79.06070709
12,Broadway_East,79.02378082
12,Broadway_East,79.05462646
12,Broadway_East,79.19413757
12,Broadway_East,79.36165619
12,Broadway_East,79.4263916
12,Broadway_East,79.3456955
12,Broadway_East,79.16986084
12,Broadway_East,79.04405212
12,Broadway_East,78.94069672
12,Broadway_East,78.84277344
12,Broadway_East,78.76250458
12,Broadway_East,78.70562744
12,Broadway_East,78.69055939
12,Broadway_East,78.69541931
12,Broadway_East,78.70993042
12,Broadway_East,78.7179184
12,Broadway_East,78.69956207
12,Broadway_East,78.6865921
12,Broadway_East,78.67150879
12,Broadway_East,78.61737823
12,Broadway_East,78.5311203
12,Broadway_East,78.47557831
12,Broadway_East,78.43750763
12,Broadway_East,78.3881073
12,Broadway_East,78.3411026
12,Broadway_East,78.29177094
12,Broadway_East,78.21472931
12,Broadway_East,78.14205933
12,Broadway_East,78.08696747
12,Broadway_East,78.04141235
12,Broadway_East,77.97091675
12,Broadway_East,77.88925171
12,Broadway_East,77.82204437
12,Broadway_East,77.77725983
12,Broadway_East,77.73641968
12,Broadway_East,77.66110229
12,Broadway_East,77.57105255
12,Broadway_East,77.51834106
12,Broadway_East,77.4883194
12,Broadway_East,77.45046234
12,Broadway_East,77.4178009
12,Broadway_East,77.34880066
12,Broadway_East,77.29625702
12,Broadway_East,77.24782562
12,Broadway_East,77.20970917
12,Broadway_East,77.19271851
12,Broadway_East,77.15924072
12,Broadway_East,77.0896759
12,Broadway_East,77.008255
12,Broadway_East,76.94205475
12,Broadway_East,76.88681793
12,Broadway_East,76.82160187
12,Broadway_East,76.7612915
12,Broadway_East,76.71412659
12,Broadway_East,76.71412659
12,Broadway_East,76.64038086
12,Broadway_East,76.58477783
12,Broadway_East,76.51327515
12,Broadway_East,76.43784332
12,Broadway_East,76.38609314
12,Broadway_East,76.31053925
12,Broadway_East,76.23641968
12,Broadway_East,76.18530273
12,Broadway_East,76.13327026
12,Broadway_East,76.08455658
12,Broadway_East,75.99617004
12,Broadway_East,75.86792755
12,Broadway_East,75.7141037
12,Broadway_East,75.59047699
12,Broadway_East,75.49060822
12,Broadway_East,75.41390228
12,Broadway_East,75.37772369
12,Broadway_East,75.37239838
12,Broadway_East,75.3642807
12,Broadway_East,75.33660889
12,Broadway_East,75.30957794
12,Broadway_East,75.26826477
12,Broadway_East,75.19071198
12,Broadway_East,75.07006836
12,Broadway_East,74.94397736
12,Broadway_East,74.81938934
12,Broadway_East,74.69352722
12,Broadway_East,74.57376862
12,Broadway_East,74.43484497
12,Broadway_East,74.26763916
12,Broadway_East,74.11370087
12,Broadway_East,74.00960541
12,Broadway_East,73.90367126
12,Broadway_East,73.76030731
12,Broadway_East,73.60266876
12,Broadway_East,73.41708374
12,Broadway_East,73.2244339
12,Broadway_East,73.04972839
12,Broadway_East,72.83933258
12,Broadway_East,72.56804657
12,Broadway_East,72.30304718
12,Broadway_East,72.06194305
12,Broadway_East,71.80856323
12,Broadway_East,71.49073792
12,Broadway_East,71.08864594
12,Broadway_East,70.61602783
12,Broadway_East,70.25183868
12,Broadway_East,69.99930573
12,Broadway_East,69.86208344
12,Broadway_East,69.76268768
12,Broadway_East,69.69612122
12,Broadway_East,69.66065979
12,Broadway_East,69.66687012
12,Broadway_East,69.67424774
12,Broadway_East,69.68252563
12,Broadway_East,69.68920135
12,Broadway_East,69.69257355
12,Broadway_East,69.69272614
12,Broadway_East,69.70764923
12,Broadway_East,69.70147705
12,Broadway_East,69.69441223
12,Broadway_East,69.69526672
12,Broadway_East,69.68967438
12,Broadway_East,69.69076538
12,Broadway_East,69.6811676
12,Broadway_East,69.66217041
12,Broadway_East,69.66335297
12,Broadway_East,69.67457581
12,Broadway_East,69.6815033
12,Broadway_East,69.68824005
12,Broadway_East,69.68595123
12,Broadway_East,69.67945862
12,Broadway_East,69.66213989
12,Broadway_East,69.6688385
12,Broadway_East,69.66365814
12,Broadway_East,69.66888428
12,Broadway_East,69.65608978
12,Broadway_East,69.64406586
12,Broadway_East,69.64334869
12,Broadway_East,69.62507629
12,Broadway_East,69.61170959
12,Broadway_East,69.61235809
12,Broadway_East,69.60101318
12,Broadway_East,69.59476471
12,Broadway_East,69.61842346
12,Broadway_East,69.62962341
12,Broadway_East,69.61094666
12,Broadway_East,69.56726837
12,Broadway_East,69.51437378
12,Broadway_East,69.4832077
12,Broadway_East,69.46220398
12,Broadway_East,69.43987274
12,Broadway_East,69.42129517
12,Broadway_East,69.41027832
12,Broadway_East,69.38218689
12,Broadway_East,69.28276062
12,Broadway_East,69.18897247
12,Broadway_East,69.15946198
12,Broadway_East,69.14448547
12,Broadway_East,69.08881378
12,Broadway_East,69.01799011
12,Broadway_East,68.98339844
12,Broadway_East,68.9621048
12,Broadway_East,68.94618988
12,Broadway_East,68.96943665
12,Broadway_East,68.98680115
12,Broadway_East,68.98591614
12,Broadway_East,68.98110199
12,Broadway_East,69.00373077
12,Broadway_East,69.03878784
12,Broadway_East,69.0773468
12,Broadway_East,69.09359741
12,Broadway_East,69.1008606
12,Broadway_East,69.1200943
12,Broadway_East,69.13484192
12,Broadway_East,69.12501526
12,Broadway_East,69.10916901
12,Broadway_East,69.05653381
12,Broadway_East,68.99221802
12,Broadway_East,68.93309021
12,Broadway_East,68.86483765
12,Broadway_East,68.77110291
12,Broadway_East,68.72382355
12,Broadway_East,68.72851563
12,Broadway_East,68.74656677
12,Broadway_East,68.75955963
12,Broadway_East,68.80519867
12,Broadway_East,68.87256622
12,Broadway_East,68.93647766
12,Broadway_East,68.98731995
12,Broadway_East,69.05183411
12,Broadway_East,69.15497589
12,Broadway_East,69.23571014
12,Broadway_East,69.27902222
12,Broadway_East,69.33344269
12,Broadway_East,69.38780212
12,Broadway_East,69.42681122
12,Broadway_East,69.45044708
12,Broadway_East,69.4703598
12,Broadway_East,69.48525238
12,Broadway_East,69.48916626
12,Broadway_East,69.48253632
12,Broadway_East,69.47592926
12,Broadway_East,69.48027039
12,Broadway_East,69.48954773
12,Broadway_East,69.50066376
12,Broadway_East,69.52191925
12,Broadway_East,69.53062439
12,Broadway_East,69.4952774
12,Broadway_East,69.45554352
12,Broadway_East,69.43016052
12,Broadway_East,69.40732574
12,Broadway_East,69.38420105
12,Broadway_East,69.37870026
12,Broadway_East,69.34503937
12,Broadway_East,69.31719971
12,Broadway_East,69.31516266
12,Broadway_East,69.28833771
12,Broadway_East,69.25597382
12,Broadway_East,69.21392822
12,Broadway_East,69.18101501
12,Broadway_East,69.13937378
12,Broadway_East,69.11251068
12,Broadway_East,69.10634613
12,Broadway_East,69.05939484
12,Broadway_East,68.99771881
12,Broadway_East,68.95347595
12,Broadway_East,68.91090393
12,Broadway_East,68.89492035
12,Broadway_East,68.87736511
12,Broadway_East,68.83727264
12,Broadway_East,68.8121109
12,Broadway_East,68.77710724
12,Broadway_East,68.75313568
12,Broadway_East,68.76490021
12,Broadway_East,68.77262115
12,Broadway_East,68.76054382
12,Broadway_East,68.73551941
12,Broadway_East,68.71533203
12,Broadway_East,68.70738983
12,Broadway_East,68.67964935
12,Broadway_East,68.63761902
12,Broadway_East,68.58956909
12,Broadway_East,68.51999664
12,Broadway_East,68.49050903
12,Broadway_East,68.44445038
12,Broadway_East,68.41840363
12,Broadway_East,68.37645721
12,Broadway_East,68.34578705
12,Broadway_East,68.27762604
12,Broadway_East,68.17746735
12,Broadway_East,68.11708069
12,Broadway_East,68.05966949
12,Broadway_East,67.98252869
12,Broadway_East,67.9387207
12,Broadway_East,67.92905426
12,Broadway_East,67.90455627
12,Broadway_East,67.8584137
12,Broadway_East,67.80368042
12,Broadway_East,67.76485443
12,Broadway_East,67.74787903
12,Broadway_East,67.74973297
12,Broadway_East,67.74688721
12,Broadway_East,67.75336456
12,Broadway_East,67.78362274
12,Broadway_East,67.80883789
12,Broadway_East,67.80300903
12,Broadway_East,67.79374695
12,Broadway_East,67.76767731
12,Broadway_East,67.73516846
12,Broadway_East,67.71762848
12,Broadway_East,67.71479797
12,Broadway_East,67.68698883
12,Broadway_East,67.64250946
12,Broadway_East,67.59984589
12,Broadway_East,67.55370331
12,Broadway_East,67.48623657
12,Broadway_East,67.39632416
12,Broadway_East,67.32442474
12,Broadway_East,67.27313232
12,Broadway_East,67.19316864
12,Broadway_East,67.12940979
12,Broadway_East,67.07249451
12,Broadway_East,67.0055542
12,Broadway_East,66.95641327
12,Broadway_East,66.95296478
12,Broadway_East,66.94585419
12,Broadway_East,66.92707825
12,Broadway_East,66.91768646
12,Broadway_East,66.90122986
12,Broadway_East,66.8553009
12,Broadway_East,66.76682281
12,Broadway_East,66.68667603
12,Broadway_East,66.5970459
12,Broadway_East,66.50944519
12,Broadway_East,66.3993454
12,Broadway_East,66.20530701
12,Broadway_East,66.00016022
12,Broadway_East,65.86120605
12,Broadway_East,65.75545502
12,Broadway_East,65.67487335
12,Broadway_East,65.62878418
12,Broadway_East,65.62363434
12,Broadway_East,65.62372589
12,Broadway_East,65.61891174
12,Broadway_East,65.58447266
12,Broadway_East,65.55688477
12,Broadway_East,65.63508606
12,Broadway_East,65.73586273
12,Broadway_East,65.82437897
12,Broadway_East,65.89395142
12,Broadway_East,65.95039368
12,Broadway_East,66.00384521
12,Broadway_East,66.02377319
12,Broadway_East,66.06291199
12,Broadway_East,66.06291199
12,Broadway_East,66.13278961
12,Broadway_East,66.20148468
12,Broadway_East,66.29586029
12,Broadway_East,66.36751556
12,Broadway_East,66.46365356
12,Broadway_East,66.58401489
12,Broadway_East,66.7230835
12,Broadway_East,66.81471252
12,Broadway_East,66.86168671
12,Broadway_East,66.92893982
12,Broadway_East,67.01875305
12,Broadway_East,67.09886169
12,Broadway_East,67.19319153
12,Broadway_East,67.29073334
12,Broadway_East,67.37973785
12,Broadway_East,67.44496918
12,Broadway_East,67.51525116
12,Broadway_East,67.59702301
12,Broadway_East,67.65350342
12,Broadway_East,67.75427246
12,Broadway_East,67.83987427
12,Broadway_East,67.87688446
12,Broadway_East,67.91467285
12,Broadway_East,67.94274139
12,Broadway_East,67.99237823
12,Broadway_East,68.00244904
12,Broadway_East,68.04558563
12,Broadway_East,68.08789063
12,Broadway_East,68.11326599
12,Broadway_East,68.13180542
12,Broadway_East,68.19202423
12,Broadway_East,68.23844147
12,Broadway_East,68.25318146
12,Broadway_East,68.28037262
12,Broadway_East,68.33330536
12,Broadway_East,68.39057922
12,Broadway_East,68.44714355
12,Broadway_East,68.48210907
12,Broadway_East,68.49676514
12,Broadway_East,68.51673126
12,Broadway_East,68.55247498
12,Broadway_East,68.5883255
12,Broadway_East,68.61836243
12,Broadway_East,68.66683197
12,Broadway_East,68.73220062
12,Broadway_East,68.78572845
12,Broadway_East,68.81346893
12,Broadway_East,68.82453156
12,Broadway_East,68.86985016
12,Broadway_East,68.91973877
12,Broadway_East,68.92950439
12,Broadway_East,68.93508911
12,Broadway_East,68.94735718
12,Broadway_East,68.97288513
12,Broadway_East,69.03061676
12,Broadway_East,69.08428192
12,Broadway_East,69.11682892
12,Broadway_East,69.13445282
12,Broadway_East,69.16093445
12,Broadway_East,69.19894409
12,Broadway_East,69.23628235
12,Broadway_East,69.27215576
12,Broadway_East,69.30814362
12,Broadway_East,69.34454346
12,Broadway_East,69.38332367
12,Broadway_East,69.41127014
12,Broadway_East,69.41854095
12,Broadway_East,69.4341507
12,Broadway_East,69.43881989
12,Broadway_East,69.43884277
12,Broadway_East,69.42657471
12,Broadway_East,69.4233551
12,Broadway_East,69.43489838
12,Broadway_East,69.43657684
12,Broadway_East,69.4506073
12,Broadway_East,69.45504761
12,Broadway_East,69.47072601
12,Broadway_East,69.47576904
12,Broadway_East,69.4909668
12,Broadway_East,69.49497223
12,Broadway_East,69.50714874
12,Broadway_East,69.47652435
12,Broadway_East,69.44559479
12,Broadway_East,69.43235016
12,Broadway_East,69.43533325
12,Broadway_East,69.43327332
12,Broadway_East,69.42401886
12,Broadway_East,69.40372467
12,Broadway_East,69.37294769
12,Broadway_East,69.30808258
12,Broadway_East,69.24417877
12,Broadway_East,69.20658875
12,Broadway_East,69.18973541
12,Broadway_East,69.15245056
12,Broadway_East,69.09985352
12,Broadway_East,69.03766632
12,Broadway_East,68.93182373
12,Broadway_East,68.80648041
12,Broadway_East,68.6991806
12,Broadway_East,68.62598419
12,Broadway_East,68.58625031
12,Broadway_East,68.51511383
12,Broadway_East,68.45581818
12,Broadway_East,68.3931427
12,Broadway_East,68.3377533
12,Broadway_East,68.24100494
12,Broadway_East,68.12783051
12,Broadway_East,68.02085876
12,Broadway_East,67.96379089
12,Broadway_East,67.91262054
12,Broadway_East,67.87259674
12,Broadway_East,67.82976532
12,Broadway_East,67.81752014
12,Broadway_East,67.81484985
12,Broadway_East,67.80162048
12,Broadway_East,67.76655579
12,Broadway_East,67.72447205
12,Broadway_East,67.66843414
12,Broadway_East,67.621315
12,Broadway_East,67.568573
12,Broadway_East,67.46342468
12,Broadway_East,67.3313446
12,Broadway_East,67.19690704
12,Broadway_East,67.06234741
12,Broadway_East,66.93763733
12,Broadway_East,66.80700684
12,Broadway_East,66.66287231
12,Broadway_East,66.51647186
12,Broadway_East,66.36859131
12,Broadway_East,66.25398254
12,Broadway_East,66.17012787
12,Broadway_East,66.04614258
12,Broadway_East,65.91386414
12,Broadway_East,65.78083038
12,Broadway_East,65.65126038
12,Broadway_East,65.51947784
12,Broadway_East,65.41101837
12,Broadway_East,65.36753845
12,Broadway_East,65.33971405
12,Broadway_East,65.2552948
12,Broadway_East,65.16889191
12,Broadway_East,65.1079483
12,Broadway_East,65.03065491
12,Broadway_East,64.92640686
12,Broadway_East,64.83345795
12,Broadway_East,64.80162048
12,Broadway_East,64.78401947
12,Broadway_East,64.6962204
12,Broadway_East,64.57894897
12,Broadway_East,64.45943451
12,Broadway_East,64.33522034
12,Broadway_East,64.19742584
12,Broadway_East,64.05480194
12,Broadway_East,63.91217804
12,Broadway_East,63.75965881
12,Broadway_East,63.59415054
12,Broadway_East,63.46804428
12,Broadway_East,63.32382202
12,Broadway_East,63.20486832
12,Broadway_East,63.0784874
12,Broadway_East,62.93278503
12,Broadway_East,62.7964592
12,Broadway_East,62.66209412
12,Broadway_East,62.51166153
12,Broadway_East,62.34397507
12,Broadway_East,62.18637085
12,Broadway_East,62.05302811
12,Broadway_East,61.9653244
12,Broadway_East,61.93597412
12,Broadway_East,61.95431519
12,Broadway_East,61.88817215
12,Broadway_East,61.77168274
12,Broadway_East,61.68244553
12,Broadway_East,61.60919571
12,Broadway_East,61.57279587
12,Broadway_East,61.52535629
12,Broadway_East,61.47458267
12,Broadway_East,61.45259857
12,Broadway_East,61.43408966
12,Broadway_East,61.43579483
12,Broadway_East,61.4434433
12,Broadway_East,61.43083954
12,Broadway_East,61.36756134
12,Broadway_East,61.2859726
12,Broadway_East,61.20601273
12,Broadway_East,61.10128403
12,Broadway_East,60.99899292
12,Broadway_East,60.88479996
12,Broadway_East,60.75740814
12,Broadway_East,60.60954666
12,Broadway_East,60.46341705
12,Broadway_East,60.38513565
12,Broadway_East,60.2804985
12,Broadway_East,60.19130325
12,Broadway_East,60.12168121
12,Broadway_East,60.06270599
12,Broadway_East,59.99385452
12,Broadway_East,59.86909866
12,Broadway_East,59.75315857
12,Broadway_East,59.64377213
12,Broadway_East,59.56622314
12,Broadway_East,59.51069641
12,Broadway_East,59.45594025
12,Broadway_East,59.38910294
12,Broadway_East,59.35781479
12,Broadway_East,59.30461121
12,Broadway_East,59.22014236
12,Broadway_East,59.13302231
12,Broadway_East,59.0425148
12,Broadway_East,58.93081665
12,Broadway_East,58.85003662
12,Broadway_East,58.7634964
12,Broadway_East,58.6659317
12,Broadway_East,58.56892395
12,Broadway_East,58.45856094
12,Broadway_East,58.33572006
12,Broadway_East,58.22869873
12,Broadway_East,58.12162018
12,Broadway_East,57.99004364
12,Broadway_East,57.84690475
12,Broadway_East,57.70296478
12,Broadway_East,57.44551086
12,Broadway_East,57.11642075
12,Broadway_East,56.79583359
12,Broadway_East,56.46319962
12,Broadway_East,56.16786575
12,Broadway_East,55.87798691
12,Broadway_East,55.57508087
12,Broadway_East,55.25278473
12,Broadway_East,54.94184494
12,Broadway_East,54.66085052
12,Broadway_East,54.43377686
12,Broadway_East,54.23537827
12,Broadway_East,54.03334427
12,Broadway_East,53.82972717
12,Broadway_East,53.61949158
12,Broadway_East,53.42840576
12,Broadway_East,53.25040817
12,Broadway_East,53.07536316
12,Broadway_East,52.9044838
12,Broadway_East,52.7399826
12,Broadway_East,52.57512283
12,Broadway_East,52.41096497
12,Broadway_East,52.24441528
12,Broadway_East,52.07379913
12,Broadway_East,51.90781021
12,Broadway_East,51.72335052
12,Broadway_East,51.44556046
12,Broadway_East,51.07468414
12,Broadway_East,50.68548203
12,Broadway_East,50.24800873
12,Broadway_East,49.75838089
12,Broadway_East,49.28688049
12,Broadway_East,48.85868835
12,Broadway_East,48.52290344
12,Broadway_East,48.52290344
12,Broadway_East,48.33605957
12,Broadway_East,48.15428543
12,Broadway_East,47.99253845
12,Broadway_East,47.84444427
12,Broadway_East,47.69225311
12,Broadway_East,47.55648422
12,Broadway_East,47.42708206
12,Broadway_East,47.28622437
12,Broadway_East,47.13806534
12,Broadway_East,46.98436356
12,Broadway_East,46.83200836
12,Broadway_East,46.6713829
12,Broadway_East,46.52344513
12,Broadway_East,46.37054062
12,Broadway_East,46.20219421
12,Broadway_East,46.03062057
12,Broadway_East,45.86196518
12,Broadway_East,45.68767548
12,Broadway_East,45.4919281
12,Broadway_East,45.22007751
12,Broadway_East,44.89051819
12,Broadway_East,44.52362442
12,Broadway_East,44.1574707
12,Broadway_East,43.81244659
12,Broadway_East,43.47247314
12,Broadway_East,43.13254929
12,Broadway_East,42.78338242
12,Broadway_East,42.40548706
12,Broadway_East,41.99265289
12,Broadway_East,41.56438065
12,Broadway_East,41.14580536
12,Broadway_East,40.7206459
12,Broadway_East,40.27695084
12,Broadway_East,39.84102631
12,Broadway_East,39.4457016
12,Broadway_East,39.0746727
12,Broadway_East,38.70330811
12,Broadway_East,38.32866669
12,Broadway_East,37.97037506
12,Broadway_East,37.62633133
12,Broadway_East,37.2957077
12,Broadway_East,36.96132278
12,Broadway_East,36.6306572
12,Broadway_East,36.29380035
12,Broadway_East,35.96119308
12,Broadway_East,35.74951553
12,Broadway_East,35.57118225
12,Broadway_East,35.40917206
12,Broadway_East,35.27061844
12,Broadway_East,35.16594696
12,Broadway_East,35.10036087
12,Broadway_East,35.03956223
12,Broadway_East,34.98563766
12,Broadway_East,34.97257996
12,Broadway_East,34.95630646
12,Broadway_East,34.9338913
12,Broadway_East,34.91831207
12,Broadway_East,34.90136719
12,Broadway_East,34.89193726
12,Broadway_East,34.88170242
12,Broadway_East,34.77098846
12,Broadway_East,34.38858795
12,Broadway_East,34.01569748
12,Broadway_East,33.65739059
12,Broadway_East,33.35577774
12,Broadway_East,33.08765411
12,Broadway_East,32.85283279
12,Broadway_East,32.63137817
12,Broadway_East,32.41174316
12,Broadway_East,32.19112396
12,Broadway_East,31.97389793
12,Broadway_East,31.75087357
12,Broadway_East,31.53703499
12,Broadway_East,31.33049011
12,Broadway_East,31.12117767
12,Broadway_East,30.92042542
12,Broadway_East,30.73571014
12,Broadway_East,30.47648048
12,Broadway_East,30.101717
12,Broadway_East,29.56632614
12,Broadway_East,28.88479233
12,Broadway_East,28.13385963
12,Broadway_East,27.47076988
12,Broadway_East,26.90177345
12,Broadway_East,26.47196198
12,Broadway_East,26.06574249
12,Broadway_East,25.66855431
12,Broadway_East,25.28375626
12,Broadway_East,24.89574051
12,Broadway_East,24.47932816
12,Broadway_East,24.00402069
12,Broadway_East,23.48290634
12,Broadway_East,22.92076111
12,Broadway_East,22.34939194
12,Broadway_East,21.79204369
12,Broadway_East,21.27773285
12,Broadway_East,20.79506874
12,Broadway_East,20.34763336
12,Broadway_East,19.90149879
12,Broadway_East,19.4559803
12,Broadway_East,19.02774811
12,Broadway_East,18.59700775
12,Broadway_East,18.14306068
12,Broadway_East,17.56324387
12,Broadway_East,16.86489105
12,Broadway_East,16.10902214
12,Broadway_East,15.42997837
12,Broadway_East,14.96859074
12,Broadway_East,14.62931442
12,Broadway_East,14.37516117
12,Broadway_East,14.13934135
12,Broadway_East,13.90196133
12,Broadway_East,13.66061115
12,Broadway_East,13.41143322
12,Broadway_East,13.16766548
12,Broadway_East,12.93850803
12,Broadway_East,12.71023655
12,Broadway_East,12.47512531
12,Broadway_East,12.23294067
12,Broadway_East,11.99036026
12,Broadway_East,11.7478447
12,Broadway_East,11.50513458
12,Broadway_East,11.25985241
12,Broadway_East,11.01642323
12,Broadway_East,10.77211761
12,Broadway_East,10.53209972
12,Broadway_East,10.2947197
12,Broadway_East,10.06879234
12,Broadway_East,9.83458519
12,Broadway_East,9.588540077
12,Broadway_East,9.350513458
12,Broadway_East,9.13374424
12,Broadway_East,8.962779045
12,Broadway_East,8.82167244
12,Broadway_East,8.702672005
12,Broadway_East,8.586453438
12,Broadway_East,8.475663185
12,Broadway_East,8.361261368
12,Broadway_East,8.247615814
12,Broadway_East,8.138010025
12,Broadway_East,8.043488503
12,Broadway_East,7.944020748
12,Broadway_East,7.839409351
12,Broadway_East,7.732829094
12,Broadway_East,7.64009285
12,Broadway_East,7.563639641
12,Broadway_East,7.485464573
12,Broadway_East,7.400003433
12,Broadway_East,7.295637608
12,Broadway_East,7.210940838
12,Broadway_East,7.153768539
12,Broadway_East,7.196510792
12,Broadway_East,7.240768909
12,Broadway_East,7.286905289
12,Broadway_East,7.328487396
12,Broadway_East,7.360776901
12,Broadway_East,7.390951157
12,Broadway_East,7.429550171
12,Broadway_East,7.465072155
12,Broadway_East,7.491830349
12,Broadway_East,7.503090858
12,Broadway_East,7.496932983
12,Broadway_East,7.480637074
12,Broadway_East,7.461835861
12,Broadway_East,7.452633381
12,Broadway_East,7.450434208
12,Broadway_East,7.44946003
12,Broadway_East,7.444579124
12,Broadway_East,7.429105282
12,Broadway_East,7.405964851
12,Broadway_East,7.389501572
12,Broadway_East,7.373876095
12,Broadway_East,7.368947029
12,Broadway_East,7.361850739
12,Broadway_East,7.337143421
12,Broadway_East,7.317564011
12,Broadway_East,7.303393841
12,Broadway_East,7.276212215
12,Broadway_East,7.242381096
12,Broadway_East,7.239544392
12,Broadway_East,7.248786449
12,Broadway_East,7.238935947
12,Broadway_East,7.213087559
12,Broadway_East,7.203179836
12,Broadway_East,7.197367668
12,Broadway_East,7.235598087
12,Broadway_East,7.271275997
12,Broadway_East,7.300220966
12,Broadway_East,7.316441536
12,Broadway_East,7.306913376
12,Broadway_East,7.302439213
12,Broadway_East,7.302113533
12,Broadway_East,7.311523438
12,Broadway_East,7.334014893
12,Broadway_East,7.353777885
12,Broadway_East,7.36575222
12,Broadway_East,7.372573376
12,Broadway_East,7.390725136
12,Broadway_East,7.424358845
12,Broadway_East,7.454064369
12,Broadway_East,7.480772972
12,Broadway_East,7.518752575
12,Broadway_East,7.557537079
12,Broadway_East,7.606291771
12,Broadway_East,7.671533585
12,Broadway_East,7.734591961
12,Broadway_East,7.79826498
12,Broadway_East,7.845829487
12,Broadway_East,7.876647472
12,Broadway_East,7.917294979
12,Broadway_East,7.959227562
12,Broadway_East,8.008194923
12,Broadway_East,8.062503815
12,Broadway_East,8.110585213
12,Broadway_East,8.148738861
12,Broadway_East,8.188594818
12,Broadway_East,8.217020035
12,Broadway_East,8.240941048
12,Broadway_East,8.26507473
12,Broadway_East,8.292342186
12,Broadway_East,8.319346428
12,Broadway_East,8.360681534
12,Broadway_East,8.406166077
12,Broadway_East,8.448483467
12,Broadway_East,8.486549377
12,Broadway_East,8.516017914
12,Broadway_East,8.541232109
12,Broadway_East,8.556247711
12,Broadway_East,8.591741562
12,Broadway_East,8.638925552
12,Broadway_East,8.676138878
12,Broadway_East,8.709544182
12,Broadway_East,8.728187561
12,Broadway_East,8.741350174
12,Broadway_East,8.76813221
12,Broadway_East,8.794286728
12,Broadway_East,8.81144619
12,Broadway_East,8.826862335
12,Broadway_East,8.849822998
12,Broadway_East,8.873794556
12,Broadway_East,8.89956665
12,Broadway_East,8.92342186
12,Broadway_East,8.937422752
12,Broadway_East,8.951579094
12,Broadway_East,8.968722343
12,Broadway_East,8.983922958
12,Broadway_East,8.998532295
12,Broadway_East,9.016409874
12,Broadway_East,9.035270691
12,Broadway_East,9.053936005
12,Broadway_East,9.070346832
12,Broadway_East,9.08381176
12,Broadway_East,9.098574638
12,Broadway_East,9.113290787
12,Broadway_East,9.127692223
