9,Clockwise,9.137060165
9,Clockwise,9.157483101
9,Clockwise,9.172736168
9,Clockwise,9.18737793
9,Clockwise,9.169788361
9,Clockwise,9.114114761
9,Clockwise,9.04188633
9,Clockwise,9.004549026
9,Clockwise,9.012978554
9,Clockwise,9.057190895
9,Clockwise,9.111639023
9,Clockwise,9.160499573
9,Clockwise,9.196936607
9,Clockwise,9.21267128
9,Clockwise,9.202454567
9,Clockwise,9.179589272
9,Clockwise,9.168927193
9,Clockwise,9.153223991
9,Clockwise,9.129790306
9,Clockwise,9.124031067
9,Clockwise,9.141282082
9,Clockwise,9.171667099
9,Clockwise,9.170542717
9,Clockwise,9.130120277
9,Clockwise,9.087368011
9,Clockwise,9.054925919
9,Clockwise,9.037797928
9,Clockwise,9.03279686
9,Clockwise,9.014843941
9,Clockwise,8.982713699
9,Clockwise,8.960888863
9,Clockwise,8.952291489
9,Clockwise,8.95204258
9,Clockwise,8.961709023
9,Clockwise,9.066714287
9,Clockwise,9.496747971
9,Clockwise,9.969822884
9,Clockwise,10.2988205
9,Clockwise,10.70730114
9,Clockwise,11.36384106
9,Clockwise,11.93617821
9,Clockwise,12.34535789
9,Clockwise,12.59166622
9,Clockwise,12.70348072
9,Clockwise,12.75793552
9,Clockwise,12.84578896
9,Clockwise,13.02193832
9,Clockwise,13.39993286
9,Clockwise,14.03213787
9,Clockwise,14.96706009
9,Clockwise,15.02442169
9,Clockwise,14.92043304
9,Clockwise,14.78453636
9,Clockwise,14.62247086
9,Clockwise,14.54346943
9,Clockwise,14.72777748
9,Clockwise,14.81677818
9,Clockwise,14.84963608
9,Clockwise,14.83829403
9,Clockwise,14.78101158
9,Clockwise,14.67050266
9,Clockwise,14.58029842
9,Clockwise,14.54069996
9,Clockwise,14.48201942
9,Clockwise,14.39538097
9,Clockwise,14.28700733
9,Clockwise,14.15281105
9,Clockwise,13.98097038
9,Clockwise,13.84289742
9,Clockwise,13.77454376
9,Clockwise,13.80122948
9,Clockwise,13.78827477
9,Clockwise,13.76738548
9,Clockwise,13.72371006
9,Clockwise,13.64795017
9,Clockwise,13.55055618
9,Clockwise,13.44661903
9,Clockwise,13.39386654
9,Clockwise,13.47602177
9,Clockwise,13.61434364
9,Clockwise,13.56160069
9,Clockwise,13.43593693
9,Clockwise,13.36610413
9,Clockwise,13.32866287
9,Clockwise,13.26837826
9,Clockwise,13.14381123
9,Clockwise,12.97641182
9,Clockwise,12.79417419
9,Clockwise,12.58656025
9,Clockwise,12.34020615
9,Clockwise,12.1780138
9,Clockwise,12.03783894
9,Clockwise,11.94698429
9,Clockwise,11.8481245
9,Clockwise,11.69542789
9,Clockwise,11.46447849
9,Clockwise,11.26053619
9,Clockwise,11.09411812
9,Clockwise,10.9319725
9,Clockwise,10.76974583
9,Clockwise,10.62839508
9,Clockwise,10.49959469
9,Clockwise,10.41942215
9,Clockwise,10.38475132
9,Clockwise,10.38292885
9,Clockwise,10.40989685
9,Clockwise,10.46844482
9,Clockwise,10.5205555
9,Clockwise,10.63468361
9,Clockwise,10.81107426
9,Clockwise,11.01424026
9,Clockwise,11.18761635
9,Clockwise,11.28166866
9,Clockwise,11.41057205
9,Clockwise,11.58373833
9,Clockwise,11.86678886
9,Clockwise,12.20448685
9,Clockwise,12.53115273
9,Clockwise,12.81848526
9,Clockwise,13.0512495
9,Clockwise,13.27114773
9,Clockwise,13.48222446
9,Clockwise,13.68312168
9,Clockwise,13.86035633
9,Clockwise,14.00074387
9,Clockwise,14.10690498
9,Clockwise,14.18326092
9,Clockwise,14.26133442
9,Clockwise,14.27821827
9,Clockwise,14.24857712
9,Clockwise,14.26492023
9,Clockwise,14.28809357
9,Clockwise,14.30245018
9,Clockwise,14.31292725
9,Clockwise,14.31707191
9,Clockwise,14.31932163
9,Clockwise,14.33782864
9,Clockwise,14.3603487
9,Clockwise,14.34935474
9,Clockwise,14.33310413
9,Clockwise,14.30244732
9,Clockwise,14.25041771
9,Clockwise,14.1970005
9,Clockwise,14.15565205
9,Clockwise,14.1356554
9,Clockwise,14.11642838
9,Clockwise,14.07047939
9,Clockwise,14.01248932
9,Clockwise,13.95545673
9,Clockwise,13.93407059
9,Clockwise,13.91715813
9,Clockwise,14.00978565
9,Clockwise,14.38093948
9,Clockwise,14.78057861
9,Clockwise,15.43687916
9,Clockwise,16.5363636
9,Clockwise,17.65980721
9,Clockwise,18.47313881
9,Clockwise,19.09913445
9,Clockwise,19.7263031
9,Clockwise,20.37157822
9,Clockwise,21.046978
9,Clockwise,21.78935623
9,Clockwise,22.59884644
9,Clockwise,23.413311
9,Clockwise,24.18317986
9,Clockwise,24.85227776
9,Clockwise,25.12584305
9,Clockwise,25.15908623
9,Clockwise,25.16725922
9,Clockwise,25.17058182
9,Clockwise,25.14992142
9,Clockwise,25.07932281
9,Clockwise,24.95782089
9,Clockwise,24.72415924
9,Clockwise,24.28012085
9,Clockwise,23.66353607
9,Clockwise,23.12124252
9,Clockwise,22.71226692
9,Clockwise,22.42902184
9,Clockwise,22.11215782
9,Clockwise,21.70303535
9,Clockwise,22.09222221
9,Clockwise,22.73145676
9,Clockwise,23.48733139
9,Clockwise,24.23913956
9,Clockwise,24.89764977
9,Clockwise,25.38744736
9,Clockwise,25.96956253
9,Clockwise,26.68875313
9,Clockwise,27.53725433
9,Clockwise,28.50202751
9,Clockwise,29.39141464
9,Clockwise,30.21169853
9,Clockwise,30.72114372
9,Clockwise,31.10696602
9,Clockwise,31.51453018
9,Clockwise,31.91219711
9,Clockwise,32.28100586
9,Clockwise,32.60723114
9,Clockwise,32.77202606
9,Clockwise,32.61230087
9,Clockwise,32.45498276
9,Clockwise,32.26430893
9,Clockwise,32.03771591
9,Clockwise,31.80323219
9,Clockwise,31.52298737
9,Clockwise,31.19628334
9,Clockwise,30.82079697
9,Clockwise,30.37499046
9,Clockwise,29.51461411
9,Clockwise,28.57125473
9,Clockwise,27.73353577
9,Clockwise,27.23739052
9,Clockwise,27.00529861
9,Clockwise,27.05690384
9,Clockwise,27.13954735
9,Clockwise,27.2715168
9,Clockwise,27.50753212
9,Clockwise,27.76644325
9,Clockwise,27.86457253
9,Clockwise,27.62220955
9,Clockwise,27.48112679
9,Clockwise,27.30407333
9,Clockwise,27.04426575
9,Clockwise,26.8181076
9,Clockwise,26.71374512
9,Clockwise,26.68773651
9,Clockwise,26.62992287
9,Clockwise,26.62981033
9,Clockwise,26.68556976
9,Clockwise,26.72857666
9,Clockwise,26.84569359
9,Clockwise,26.98921585
9,Clockwise,27.17664528
9,Clockwise,27.36083221
9,Clockwise,27.59480286
9,Clockwise,27.88046837
9,Clockwise,28.2419548
9,Clockwise,28.59998703
9,Clockwise,28.99257088
9,Clockwise,29.43608284
9,Clockwise,29.91915321
9,Clockwise,30.4577198
9,Clockwise,31.08493614
9,Clockwise,31.82418251
9,Clockwise,32.61790848
9,Clockwise,33.39493179
9,Clockwise,34.10052109
9,Clockwise,34.75781631
9,Clockwise,35.47787094
9,Clockwise,36.206604
9,Clockwise,36.71207809
9,Clockwise,36.86526489
9,Clockwise,36.93849945
9,Clockwise,36.97959518
9,Clockwise,36.97959518
9,Clockwise,37.05953598
9,Clockwise,37.08963394
9,Clockwise,37.12265396
9,Clockwise,37.16815186
9,Clockwise,37.21772385
9,Clockwise,37.27982712
9,Clockwise,37.38095856
9,Clockwise,37.51408386
9,Clockwise,37.65942001
9,Clockwise,37.78871536
9,Clockwise,37.90917206
9,Clockwise,38.03608704
9,Clockwise,38.16960907
9,Clockwise,38.28247452
9,Clockwise,38.36316299
9,Clockwise,38.44129181
9,Clockwise,38.51530075
9,Clockwise,38.58200836
9,Clockwise,38.66181946
9,Clockwise,38.71711349
9,Clockwise,38.77646637
9,Clockwise,38.76560974
9,Clockwise,38.89997864
9,Clockwise,38.97394562
9,Clockwise,39.01959229
9,Clockwise,39.02629089
9,Clockwise,38.99134827
9,Clockwise,39.01211548
9,Clockwise,39.01276398
9,Clockwise,38.99896622
9,Clockwise,38.99481201
9,Clockwise,38.98624802
9,Clockwise,38.95261383
9,Clockwise,38.9045372
9,Clockwise,38.86141586
9,Clockwise,38.80157471
9,Clockwise,38.66139984
9,Clockwise,38.45817947
9,Clockwise,38.05735397
9,Clockwise,37.56094742
9,Clockwise,37.05002975
9,Clockwise,36.54124451
9,Clockwise,36.05817413
9,Clockwise,35.5668602
9,Clockwise,35.07768631
9,Clockwise,34.58885193
9,Clockwise,34.09924698
9,Clockwise,33.6049614
9,Clockwise,33.03335571
9,Clockwise,32.31611252
9,Clockwise,31.53604889
9,Clockwise,30.74539757
9,Clockwise,29.86145782
9,Clockwise,28.92988014
9,Clockwise,28.12223816
9,Clockwise,27.50868034
9,Clockwise,26.98436928
9,Clockwise,26.51125145
9,Clockwise,26.08337402
9,Clockwise,25.70535088
9,Clockwise,25.38552666
9,Clockwise,25.25541306
9,Clockwise,25.23146248
9,Clockwise,25.25947189
9,Clockwise,25.33063698
9,Clockwise,25.48418999
9,Clockwise,25.72878647
9,Clockwise,26.08105087
9,Clockwise,26.46382141
9,Clockwise,26.86344147
9,Clockwise,27.28300858
9,Clockwise,27.62956238
9,Clockwise,27.94599152
9,Clockwise,28.26845551
9,Clockwise,28.69873047
9,Clockwise,29.21310806
9,Clockwise,29.73225212
9,Clockwise,30.20201683
9,Clockwise,30.59868622
9,Clockwise,30.95218086
9,Clockwise,31.28201294
9,Clockwise,31.60942841
9,Clockwise,31.93039513
9,Clockwise,32.20331573
9,Clockwise,32.24285889
9,Clockwise,32.28608704
9,Clockwise,32.3470192
9,Clockwise,32.41462326
9,Clockwise,32.47625351
9,Clockwise,32.52644348
9,Clockwise,32.58260345
9,Clockwise,32.66493607
9,Clockwise,32.7867775
9,Clockwise,32.96526718
9,Clockwise,33.24511337
9,Clockwise,33.71657944
9,Clockwise,34.26750183
9,Clockwise,34.73945618
9,Clockwise,35.08761597
9,Clockwise,35.38586044
9,Clockwise,35.77796555
9,Clockwise,36.25709152
9,Clockwise,36.69636154
9,Clockwise,37.00990295
9,Clockwise,37.26124573
9,Clockwise,37.48713684
9,Clockwise,37.65971756
9,Clockwise,37.810009
9,Clockwise,37.985672
9,Clockwise,38.21622086
9,Clockwise,38.47173691
9,Clockwise,38.74012756
9,Clockwise,39.06430817
9,Clockwise,39.42600632
9,Clockwise,39.81226349
9,Clockwise,40.19232559
9,Clockwise,40.55968475
9,Clockwise,40.89479828
9,Clockwise,41.20250702
9,Clockwise,41.45814133
9,Clockwise,41.72674942
9,Clockwise,42.03581619
9,Clockwise,42.35578156
9,Clockwise,42.7034874
9,Clockwise,43.10736847
9,Clockwise,43.52575684
9,Clockwise,43.9540062
9,Clockwise,44.38241959
9,Clockwise,44.7638855
9,Clockwise,45.17978668
9,Clockwise,45.5750618
9,Clockwise,45.93141556
9,Clockwise,46.26567459
9,Clockwise,46.53987503
9,Clockwise,46.76951218
9,Clockwise,46.99269104
9,Clockwise,47.25312042
9,Clockwise,47.54750443
9,Clockwise,47.8923111
9,Clockwise,48.27566528
9,Clockwise,48.71059036
9,Clockwise,49.15142059
9,Clockwise,49.55193329
9,Clockwise,49.9337883
9,Clockwise,50.32064056
9,Clockwise,50.70474243
9,Clockwise,51.09687424
9,Clockwise,51.46617508
9,Clockwise,51.78990173
9,Clockwise,52.1115036
9,Clockwise,52.40618134
9,Clockwise,52.35053635
9,Clockwise,52.39255905
9,Clockwise,52.62944794
9,Clockwise,52.94179535
9,Clockwise,53.24715424
9,Clockwise,53.51402664
9,Clockwise,53.73483658
9,Clockwise,53.95051193
9,Clockwise,54.15107727
9,Clockwise,54.36803818
9,Clockwise,54.644207
9,Clockwise,55.11924362
9,Clockwise,55.83357239
9,Clockwise,56.61515808
9,Clockwise,57.21422577
9,Clockwise,57.68032455
9,Clockwise,57.96924591
9,Clockwise,58.22992325
9,Clockwise,58.51823425
9,Clockwise,58.79797363
9,Clockwise,59.05332565
9,Clockwise,59.29787064
9,Clockwise,59.52431488
9,Clockwise,59.70747757
9,Clockwise,59.8301239
9,Clockwise,59.88414383
9,Clockwise,59.91756821
9,Clockwise,59.98672104
9,Clockwise,60.09249496
9,Clockwise,60.19641495
9,Clockwise,60.31302261
9,Clockwise,60.4478569
9,Clockwise,60.59102631
9,Clockwise,60.72489548
9,Clockwise,60.81267166
9,Clockwise,60.86110687
9,Clockwise,60.89948273
9,Clockwise,60.96848679
9,Clockwise,61.02142715
9,Clockwise,61.05567551
9,Clockwise,61.10746002
9,Clockwise,61.16698456
9,Clockwise,61.23281479
9,Clockwise,61.32038879
9,Clockwise,61.41005707
9,Clockwise,61.47492218
9,Clockwise,61.55849838
9,Clockwise,61.63966751
9,Clockwise,61.69203949
9,Clockwise,61.73733521
9,Clockwise,61.80670166
9,Clockwise,61.80890656
9,Clockwise,61.81057739
9,Clockwise,61.84907913
9,Clockwise,61.88495255
9,Clockwise,61.92536163
9,Clockwise,61.97856903
9,Clockwise,61.99464035
9,Clockwise,62.0022583
9,Clockwise,62.02995682
9,Clockwise,62.04188538
9,Clockwise,62.04218674
9,Clockwise,62.06171799
9,Clockwise,62.08223343
9,Clockwise,62.12871933
9,Clockwise,62.18914032
9,Clockwise,62.26693726
9,Clockwise,62.33097839
9,Clockwise,62.35798645
9,Clockwise,62.4065094
9,Clockwise,62.47148132
9,Clockwise,62.52606201
9,Clockwise,62.52116013
9,Clockwise,62.55632782
9,Clockwise,62.61394119
9,Clockwise,62.67768478
9,Clockwise,62.73879242
9,Clockwise,62.80831146
9,Clockwise,62.88660049
9,Clockwise,62.91608047
9,Clockwise,62.94282532
9,Clockwise,62.99433517
9,Clockwise,63.04732895
9,Clockwise,63.09060287
9,Clockwise,63.12980652
9,Clockwise,63.18898392
9,Clockwise,63.25685501
9,Clockwise,63.32002258
9,Clockwise,63.36812592
9,Clockwise,63.40736771
9,Clockwise,63.43848038
9,Clockwise,63.47509766
9,Clockwise,63.53105164
9,Clockwise,63.62047195
9,Clockwise,63.70988083
9,Clockwise,63.79828262
9,Clockwise,63.82649231
9,Clockwise,63.90726089
9,Clockwise,64.04655457
9,Clockwise,64.19312286
9,Clockwise,64.28212738
9,Clockwise,64.32726288
9,Clockwise,64.38040161
9,Clockwise,64.41758728
9,Clockwise,64.41758728
9,Clockwise,64.42768097
9,Clockwise,64.44234467
9,Clockwise,64.45505524
9,Clockwise,64.46897888
9,Clockwise,64.48097992
9,Clockwise,64.49024963
9,Clockwise,64.50139618
9,Clockwise,64.50487518
9,Clockwise,64.5064621
9,Clockwise,64.50897217
9,Clockwise,64.50865173
9,Clockwise,64.50479126
9,Clockwise,64.49646759
9,Clockwise,64.47228241
9,Clockwise,64.44558716
9,Clockwise,64.42779541
9,Clockwise,64.40801239
9,Clockwise,64.37819672
9,Clockwise,64.33895111
9,Clockwise,64.29488373
9,Clockwise,64.26793671
9,Clockwise,64.23834229
9,Clockwise,64.22025299
9,Clockwise,64.20990753
9,Clockwise,64.21025085
9,Clockwise,64.2334137
9,Clockwise,64.26644135
9,Clockwise,64.30215454
9,Clockwise,64.35128021
9,Clockwise,64.39816284
9,Clockwise,64.43180084
9,Clockwise,64.46513367
9,Clockwise,64.47747803
9,Clockwise,64.49170685
9,Clockwise,64.48002625
9,Clockwise,64.45493317
9,Clockwise,64.41098022
9,Clockwise,64.33565521
9,Clockwise,64.25244141
9,Clockwise,64.13746643
9,Clockwise,64.01779175
9,Clockwise,63.90639496
9,Clockwise,63.79779816
9,Clockwise,63.68998718
9,Clockwise,63.58842087
9,Clockwise,63.46009064
9,Clockwise,63.35516357
9,Clockwise,63.26580811
9,Clockwise,63.19433975
9,Clockwise,63.13631058
9,Clockwise,63.08605194
9,Clockwise,63.05566788
9,Clockwise,63.02822876
9,Clockwise,63.01528931
9,Clockwise,63.00824738
9,Clockwise,63.00798416
9,Clockwise,63.01534653
9,Clockwise,63.02026749
9,Clockwise,63.02814484
9,Clockwise,63.03725052
9,Clockwise,63.04728699
9,Clockwise,63.0684433
9,Clockwise,63.09436417
9,Clockwise,63.11019897
9,Clockwise,63.12266922
9,Clockwise,63.13121796
9,Clockwise,63.14208984
9,Clockwise,63.16296768
9,Clockwise,63.1907959
9,Clockwise,63.22681046
9,Clockwise,63.27259445
9,Clockwise,63.3320961
9,Clockwise,63.37983322
9,Clockwise,63.40944672
9,Clockwise,63.4264946
9,Clockwise,63.42591095
9,Clockwise,63.42399597
9,Clockwise,63.42147446
9,Clockwise,63.4424324
9,Clockwise,63.49485779
9,Clockwise,63.57448578
9,Clockwise,63.65945816
9,Clockwise,63.73470306
9,Clockwise,63.80601501
9,Clockwise,63.8392601
9,Clockwise,63.8601265
9,Clockwise,63.87501526
9,Clockwise,63.88746643
9,Clockwise,63.89976883
9,Clockwise,63.89838791
9,Clockwise,63.90045547
9,Clockwise,63.90245819
9,Clockwise,63.90586853
9,Clockwise,63.91141891
9,Clockwise,63.91288757
9,Clockwise,63.91698837
9,Clockwise,63.93082047
9,Clockwise,63.95042801
9,Clockwise,63.97547531
9,Clockwise,64.003479
9,Clockwise,64.03004456
9,Clockwise,64.05256653
9,Clockwise,64.07756805
9,Clockwise,64.09149933
9,Clockwise,64.09646606
9,Clockwise,64.08960724
9,Clockwise,64.07457733
9,Clockwise,64.05680084
9,Clockwise,64.06347656
9,Clockwise,64.07374573
9,Clockwise,64.08150482
9,Clockwise,64.08563995
9,Clockwise,64.0878067
9,Clockwise,64.07633972
9,Clockwise,64.06549835
9,Clockwise,64.03910065
9,Clockwise,64.00901031
9,Clockwise,63.9870224
9,Clockwise,63.96717834
9,Clockwise,63.95448303
9,Clockwise,63.98104095
9,Clockwise,64.01620483
9,Clockwise,64.04931641
9,Clockwise,64.07928467
9,Clockwise,64.09319305
9,Clockwise,64.09567261
9,Clockwise,64.09544373
9,Clockwise,64.08899689
9,Clockwise,64.07572937
9,Clockwise,64.06154633
9,Clockwise,64.04815674
9,Clockwise,64.04350281
9,Clockwise,64.04523468
9,Clockwise,64.05454254
9,Clockwise,64.0761261
9,Clockwise,64.09125519
9,Clockwise,64.09339905
9,Clockwise,64.09492493
9,Clockwise,64.09011078
9,Clockwise,64.09035492
9,Clockwise,64.08205414
9,Clockwise,64.07411957
9,Clockwise,64.06420898
9,Clockwise,64.0588913
9,Clockwise,64.05700684
9,Clockwise,64.05889893
9,Clockwise,64.06906891
9,Clockwise,64.07569885
9,Clockwise,64.08091736
9,Clockwise,64.09007263
9,Clockwise,64.09650421
9,Clockwise,64.1026001
9,Clockwise,64.12763977
9,Clockwise,64.15710449
9,Clockwise,64.1834259
9,Clockwise,64.20659637
9,Clockwise,64.22054291
9,Clockwise,64.21997833
9,Clockwise,64.22114563
9,Clockwise,64.21858978
9,Clockwise,64.21379089
9,Clockwise,64.20829773
9,Clockwise,64.20156097
9,Clockwise,64.1975174
9,Clockwise,64.19940186
9,Clockwise,64.19972229
9,Clockwise,64.20066833
9,Clockwise,64.20144653
9,Clockwise,64.19760895
9,Clockwise,64.19322205
9,Clockwise,64.19303894
9,Clockwise,64.19944
9,Clockwise,64.20723724
9,Clockwise,64.21155548
9,Clockwise,64.21722412
9,Clockwise,64.21949005
9,Clockwise,64.22023773
9,Clockwise,64.22323608
9,Clockwise,64.22626495
9,Clockwise,64.22970581
9,Clockwise,64.23371124
9,Clockwise,64.23538971
9,Clockwise,64.23316193
9,Clockwise,64.22895813
9,Clockwise,64.22188568
9,Clockwise,64.21546936
9,Clockwise,64.21191406
9,Clockwise,64.21216583
9,Clockwise,64.21723175
9,Clockwise,64.22999573
9,Clockwise,64.24176788
9,Clockwise,64.25165558
9,Clockwise,64.25979614
9,Clockwise,64.2665863
9,Clockwise,64.27485657
9,Clockwise,64.28386688
9,Clockwise,64.29140472
9,Clockwise,64.29955292
9,Clockwise,64.31043243
9,Clockwise,64.32317352
9,Clockwise,64.32991791
9,Clockwise,64.33321381
9,Clockwise,64.34473419
9,Clockwise,64.36470032
9,Clockwise,64.38085938
9,Clockwise,64.39311981
9,Clockwise,64.40895081
9,Clockwise,64.40393066
9,Clockwise,64.40416718
9,Clockwise,64.3819046
9,Clockwise,64.35539246
9,Clockwise,64.34127045
9,Clockwise,64.3342514
9,Clockwise,64.32398224
9,Clockwise,64.32819366
9,Clockwise,64.33782959
9,Clockwise,64.35947418
9,Clockwise,64.38121796
9,Clockwise,64.39550781
9,Clockwise,64.4061203
9,Clockwise,64.41838837
9,Clockwise,64.43201447
9,Clockwise,64.44187164
9,Clockwise,64.44598389
9,Clockwise,64.44692993
9,Clockwise,64.43598938
9,Clockwise,64.42481232
9,Clockwise,64.41760254
9,Clockwise,64.41518402
9,Clockwise,64.41497803
9,Clockwise,64.42005157
9,Clockwise,64.41611481
9,Clockwise,64.41404724
9,Clockwise,64.4157486
9,Clockwise,64.41564178
9,Clockwise,64.41562653
9,Clockwise,64.40891266
9,Clockwise,64.38730621
9,Clockwise,64.36384583
9,Clockwise,64.3455658
9,Clockwise,64.33467102
9,Clockwise,64.33158875
9,Clockwise,64.35993958
9,Clockwise,64.38975525
9,Clockwise,64.40239716
9,Clockwise,64.40883636
9,Clockwise,64.41082764
9,Clockwise,64.40871429
9,Clockwise,64.40680695
9,Clockwise,64.40586853
9,Clockwise,64.40546417
9,Clockwise,64.4044342
9,Clockwise,64.40431976
9,Clockwise,64.40418243
9,Clockwise,64.40428925
9,Clockwise,64.40428925
9,Clockwise,64.40375519
9,Clockwise,64.4044342
9,Clockwise,64.40688324
9,Clockwise,64.41179657
9,Clockwise,64.4141922
9,Clockwise,64.41520691
9,Clockwise,64.41851044
9,Clockwise,64.42540741
9,Clockwise,64.44235229
9,Clockwise,64.46544647
9,Clockwise,64.48568726
9,Clockwise,64.50098419
9,Clockwise,64.50900269
9,Clockwise,64.51718903
9,Clockwise,64.52776337
9,Clockwise,64.53977203
9,Clockwise,64.53366852
9,Clockwise,64.52722168
9,Clockwise,64.52428436
9,Clockwise,64.52108765
9,Clockwise,64.5318222
9,Clockwise,64.54876709
9,Clockwise,64.57857513
9,Clockwise,64.59938049
9,Clockwise,64.60666656
9,Clockwise,64.61204529
9,Clockwise,64.61598206
9,Clockwise,64.61607361
9,Clockwise,64.61602783
9,Clockwise,64.61599731
9,Clockwise,64.6162262
9,Clockwise,64.62230682
9,Clockwise,64.63207245
9,Clockwise,64.66590118
9,Clockwise,64.71491241
9,Clockwise,64.74312592
9,Clockwise,64.75793457
9,Clockwise,64.75708771
9,Clockwise,64.75934601
9,Clockwise,64.76582336
9,Clockwise,64.77993774
9,Clockwise,64.79498291
9,Clockwise,64.80620575
9,Clockwise,64.81281281
9,Clockwise,64.81626129
9,Clockwise,64.80982208
9,Clockwise,64.80090332
9,Clockwise,64.78807068
9,Clockwise,64.7881012
9,Clockwise,64.79470062
9,Clockwise,64.80878448
9,Clockwise,64.81967926
9,Clockwise,64.82598114
9,Clockwise,64.8301239
9,Clockwise,64.83757782
9,Clockwise,64.85452271
9,Clockwise,64.87343597
9,Clockwise,64.89459229
9,Clockwise,64.90579224
9,Clockwise,64.91114044
9,Clockwise,64.91236115
9,Clockwise,64.91481781
9,Clockwise,64.92223358
9,Clockwise,64.92922974
9,Clockwise,64.93772888
9,Clockwise,64.95207977
9,Clockwise,64.9629364
9,Clockwise,64.96613312
9,Clockwise,64.96607971
9,Clockwise,64.9643631
9,Clockwise,64.9701004
9,Clockwise,64.98460388
9,Clockwise,65.00067139
9,Clockwise,65.01264191
9,Clockwise,65.02205658
9,Clockwise,65.02928162
9,Clockwise,65.04109955
9,Clockwise,65.05266571
9,Clockwise,65.06329346
9,Clockwise,65.06563568
9,Clockwise,65.06781006
9,Clockwise,65.07666016
9,Clockwise,65.08586884
9,Clockwise,65.10126495
9,Clockwise,65.10713196
9,Clockwise,65.11743927
9,Clockwise,65.12568665
9,Clockwise,65.15158844
9,Clockwise,65.18134308
9,Clockwise,65.21164703
9,Clockwise,65.24077606
9,Clockwise,65.25955963
9,Clockwise,65.26283264
9,Clockwise,65.26792908
9,Clockwise,65.29235077
9,Clockwise,65.30652618
9,Clockwise,65.31350708
9,Clockwise,65.31552887
9,Clockwise,65.31780243
9,Clockwise,65.32852936
9,Clockwise,65.35001373
9,Clockwise,65.3785553
9,Clockwise,65.40000153
9,Clockwise,65.40924072
9,Clockwise,65.41348267
9,Clockwise,65.42178345
9,Clockwise,65.44231415
9,Clockwise,65.46822357
9,Clockwise,65.49064636
9,Clockwise,65.51493073
9,Clockwise,65.54703522
9,Clockwise,65.5721817
9,Clockwise,65.59586334
9,Clockwise,65.59741211
9,Clockwise,65.58401489
9,Clockwise,65.57333374
9,Clockwise,65.5703125
9,Clockwise,65.57563019
9,Clockwise,65.58868408
9,Clockwise,65.60956573
9,Clockwise,65.63516998
9,Clockwise,65.66012573
9,Clockwise,65.68002319
9,Clockwise,65.70004272
9,Clockwise,65.71060181
9,Clockwise,65.71283722
9,Clockwise,65.71157837
9,Clockwise,65.7119751
9,Clockwise,65.71683502
9,Clockwise,65.72288513
9,Clockwise,65.72651672
9,Clockwise,65.73091888
9,Clockwise,65.73587036
9,Clockwise,65.73764801
9,Clockwise,65.74607086
9,Clockwise,65.765625
9,Clockwise,65.78820038
9,Clockwise,65.80168152
9,Clockwise,65.81626129
9,Clockwise,65.83177185
9,Clockwise,65.8546524
9,Clockwise,65.88751221
9,Clockwise,65.900177
9,Clockwise,65.90629578
9,Clockwise,65.90509033
9,Clockwise,65.90864563
9,Clockwise,65.92157745
9,Clockwise,65.94255829
9,Clockwise,65.9549408
9,Clockwise,65.95837402
9,Clockwise,65.98788452
9,Clockwise,66.02748108
9,Clockwise,66.06315613
9,Clockwise,66.06967163
9,Clockwise,66.06510162
9,Clockwise,66.05631256
9,Clockwise,66.06874084
9,Clockwise,66.10075378
9,Clockwise,66.1280365
9,Clockwise,66.13542938
9,Clockwise,66.12586212
9,Clockwise,66.11625671
9,Clockwise,66.10912323
9,Clockwise,66.1190567
9,Clockwise,66.13092804
9,Clockwise,66.14624023
9,Clockwise,66.16106415
9,Clockwise,66.18108368
9,Clockwise,66.20687103
9,Clockwise,66.23159027
9,Clockwise,66.2535553
9,Clockwise,66.26984406
9,Clockwise,66.28672028
9,Clockwise,66.30856323
9,Clockwise,66.33071136
9,Clockwise,66.35632324
9,Clockwise,66.38733673
9,Clockwise,66.41018677
9,Clockwise,66.41854095
9,Clockwise,66.42729187
9,Clockwise,66.43628693
9,Clockwise,66.44954681
9,Clockwise,66.46911621
9,Clockwise,66.49049377
9,Clockwise,66.51397705
9,Clockwise,66.53865051
9,Clockwise,66.56433868
9,Clockwise,66.59057617
9,Clockwise,66.60923767
9,Clockwise,66.61221313
9,Clockwise,66.61601257
9,Clockwise,66.62014008
9,Clockwise,66.6366806
9,Clockwise,66.66022491
9,Clockwise,66.68341827
9,Clockwise,66.70644379
9,Clockwise,66.70864868
9,Clockwise,66.7110672
9,Clockwise,66.71379089
9,Clockwise,66.72434235
9,Clockwise,66.74600983
9,Clockwise,66.76812744
9,Clockwise,66.77318573
9,Clockwise,66.766716
9,Clockwise,66.76501465
9,Clockwise,66.77301788
9,Clockwise,66.79087067
9,Clockwise,66.79850769
9,Clockwise,66.78681183
9,Clockwise,66.77690125
9,Clockwise,66.78087616
9,Clockwise,66.78513336
9,Clockwise,66.78543091
9,Clockwise,66.78286743
9,Clockwise,66.77667999
9,Clockwise,66.76893616
9,Clockwise,66.7572937
9,Clockwise,66.74551392
9,Clockwise,66.73432922
9,Clockwise,66.72779846
9,Clockwise,66.72167969
9,Clockwise,66.72376251
9,Clockwise,66.72702026
9,Clockwise,66.73376465
9,Clockwise,66.74110413
9,Clockwise,66.75017548
9,Clockwise,66.75068665
9,Clockwise,66.74471283
9,Clockwise,66.73694611
9,Clockwise,66.73252106
9,Clockwise,66.74134827
9,Clockwise,66.74847412
9,Clockwise,66.74356842
9,Clockwise,66.74034119
9,Clockwise,66.74381256
9,Clockwise,66.74504852
9,Clockwise,66.74893951
9,Clockwise,66.74347687
9,Clockwise,66.73326874
9,Clockwise,66.72852325
9,Clockwise,66.73020172
9,Clockwise,66.7399292
9,Clockwise,66.74071503
9,Clockwise,66.73184204
9,Clockwise,66.72415161
9,Clockwise,66.72481537
9,Clockwise,66.735466
9,Clockwise,66.74049377
9,Clockwise,66.73152161
9,Clockwise,66.71655273
9,Clockwise,66.71346283
9,Clockwise,66.70606995
9,Clockwise,66.69233704
9,Clockwise,66.68402863
9,Clockwise,66.67821503
9,Clockwise,66.67821503
9,Clockwise,66.66088867
9,Clockwise,66.64141083
9,Clockwise,66.6375885
9,Clockwise,66.62673187
9,Clockwise,66.62114716
9,Clockwise,66.62800598
9,Clockwise,66.65197754
9,Clockwise,66.68019104
9,Clockwise,66.70178986
9,Clockwise,66.71196747
9,Clockwise,66.7322464
9,Clockwise,66.76114655
9,Clockwise,66.78787994
9,Clockwise,66.80776215
9,Clockwise,66.81513214
9,Clockwise,66.81829834
9,Clockwise,66.8203125
9,Clockwise,66.82535553
9,Clockwise,66.83310699
9,Clockwise,66.8607254
9,Clockwise,66.89787292
9,Clockwise,66.93986511
9,Clockwise,66.97979736
9,Clockwise,67.02309418
9,Clockwise,67.0194931
9,Clockwise,67.03368378
9,Clockwise,67.07268524
9,Clockwise,67.11366272
9,Clockwise,67.1554184
9,Clockwise,67.19886017
9,Clockwise,67.24134064
9,Clockwise,67.28193665
9,Clockwise,67.32232666
9,Clockwise,67.36322021
9,Clockwise,67.40412903
9,Clockwise,67.44547272
9,Clockwise,67.49602509
9,Clockwise,67.54623413
9,Clockwise,67.59577942
9,Clockwise,67.64172363
9,Clockwise,67.68050385
9,Clockwise,67.71889496
9,Clockwise,67.7543335
9,Clockwise,67.79710388
9,Clockwise,67.84288788
9,Clockwise,67.88411713
9,Clockwise,67.92012787
9,Clockwise,67.95210266
9,Clockwise,67.98609924
9,Clockwise,68.02389526
9,Clockwise,68.06809998
9,Clockwise,68.11029053
9,Clockwise,68.13264465
9,Clockwise,68.14602661
9,Clockwise,68.15876007
9,Clockwise,68.19254303
9,Clockwise,68.22316742
9,Clockwise,68.26283264
9,Clockwise,68.30247498
9,Clockwise,68.35979462
9,Clockwise,68.41472626
9,Clockwise,68.4616394
9,Clockwise,68.49217987
9,Clockwise,68.5162735
9,Clockwise,68.53113556
9,Clockwise,68.51148224
9,Clockwise,68.52961731
9,Clockwise,68.55445099
9,Clockwise,68.5874939
9,Clockwise,68.62719727
9,Clockwise,68.6811676
9,Clockwise,68.71930695
9,Clockwise,68.74835968
9,Clockwise,68.77047729
9,Clockwise,68.79022217
9,Clockwise,68.8269043
9,Clockwise,68.88792419
9,Clockwise,68.96130371
9,Clockwise,69.01003265
9,Clockwise,69.05835724
9,Clockwise,69.06339264
9,Clockwise,69.05731201
9,Clockwise,69.03792572
9,Clockwise,69.0450058
9,Clockwise,69.06413269
9,Clockwise,69.11985779
9,Clockwise,69.16943359
9,Clockwise,69.20880127
9,Clockwise,69.24459839
9,Clockwise,69.2804718
9,Clockwise,69.3214798
9,Clockwise,69.36435699
9,Clockwise,69.40579224
9,Clockwise,69.44738007
9,Clockwise,69.48857117
9,Clockwise,69.52973938
9,Clockwise,69.57146454
9,Clockwise,69.61174011
9,Clockwise,69.65325165
9,Clockwise,69.69775391
9,Clockwise,69.74730682
9,Clockwise,69.79677582
9,Clockwise,69.82686615
9,Clockwise,69.84905243
9,Clockwise,69.85546875
9,Clockwise,69.82426453
9,Clockwise,69.84282684
9,Clockwise,69.86460114
9,Clockwise,69.88043213
9,Clockwise,69.90257263
9,Clockwise,69.92355347
9,Clockwise,69.94862366
9,Clockwise,69.97657013
9,Clockwise,70.00847626
9,Clockwise,70.0397644
9,Clockwise,70.07905579
9,Clockwise,70.1269989
9,Clockwise,70.18520355
9,Clockwise,70.24624634
9,Clockwise,70.30940247
9,Clockwise,70.3639679
9,Clockwise,70.40650177
9,Clockwise,70.44553375
9,Clockwise,70.48178864
9,Clockwise,70.52520752
9,Clockwise,70.5708847
9,Clockwise,70.60588837
9,Clockwise,70.64653778
9,Clockwise,70.68320465
9,Clockwise,70.70187378
9,Clockwise,70.71378326
9,Clockwise,70.71883392
9,Clockwise,70.73555756
9,Clockwise,70.76499176
9,Clockwise,70.79534149
9,Clockwise,70.83740997
9,Clockwise,70.86716461
9,Clockwise,70.88008118
9,Clockwise,70.87656403
9,Clockwise,70.8861084
9,Clockwise,70.89429474
9,Clockwise,70.89512634
9,Clockwise,70.90060425
9,Clockwise,70.89868927
9,Clockwise,70.90219116
9,Clockwise,70.90679932
9,Clockwise,70.90536499
9,Clockwise,70.90950775
9,Clockwise,70.91130066
9,Clockwise,70.91311646
9,Clockwise,70.91994476
9,Clockwise,70.94077301
9,Clockwise,70.95437622
9,Clockwise,70.95877838
9,Clockwise,70.96163177
9,Clockwise,70.96631622
9,Clockwise,70.97283173
9,Clockwise,70.97844696
9,Clockwise,70.98432159
9,Clockwise,70.99138641
9,Clockwise,70.9969635
9,Clockwise,70.99906921
9,Clockwise,71.00600433
9,Clockwise,71.01553345
9,Clockwise,70.99866486
9,Clockwise,70.9753418
9,Clockwise,70.97411346
9,Clockwise,70.99406433
9,Clockwise,71.01357269
9,Clockwise,70.99752808
9,Clockwise,70.97723389
9,Clockwise,70.95228577
9,Clockwise,70.92224121
9,Clockwise,70.89121246
9,Clockwise,70.86594391
9,Clockwise,70.83341217
9,Clockwise,70.79582214
9,Clockwise,70.77335358
9,Clockwise,70.73635864
9,Clockwise,70.69792175
9,Clockwise,70.66170502
9,Clockwise,70.62173462
9,Clockwise,70.59379578
9,Clockwise,70.56957245
9,Clockwise,70.53405762
9,Clockwise,70.47470093
9,Clockwise,70.41283417
9,Clockwise,70.35442352
9,Clockwise,70.29550171
9,Clockwise,70.23534393
9,Clockwise,70.16093445
9,Clockwise,70.08293152
9,Clockwise,70.00411987
9,Clockwise,69.90983582
9,Clockwise,69.80361176
9,Clockwise,69.69274139
9,Clockwise,69.56111908
9,Clockwise,69.46204376
9,Clockwise,69.38702393
9,Clockwise,69.27337646
9,Clockwise,69.19739532
9,Clockwise,69.07520294
9,Clockwise,68.91403198
9,Clockwise,68.76997375
9,Clockwise,68.57358551
9,Clockwise,68.33946991
9,Clockwise,68.06522369
9,Clockwise,67.76412201
9,Clockwise,67.47646332
9,Clockwise,67.19117737
9,Clockwise,66.97407532
9,Clockwise,66.8381958
9,Clockwise,66.70051575
9,Clockwise,66.62824249
9,Clockwise,66.57645416
9,Clockwise,66.53340912
9,Clockwise,66.52376556
9,Clockwise,66.51741028
9,Clockwise,66.51605225
9,Clockwise,66.51602936
9,Clockwise,66.51602173
9,Clockwise,66.51602173
9,Clockwise,66.51602936
9,Clockwise,66.51600647
9,Clockwise,66.5158844
9,Clockwise,66.51583099
9,Clockwise,66.51680756
9,Clockwise,66.53703308
9,Clockwise,66.57395935
9,Clockwise,66.61339569
9,Clockwise,66.66884613
9,Clockwise,66.72909546
9,Clockwise,66.7869339
9,Clockwise,66.92578888
9,Clockwise,67.07794952
9,Clockwise,67.29653168
9,Clockwise,67.56378174
9,Clockwise,67.85122681
9,Clockwise,68.19672394
9,Clockwise,68.48512268
9,Clockwise,68.757164
9,Clockwise,68.99703217
9,Clockwise,69.16937256
9,Clockwise,69.2718277
9,Clockwise,69.35705566
9,Clockwise,69.38187408
9,Clockwise,69.41925812
9,Clockwise,69.45561981
9,Clockwise,69.49744415
9,Clockwise,69.57096863
9,Clockwise,69.64273834
9,Clockwise,69.71592712
9,Clockwise,69.80324554
9,Clockwise,69.87612915
9,Clockwise,69.93799591
9,Clockwise,69.93799591
9,Clockwise,70.01968384
9,Clockwise,70.10540771
9,Clockwise,70.18335724
9,Clockwise,70.2600174
9,Clockwise,70.32826996
9,Clockwise,70.37055969
9,Clockwise,70.39601898
9,Clockwise,70.39247131
9,Clockwise,70.37362671
9,Clockwise,70.33568573
9,Clockwise,70.28676605
9,Clockwise,70.2172699
9,Clockwise,70.11542511
9,Clockwise,70.00650024
9,Clockwise,69.93707275
9,Clockwise,69.91851044
9,Clockwise,69.90331268
9,Clockwise,69.82238007
9,Clockwise,69.73897552
9,Clockwise,69.67106628
9,Clockwise,69.60798645
9,Clockwise,69.56529236
9,Clockwise,69.5508194
9,Clockwise,69.55619812
9,Clockwise,69.60523224
9,Clockwise,69.66772461
9,Clockwise,69.74565125
9,Clockwise,69.8374939
9,Clockwise,69.93367004
9,Clockwise,70.0138092
9,Clockwise,70.07783508
9,Clockwise,70.15498352
9,Clockwise,70.246521
9,Clockwise,70.355896
9,Clockwise,70.44264221
9,Clockwise,70.50730896
9,Clockwise,70.60085297
9,Clockwise,70.70314789
9,Clockwise,70.79866028
9,Clockwise,70.88118744
9,Clockwise,70.94812012
9,Clockwise,71.0234375
9,Clockwise,71.08921051
9,Clockwise,71.15810394
9,Clockwise,71.22240448
9,Clockwise,71.28567505
9,Clockwise,71.36192322
9,Clockwise,71.4380188
9,Clockwise,71.50177765
9,Clockwise,71.54792786
9,Clockwise,71.57758331
9,Clockwise,71.59310913
9,Clockwise,71.59059143
9,Clockwise,71.59468079
9,Clockwise,71.58649445
9,Clockwise,71.58018494
9,Clockwise,71.56539154
9,Clockwise,71.56565094
9,Clockwise,71.56949615
9,Clockwise,71.56695557
9,Clockwise,71.49025726
9,Clockwise,71.39329529
9,Clockwise,71.29628754
9,Clockwise,71.20742798
9,Clockwise,71.11155701
9,Clockwise,71.00157928
9,Clockwise,70.89864349
9,Clockwise,70.80951691
9,Clockwise,70.70429993
9,Clockwise,70.58846283
9,Clockwise,70.47279358
9,Clockwise,70.36006927
9,Clockwise,70.27359772
9,Clockwise,70.20819092
9,Clockwise,70.13715363
9,Clockwise,70.05734253
9,Clockwise,69.98548889
9,Clockwise,69.93678284
9,Clockwise,69.90637207
9,Clockwise,69.85619354
9,Clockwise,69.79333496
9,Clockwise,69.74488068
9,Clockwise,69.7260437
9,Clockwise,69.7325592
9,Clockwise,69.72385406
9,Clockwise,69.70464325
9,Clockwise,69.68800354
9,Clockwise,69.6702652
9,Clockwise,69.63906097
9,Clockwise,69.59848785
9,Clockwise,69.57064819
9,Clockwise,69.56950378
9,Clockwise,69.56603241
9,Clockwise,69.55475616
9,Clockwise,69.55457306
9,Clockwise,69.56536102
9,Clockwise,69.58419037
9,Clockwise,69.58393097
9,Clockwise,69.552742
9,Clockwise,69.55038452
9,Clockwise,69.57095337
9,Clockwise,69.57674408
9,Clockwise,69.56214905
9,Clockwise,69.5461731
9,Clockwise,69.55329132
9,Clockwise,69.57569885
9,Clockwise,69.5809021
9,Clockwise,69.5657959
9,Clockwise,69.53644562
9,Clockwise,69.50043488
9,Clockwise,69.47684479
9,Clockwise,69.48403931
9,Clockwise,69.47153473
9,Clockwise,69.43932343
9,Clockwise,69.3973465
9,Clockwise,69.35637665
9,Clockwise,69.3187561
9,Clockwise,69.27931976
9,Clockwise,69.24662781
9,Clockwise,69.24923706
9,Clockwise,69.25302887
9,Clockwise,69.23149109
9,Clockwise,69.18481445
9,Clockwise,69.13891602
9,Clockwise,69.11815643
9,Clockwise,69.09706116
9,Clockwise,69.06118011
9,Clockwise,69.02099609
9,Clockwise,68.98053741
9,Clockwise,68.94155121
9,Clockwise,68.91593933
9,Clockwise,68.92111206
9,Clockwise,68.93133545
9,Clockwise,68.93493652
9,Clockwise,68.91104889
9,Clockwise,68.86332703
9,Clockwise,68.82859802
9,Clockwise,68.80593872
9,Clockwise,68.77537537
9,Clockwise,68.73299408
9,Clockwise,68.69635773
9,Clockwise,68.67086792
9,Clockwise,68.63121033
9,Clockwise,68.60654449
9,Clockwise,68.58065796
9,Clockwise,68.53355408
9,Clockwise,68.4782486
9,Clockwise,68.44120789
9,Clockwise,68.41722107
9,Clockwise,68.38657379
9,Clockwise,68.35079956
9,Clockwise,68.33241272
9,Clockwise,68.32355499
9,Clockwise,68.31123352
9,Clockwise,68.29859924
9,Clockwise,68.27870178
9,Clockwise,68.24446869
9,Clockwise,68.21740723
9,Clockwise,68.16187286
9,Clockwise,68.10566711
9,Clockwise,68.03232574
9,Clockwise,68.01781464
9,Clockwise,68.01345062
9,Clockwise,67.99697113
9,Clockwise,67.95838165
9,Clockwise,67.91040802
9,Clockwise,67.87310791
9,Clockwise,67.83041382
9,Clockwise,67.79502106
9,Clockwise,67.75502014
9,Clockwise,67.71508789
9,Clockwise,67.67336273
9,Clockwise,67.62422943
9,Clockwise,67.56921387
9,Clockwise,67.49508667
9,Clockwise,67.41255951
9,Clockwise,67.31609344
9,Clockwise,67.22434235
9,Clockwise,67.13395691
9,Clockwise,67.07820892
9,Clockwise,67.02589417
9,Clockwise,66.97261047
9,Clockwise,66.90988159
9,Clockwise,66.83213043
9,Clockwise,66.74848938
9,Clockwise,66.65705109
9,Clockwise,66.56668091
9,Clockwise,66.46018219
9,Clockwise,66.35543823
9,Clockwise,66.25782776
9,Clockwise,66.15828705
9,Clockwise,66.0651474
9,Clockwise,65.96563721
9,Clockwise,65.87133026
9,Clockwise,65.79029083
9,Clockwise,65.70439911
9,Clockwise,65.6095047
9,Clockwise,65.50748444
9,Clockwise,65.39950562
9,Clockwise,65.27002716
9,Clockwise,65.12393188
9,Clockwise,64.95246887
9,Clockwise,64.8785553
9,Clockwise,64.91404724
9,Clockwise,65.0022583
9,Clockwise,65.12947083
9,Clockwise,65.24105835
9,Clockwise,65.33699799
9,Clockwise,65.41318512
9,Clockwise,65.47592926
9,Clockwise,65.53859711
9,Clockwise,65.67405701
9,Clockwise,65.63967133
9,Clockwise,65.43410492
9,Clockwise,65.05423737
9,Clockwise,64.51552582
9,Clockwise,63.99603653
9,Clockwise,63.69538116
9,Clockwise,63.50821686
9,Clockwise,63.3455162
9,Clockwise,63.19843292
9,Clockwise,63.06938553
9,Clockwise,62.94705582
9,Clockwise,62.80350876
9,Clockwise,62.66194534
9,Clockwise,62.53992081
9,Clockwise,62.41007996
9,Clockwise,62.26414871
9,Clockwise,62.10971832
9,Clockwise,61.97576141
9,Clockwise,61.84213638
9,Clockwise,61.71105576
9,Clockwise,61.57890701
9,Clockwise,61.41463089
9,Clockwise,61.21578979
9,Clockwise,60.97509384
9,Clockwise,60.76401138
9,Clockwise,60.68073654
9,Clockwise,60.64065933
9,Clockwise,60.5921402
9,Clockwise,60.55403519
9,Clockwise,60.52839661
9,Clockwise,60.51601791
9,Clockwise,60.51601791
9,Clockwise,60.51601791
9,Clockwise,60.51601791
9,Clockwise,60.51601791
9,Clockwise,60.51601791
9,Clockwise,60.51601791
9,Clockwise,60.51601791
9,Clockwise,60.51601791
9,Clockwise,60.51596832
9,Clockwise,60.51589203
9,Clockwise,60.51602936
9,Clockwise,60.51602936
9,Clockwise,60.51602936
9,Clockwise,60.5195694
9,Clockwise,60.53701401
9,Clockwise,60.56635666
9,Clockwise,60.61822891
9,Clockwise,60.68421555
9,Clockwise,60.75333786
9,Clockwise,60.84811401
9,Clockwise,60.95079803
9,Clockwise,61.08680725
9,Clockwise,61.23404312
9,Clockwise,61.38978577
9,Clockwise,61.57609558
9,Clockwise,61.75020981
9,Clockwise,61.91828918
9,Clockwise,62.10143661
9,Clockwise,62.29027176
9,Clockwise,62.48004532
9,Clockwise,62.6396904
9,Clockwise,62.75893784
9,Clockwise,62.86829376
9,Clockwise,62.97698212
9,Clockwise,63.05589676
9,Clockwise,63.13441467
9,Clockwise,63.23707962
9,Clockwise,63.29243851
9,Clockwise,63.38708115
9,Clockwise,63.42663574
9,Clockwise,63.48877716
9,Clockwise,63.55263138
9,Clockwise,63.60661316
9,Clockwise,63.67248535
9,Clockwise,63.72756577
9,Clockwise,63.79029083
9,Clockwise,63.83944321
9,Clockwise,63.8841362
9,Clockwise,63.93277359
9,Clockwise,63.98912048
9,Clockwise,64.02953339
9,Clockwise,64.06166077
9,Clockwise,64.09629059
9,Clockwise,64.11197662
9,Clockwise,64.11832428
9,Clockwise,64.12353516
9,Clockwise,64.12288666
9,Clockwise,64.12104034
9,Clockwise,64.11192322
9,Clockwise,64.09306335
9,Clockwise,64.04612732
9,Clockwise,63.9864006
9,Clockwise,63.94168472
9,Clockwise,63.90634155
9,Clockwise,63.86671829
9,Clockwise,63.82269669
9,Clockwise,63.78153229
9,Clockwise,63.73442078
9,Clockwise,63.68681717
9,Clockwise,63.65425873
9,Clockwise,63.62799072
9,Clockwise,63.59544373
9,Clockwise,63.56980896
9,Clockwise,63.54101944
9,Clockwise,63.53205872
9,Clockwise,63.53336334
9,Clockwise,63.54226685
9,Clockwise,63.55054092
9,Clockwise,63.56096268
9,Clockwise,63.57888794
9,Clockwise,63.60494614
9,Clockwise,63.65818405
9,Clockwise,63.69359207
9,Clockwise,63.71860504
9,Clockwise,63.72817993
9,Clockwise,63.73406601
9,Clockwise,63.75854492
9,Clockwise,63.80175781
9,Clockwise,63.86304474
9,Clockwise,63.93302536
9,Clockwise,64.00526428
9,Clockwise,64.07761383
9,Clockwise,64.14199066
9,Clockwise,64.20055389
9,Clockwise,64.25183105
9,Clockwise,64.29924011
9,Clockwise,64.37202454
9,Clockwise,64.46542358
9,Clockwise,64.58178711
9,Clockwise,64.6992569
9,Clockwise,64.818367
9,Clockwise,64.9589386
9,Clockwise,65.09658813
9,Clockwise,65.21412659
9,Clockwise,65.31063843
9,Clockwise,65.40110016
9,Clockwise,65.48545074
9,Clockwise,65.55031586
9,Clockwise,65.64529419
9,Clockwise,65.71878052
9,Clockwise,65.78968811
9,Clockwise,65.85124207
9,Clockwise,65.8977356
9,Clockwise,65.94645691
9,Clockwise,65.9864502
9,Clockwise,66.03520203
9,Clockwise,66.07839203
9,Clockwise,66.12328339
9,Clockwise,66.16687775
9,Clockwise,66.2062149
9,Clockwise,66.24124908
9,Clockwise,66.27651215
9,Clockwise,66.29254913
9,Clockwise,66.31000519
9,Clockwise,66.32859039
9,Clockwise,66.3635788
9,Clockwise,66.40577698
9,Clockwise,66.41278839
9,Clockwise,66.42829895
9,Clockwise,66.44850159
9,Clockwise,66.47937012
9,Clockwise,66.50892639
9,Clockwise,66.52017975
9,Clockwise,66.53450012
9,Clockwise,66.56406403
9,Clockwise,66.60131073
9,Clockwise,66.6399765
9,Clockwise,66.67930603
9,Clockwise,66.72029114
9,Clockwise,66.75530243
9,Clockwise,66.79034424
9,Clockwise,66.82752228
9,Clockwise,66.86753082
9,Clockwise,66.90142059
9,Clockwise,66.91222382
9,Clockwise,66.91639709
9,Clockwise,66.92718506
9,Clockwise,66.95142365
9,Clockwise,66.98026276
9,Clockwise,67.00222015
9,Clockwise,67.01947021
9,Clockwise,67.0453186
9,Clockwise,67.07562256
9,Clockwise,67.10366058
9,Clockwise,67.12181854
9,Clockwise,67.13613892
9,Clockwise,67.16905975
9,Clockwise,67.19709015
9,Clockwise,67.21086121
9,Clockwise,67.21543884
9,Clockwise,67.21009827
9,Clockwise,67.18643951
9,Clockwise,67.14480591
9,Clockwise,67.07846832
9,Clockwise,67.00874329
9,Clockwise,66.93774414
9,Clockwise,66.86534882
9,Clockwise,66.79434967
9,Clockwise,66.72763062
9,Clockwise,66.65283203
9,Clockwise,66.5989151
9,Clockwise,66.55627441
9,Clockwise,66.49782562
9,Clockwise,66.41523743
9,Clockwise,66.32781982
9,Clockwise,66.23429108
9,Clockwise,66.13563538
9,Clockwise,66.03224945
9,Clockwise,65.93106079
9,Clockwise,65.83695221
9,Clockwise,65.76700592
9,Clockwise,65.7059021
9,Clockwise,65.66843414
9,Clockwise,65.63440704
9,Clockwise,65.60350037
9,Clockwise,65.58321381
9,Clockwise,65.56539154
9,Clockwise,65.54514313
9,Clockwise,65.50626373
9,Clockwise,65.46691132
9,Clockwise,65.43449402
9,Clockwise,65.42293549
9,Clockwise,65.41466522
9,Clockwise,65.40621185
9,Clockwise,65.36870575
9,Clockwise,65.32840729
9,Clockwise,65.28659821
9,Clockwise,65.26464081
9,Clockwise,65.23299408
9,Clockwise,65.18985748
9,Clockwise,65.14250183
9,Clockwise,65.09824371
9,Clockwise,65.05564117
9,Clockwise,65.0329895
9,Clockwise,65.01534271
9,Clockwise,64.98828125
9,Clockwise,64.95853424
9,Clockwise,64.93792725
9,Clockwise,64.93876648
9,Clockwise,64.91564178
9,Clockwise,64.88787079
9,Clockwise,64.88728333
9,Clockwise,64.90961456
9,Clockwise,64.93743134
9,Clockwise,64.94169617
9,Clockwise,64.94174957
9,Clockwise,64.93097687
9,Clockwise,64.92869568
9,Clockwise,64.94152069
9,Clockwise,64.95077515
9,Clockwise,64.95510101
9,Clockwise,64.96599579
9,Clockwise,64.97493744
9,Clockwise,64.96620941
9,Clockwise,64.95191956
9,Clockwise,64.92062378
9,Clockwise,64.8910141
9,Clockwise,64.85813904
9,Clockwise,64.8374176
9,Clockwise,64.8213501
9,Clockwise,64.80406189
9,Clockwise,64.77624512
9,Clockwise,64.7282486
9,Clockwise,64.68237305
9,Clockwise,64.65126038
9,Clockwise,64.62467957
9,Clockwise,64.60038757
9,Clockwise,64.5743103
9,Clockwise,64.5419693
9,Clockwise,64.50427246
9,Clockwise,64.45566559
9,Clockwise,64.41131592
9,Clockwise,64.36301422
9,Clockwise,64.31449127
9,Clockwise,64.27309418
9,Clockwise,64.23497772
9,Clockwise,64.17228699
9,Clockwise,64.10231781
9,Clockwise,64.02896118
9,Clockwise,63.93878555
9,Clockwise,63.79789352
9,Clockwise,63.59651566
9,Clockwise,63.30833054
9,Clockwise,63.00605774
9,Clockwise,62.72338486
9,Clockwise,62.42554855
9,Clockwise,62.22135925
9,Clockwise,62.08791733
9,Clockwise,62.04440689
9,Clockwise,61.98154068
9,Clockwise,61.91136169
9,Clockwise,61.91250992
9,Clockwise,61.89929199
9,Clockwise,61.8746109
9,Clockwise,61.86348343
9,Clockwise,61.85951233
9,Clockwise,61.86634827
9,Clockwise,61.86000443
9,Clockwise,61.86000443
9,Clockwise,61.8350296
9,Clockwise,61.82253647
9,Clockwise,61.82081223
9,Clockwise,61.80237198
9,Clockwise,61.77914429
9,Clockwise,61.73787308
9,Clockwise,61.76165009
9,Clockwise,61.90304947
9,Clockwise,62.05648422
9,Clockwise,62.18535995
9,Clockwise,62.35226059
9,Clockwise,62.58427429
9,Clockwise,62.92601776
9,Clockwise,63.42224503
9,Clockwise,63.92509842
9,Clockwise,64.32744598
9,Clockwise,64.60314941
9,Clockwise,64.76820374
9,Clockwise,64.86489105
9,Clockwise,64.89762115
9,Clockwise,64.89537048
9,Clockwise,64.88826752
9,Clockwise,64.89762115
9,Clockwise,64.94517517
9,Clockwise,65.04958344
9,Clockwise,65.21149445
9,Clockwise,65.4072876
9,Clockwise,65.59747314
9,Clockwise,65.76233673
9,Clockwise,65.92457581
9,Clockwise,66.14700317
9,Clockwise,66.41531372
9,Clockwise,66.70243073
9,Clockwise,66.90601349
9,Clockwise,66.99868011
9,Clockwise,67.05226135
9,Clockwise,67.08043671
9,Clockwise,67.11712646
9,Clockwise,67.18212128
9,Clockwise,67.24071503
9,Clockwise,67.26946259
9,Clockwise,67.30071259
9,Clockwise,67.35371399
9,Clockwise,67.39490509
9,Clockwise,67.43025208
9,Clockwise,67.47311401
9,Clockwise,67.49382019
9,Clockwise,67.51399231
9,Clockwise,67.53141022
9,Clockwise,67.55296326
9,Clockwise,67.56047058
9,Clockwise,67.55149841
9,Clockwise,67.61650085
9,Clockwise,67.67061615
9,Clockwise,67.66049194
9,Clockwise,67.63208008
9,Clockwise,67.63032532
9,Clockwise,67.6653595
9,Clockwise,67.70937347
9,Clockwise,67.75588989
9,Clockwise,67.83197784
9,Clockwise,67.89795685
9,Clockwise,67.9167099
9,Clockwise,67.92124176
9,Clockwise,67.95024872
9,Clockwise,67.94800568
9,Clockwise,67.97140503
9,Clockwise,68.02753448
9,Clockwise,68.08908081
9,Clockwise,68.14044189
9,Clockwise,68.18347931
9,Clockwise,68.20710754
9,Clockwise,68.23069763
9,Clockwise,68.25292969
9,Clockwise,68.27825165
9,Clockwise,68.30696106
9,Clockwise,68.32041931
9,Clockwise,68.29469299
9,Clockwise,68.29257202
9,Clockwise,68.29509735
9,Clockwise,68.32846069
9,Clockwise,68.39292145
9,Clockwise,68.4315033
9,Clockwise,68.4486618
9,Clockwise,68.46749878
9,Clockwise,68.45597839
9,Clockwise,68.41799927
9,Clockwise,68.4088974
9,Clockwise,68.44571686
9,Clockwise,68.49084473
9,Clockwise,68.53055573
9,Clockwise,68.56289673
9,Clockwise,68.55177307
9,Clockwise,68.52332306
9,Clockwise,68.46834564
9,Clockwise,68.44895935
9,Clockwise,68.47258759
9,Clockwise,68.46105194
9,Clockwise,68.43704987
9,Clockwise,68.39425659
9,Clockwise,68.36293793
9,Clockwise,68.37149811
9,Clockwise,68.3020401
9,Clockwise,68.18589783
9,Clockwise,68.10920715
9,Clockwise,68.14558411
9,Clockwise,68.12593842
9,Clockwise,68.0957489
9,Clockwise,68.070961
9,Clockwise,68.02806854
9,Clockwise,67.96485138
9,Clockwise,67.89281464
9,Clockwise,67.83695221
9,Clockwise,67.81778717
9,Clockwise,67.81394958
9,Clockwise,67.80794525
9,Clockwise,67.77754211
9,Clockwise,67.73601532
9,Clockwise,67.68390656
9,Clockwise,67.63266754
9,Clockwise,67.58587646
9,Clockwise,67.49315643
9,Clockwise,67.36351776
9,Clockwise,67.22872925
9,Clockwise,67.0928421
9,Clockwise,66.96638489
9,Clockwise,66.836586
9,Clockwise,66.69094086
9,Clockwise,66.54521179
9,Clockwise,66.39579773
9,Clockwise,66.2717514
9,Clockwise,66.18362427
9,Clockwise,66.06687164
9,Clockwise,65.93185425
9,Clockwise,65.79852295
9,Clockwise,65.66682434
9,Clockwise,65.53536987
9,Clockwise,65.42103577
9,Clockwise,65.37268066
9,Clockwise,65.34598541
9,Clockwise,65.26395416
9,Clockwise,65.17437744
9,Clockwise,65.1116333
9,Clockwise,65.03544617
9,Clockwise,64.93078613
9,Clockwise,64.83535767
9,Clockwise,64.80191803
9,Clockwise,64.7843399
9,Clockwise,64.69668579
9,Clockwise,64.57829285
9,Clockwise,64.4576416
9,Clockwise,64.33198547
9,Clockwise,64.19250488
9,Clockwise,64.04794312
9,Clockwise,63.90536499
9,Clockwise,63.74809265
9,Clockwise,63.58571243
9,Clockwise,63.45585251
9,Clockwise,63.31380463
9,Clockwise,63.19116592
9,Clockwise,63.06384659
9,Clockwise,62.91536331
9,Clockwise,62.77937698
9,Clockwise,62.64209747
9,Clockwise,62.48417664
9,Clockwise,62.32062531
9,Clockwise,62.15687943
9,Clockwise,62.03264236
9,Clockwise,61.9507103
9,Clockwise,61.94013214
9,Clockwise,61.95444489
9,Clockwise,61.864254
9,Clockwise,61.7478714
9,Clockwise,61.66257858
9,Clockwise,61.59537125
9,Clockwise,61.56568527
9,Clockwise,61.50962448
9,Clockwise,61.46925354
9,Clockwise,61.45038605
9,Clockwise,61.43290329
9,Clockwise,61.44577789
9,Clockwise,61.44492722
9,Clockwise,61.42171097
9,Clockwise,61.34093475
9,Clockwise,61.26322556
9,Clockwise,61.17090607
9,Clockwise,61.06277847
9,Clockwise,60.96012878
9,Clockwise,60.83987808
9,Clockwise,60.70662689
9,Clockwise,60.55176544
9,Clockwise,60.4341507
9,Clockwise,60.34983444
9,Clockwise,60.2388916
9,Clockwise,60.16101837
9,Clockwise,60.0999527
9,Clockwise,60.0364151
9,Clockwise,59.9365921
9,Clockwise,59.81911469
9,Clockwise,59.70486069
9,Clockwise,59.61209106
9,Clockwise,59.54136276
9,Clockwise,59.49255371
9,Clockwise,59.42607498
9,Clockwise,59.37511826
9,Clockwise,59.33789444
9,Clockwise,59.26593018
9,Clockwise,59.17046356
9,Clockwise,59.08720398
9,Clockwise,58.97694778
9,Clockwise,58.88603592
9,Clockwise,58.80067062
9,Clockwise,58.70295715
9,Clockwise,58.59620667
9,Clockwise,58.50355911
9,Clockwise,58.37419128
9,Clockwise,58.2665863
9,Clockwise,58.15888214
9,Clockwise,58.03948975
9,Clockwise,57.88576889
9,Clockwise,57.7627182
9,Clockwise,57.5463562
9,Clockwise,57.21479416
9,Clockwise,56.89154053
9,Clockwise,56.55404663
9,Clockwise,56.24644089
9,Clockwise,55.95807648
9,Clockwise,55.65690994
9,Clockwise,55.32926559
9,Clockwise,55.01691818
9,Clockwise,54.72126007
9,Clockwise,54.47797775
9,Clockwise,54.27692032
9,Clockwise,54.07425308
9,Clockwise,53.86774826
9,Clockwise,53.65407944
9,Clockwise,53.45819473
9,Clockwise,53.27680588
9,Clockwise,53.10021591
9,Clockwise,52.92634964
9,Clockwise,52.76159668
9,Clockwise,52.59407043
9,Clockwise,52.42908478
9,Clockwise,52.25918579
9,Clockwise,52.08933258
9,Clockwise,51.91991806
9,Clockwise,51.74058533
9,Clockwise,51.46760559
9,Clockwise,51.09511948
9,Clockwise,50.70331573
9,Clockwise,50.26566696
9,Clockwise,49.77218246
9,Clockwise,49.29520798
9,Clockwise,48.8622818
9,Clockwise,48.52290344
9,Clockwise,48.52290344
9,Clockwise,48.36883545
9,Clockwise,48.21584702
9,Clockwise,48.07414246
9,Clockwise,47.94600677
9,Clockwise,47.82688522
9,Clockwise,47.7011528
9,Clockwise,47.58637619
9,Clockwise,47.48048782
9,Clockwise,47.36972427
9,Clockwise,47.25102234
9,Clockwise,47.12843323
9,Clockwise,47.00188446
9,Clockwise,46.87604904
9,Clockwise,46.74699783
9,Clockwise,46.61798859
9,Clockwise,46.496315
9,Clockwise,46.36930847
9,Clockwise,46.23069
9,Clockwise,46.09029388
9,Clockwise,45.94897842
9,Clockwise,45.81134033
9,Clockwise,45.66422272
9,Clockwise,45.50476837
9,Clockwise,45.28276443
9,Clockwise,45.03632736
9,Clockwise,44.73471451
9,Clockwise,44.43379593
9,Clockwise,44.13152695
9,Clockwise,43.84801102
9,Clockwise,43.56805038
9,Clockwise,43.2881813
9,Clockwise,43.00654221
9,Clockwise,42.71493149
9,Clockwise,42.39960098
9,Clockwise,42.06085205
9,Clockwise,41.70835114
9,Clockwise,41.35931778
9,Clockwise,41.01492691
9,Clockwise,40.66267014
9,Clockwise,40.29533386
9,Clockwise,39.93486404
9,Clockwise,39.59268188
9,Clockwise,39.28720474
9,Clockwise,38.98027039
9,Clockwise,38.67396164
9,Clockwise,38.36359787
9,Clockwise,38.06821442
9,Clockwise,37.77849197
9,Clockwise,37.50394058
9,Clockwise,37.22797394
9,Clockwise,36.95429611
9,Clockwise,36.68316269
9,Clockwise,36.40444565
9,Clockwise,36.12854385
9,Clockwise,35.89328766
9,Clockwise,35.72032547
9,Clockwise,35.57680511
9,Clockwise,35.44289017
9,Clockwise,35.31990814
9,Clockwise,35.21575546
9,Clockwise,35.14565277
9,Clockwise,35.09516525
9,Clockwise,35.04507065
9,Clockwise,34.99885178
9,Clockwise,34.9769516
9,Clockwise,34.96746063
9,Clockwise,34.95172501
9,Clockwise,34.93348312
9,Clockwise,34.92086411
9,Clockwise,34.90674591
9,Clockwise,34.89546585
9,Clockwise,34.88928986
9,Clockwise,34.8796463
9,Clockwise,34.78101349
9,Clockwise,34.46593857
9,Clockwise,34.15538406
9,Clockwise,33.85429382
9,Clockwise,33.57228088
9,Clockwise,33.32919312
9,Clockwise,33.10776138
9,Clockwise,32.91245651
9,Clockwise,32.72742844
9,Clockwise,32.54561996
9,Clockwise,32.36410141
9,Clockwise,32.18320084
9,Clockwise,32.00516891
9,Clockwise,31.82040024
9,Clockwise,31.64103508
9,Clockwise,31.46756363
9,Clockwise,31.29875374
9,Clockwise,31.12524605
9,Clockwise,30.95817757
9,Clockwise,30.80274391
9,Clockwise,30.64055252
9,Clockwise,30.3856411
9,Clockwise,30.05148888
9,Clockwise,29.60958099
9,Clockwise,29.07870483
9,Clockwise,28.45146179
9,Clockwise,27.86062241
9,Clockwise,27.33449173
9,Clockwise,26.88243103
9,Clockwise,26.52753258
9,Clockwise,26.18886185
9,Clockwise,25.86037827
9,Clockwise,25.53636169
9,Clockwise,25.22156143
9,Clockwise,24.90078926
9,Clockwise,24.55835533
9,Clockwise,24.18827438
9,Clockwise,23.76737785
9,Clockwise,23.32465744
9,Clockwise,22.85961151
9,Clockwise,22.38813591
9,Clockwise,21.92687416
9,Clockwise,21.48740387
9,Clockwise,21.0797348
9,Clockwise,20.69329453
9,Clockwise,20.32468414
9,Clockwise,19.95700455
9,Clockwise,19.59006119
9,Clockwise,19.23033524
9,Clockwise,18.87924576
9,Clockwise,18.52127266
9,Clockwise,18.14530373
9,Clockwise,17.68496895
9,Clockwise,17.11890221
9,Clockwise,16.51408577
9,Clockwise,15.89071941
9,Clockwise,15.37265682
9,Clockwise,14.99469852
9,Clockwise,14.69458103
9,Clockwise,14.47343445
9,Clockwise,14.27862072
9,Clockwise,14.08418941
9,Clockwise,13.88833046
9,Clockwise,13.68998146
9,Clockwise,13.48431301
9,Clockwise,13.2814846
9,Clockwise,13.08456135
9,Clockwise,12.89825916
9,Clockwise,12.70980358
9,Clockwise,12.51626778
9,Clockwise,12.31947708
9,Clockwise,12.11805725
9,Clockwise,11.9187479
9,Clockwise,11.71885014
9,Clockwise,11.51887608
9,Clockwise,11.3170166
9,Clockwise,11.11448479
9,Clockwise,10.91501045
9,Clockwise,10.71314335
9,Clockwise,10.51642799
9,Clockwise,10.31939125
9,Clockwise,10.13262749
9,Clockwise,9.947458267
9,Clockwise,9.745251656
9,Clockwise,9.542797089
9,Clockwise,9.348140717
9,Clockwise,9.164027214
9,Clockwise,9.019304276
9,Clockwise,8.888759613
9,Clockwise,8.783888817
9,Clockwise,8.687685966
9,Clockwise,8.591801643
9,Clockwise,8.502035141
9,Clockwise,8.407600403
9,Clockwise,8.313611984
9,Clockwise,8.2208395
9,Clockwise,8.131308556
9,Clockwise,8.053505898
9,Clockwise,7.970885277
9,Clockwise,7.886265755
9,Clockwise,7.797045231
9,Clockwise,7.711832523
9,Clockwise,7.637829304
9,Clockwise,7.574307919
9,Clockwise,7.513711452
9,Clockwise,7.443375587
9,Clockwise,7.371272564
9,Clockwise,7.287053585
9,Clockwise,7.217628002
9,Clockwise,7.163834572
9,Clockwise,7.180499554
9,Clockwise,7.217450619
9,Clockwise,7.255292892
9,Clockwise,7.293339252
9,Clockwise,7.328436375
9,Clockwise,7.356190681
9,Clockwise,7.38123703
9,Clockwise,7.408984661
9,Clockwise,7.441488266
9,Clockwise,7.470114231
9,Clockwise,7.492178917
9,Clockwise,7.509726048
9,Clockwise,7.503843307
9,Clockwise,7.499230385
9,Clockwise,7.480489731
9,Clockwise,7.464515209
9,Clockwise,7.455255508
9,Clockwise,7.451460838
9,Clockwise,7.451310158
9,Clockwise,7.449765205
9,Clockwise,7.445039272
9,Clockwise,7.432541847
9,Clockwise,7.41373682
9,Clockwise,7.398192406
9,Clockwise,7.383662701
9,Clockwise,7.37230444
9,Clockwise,7.368938923
9,Clockwise,7.365342617
9,Clockwise,7.34531498
9,Clockwise,7.324130535
9,Clockwise,7.313131809
9,Clockwise,7.30115509
9,Clockwise,7.277148247
9,Clockwise,7.249201298
9,Clockwise,7.23726511
9,Clockwise,7.241344929
9,Clockwise,7.250007629
9,Clockwise,7.237055302
9,Clockwise,7.21571064
9,Clockwise,7.204923153
9,Clockwise,7.199723244
9,Clockwise,7.21186924
9,Clockwise,7.243492603
9,Clockwise,7.272498608
9,Clockwise,7.296773911
9,Clockwise,7.314270973
9,Clockwise,7.310474396
9,Clockwise,7.305272579
9,Clockwise,7.302244663
9,Clockwise,7.302098751
9,Clockwise,7.305439949
9,Clockwise,7.327259541
9,Clockwise,7.343605042
9,Clockwise,7.358052731
9,Clockwise,7.366413116
9,Clockwise,7.371555328
9,Clockwise,7.383450985
9,Clockwise,7.408917904
9,Clockwise,7.437465668
9,Clockwise,7.459069729
9,Clockwise,7.482317448
9,Clockwise,7.513202667
9,Clockwise,7.545587063
9,Clockwise,7.580753803
9,Clockwise,7.626319885
9,Clockwise,7.682476044
9,Clockwise,7.733867168
9,Clockwise,7.786493778
9,Clockwise,7.831365585
9,Clockwise,7.859324455
9,Clockwise,7.887604713
9,Clockwise,7.921314716
