11,Washington_West,69.28822327
11,Washington_West,69.33110046
11,Washington_West,69.37679291
11,Washington_West,69.41415405
11,Washington_West,69.42289734
11,Washington_West,69.43687439
11,Washington_West,69.44263458
11,Washington_West,69.4315033
11,Washington_West,69.42494202
11,Washington_West,69.43773651
11,Washington_West,69.4443512
11,Washington_West,69.45561981
11,Washington_West,69.46777344
11,Washington_West,69.47582245
11,Washington_West,69.49308777
11,Washington_West,69.45928955
11,Washington_West,69.39595032
11,Washington_West,69.29789734
11,Washington_West,69.21398926
11,Washington_West,69.13240051
11,Washington_West,69.02783203
11,Washington_West,68.93470764
11,Washington_West,68.8418045
11,Washington_West,68.73588562
11,Washington_West,68.61487579
11,Washington_West,68.49305725
11,Washington_West,68.39649963
11,Washington_West,68.31988525
11,Washington_West,68.2831192
11,Washington_West,68.28476715
11,Washington_West,68.3009491
11,Washington_West,68.3022995
11,Washington_West,68.27046204
11,Washington_West,68.24176025
11,Washington_West,68.21593475
11,Washington_West,68.18662262
11,Washington_West,68.14649963
11,Washington_West,68.08808136
11,Washington_West,68.01693726
11,Washington_West,67.9528656
11,Washington_West,67.93733215
11,Washington_West,67.92228699
11,Washington_West,67.9074707
11,Washington_West,67.88846588
11,Washington_West,67.80727386
11,Washington_West,67.72192383
11,Washington_West,67.6716156
11,Washington_West,67.62467194
11,Washington_West,67.62146759
11,Washington_West,67.65710449
11,Washington_West,67.65297699
11,Washington_West,67.56909943
11,Washington_West,67.54644012
11,Washington_West,67.54941559
11,Washington_West,67.52702332
11,Washington_West,67.50164032
11,Washington_West,67.47898865
11,Washington_West,67.43536377
11,Washington_West,67.39020538
11,Washington_West,67.3441391
11,Washington_West,67.28320313
11,Washington_West,67.25315857
11,Washington_West,67.20352173
11,Washington_West,67.1240387
11,Washington_West,67.07543182
11,Washington_West,67.091362
11,Washington_West,67.06480408
11,Washington_West,67.01086426
11,Washington_West,66.90924072
11,Washington_West,66.66266632
11,Washington_West,66.31290436
11,Washington_West,66.01564789
11,Washington_West,65.79032898
11,Washington_West,65.59412384
11,Washington_West,65.36424255
11,Washington_West,65.12621307
11,Washington_West,64.95429993
11,Washington_West,64.86802673
11,Washington_West,64.84872437
11,Washington_West,64.85851288
11,Washington_West,64.858078
11,Washington_West,64.79993439
11,Washington_West,64.64943695
11,Washington_West,64.37397003
11,Washington_West,63.91266251
11,Washington_West,63.30538177
11,Washington_West,62.74340439
11,Washington_West,62.40325546
11,Washington_West,62.18263245
11,Washington_West,62.03666306
11,Washington_West,61.86171341
11,Washington_West,61.72522736
11,Washington_West,61.74708939
11,Washington_West,61.78055954
11,Washington_West,61.81455612
11,Washington_West,61.82229614
11,Washington_West,61.84461212
11,Washington_West,61.87141037
11,Washington_West,61.85908127
11,Washington_West,61.88834
11,Washington_West,61.92124176
11,Washington_West,61.97993088
11,Washington_West,62.08830261
11,Washington_West,62.30048752
11,Washington_West,62.80308914
11,Washington_West,63.32526779
11,Washington_West,63.77493286
11,Washington_West,63.99788284
11,Washington_West,64.13353729
11,Washington_West,64.24651337
11,Washington_West,64.31518555
11,Washington_West,64.40146637
11,Washington_West,64.4823761
11,Washington_West,64.55314636
11,Washington_West,64.60206604
11,Washington_West,64.64820099
11,Washington_West,64.71322632
11,Washington_West,64.78754425
11,Washington_West,64.82204437
11,Washington_West,64.85758972
11,Washington_West,64.91201019
11,Washington_West,64.95700073
11,Washington_West,64.96336365
11,Washington_West,64.94606018
11,Washington_West,64.93136597
11,Washington_West,64.92399597
11,Washington_West,64.93387604
11,Washington_West,64.91505432
11,Washington_West,64.87831879
11,Washington_West,64.91281128
11,Washington_West,64.9306488
11,Washington_West,64.97228241
11,Washington_West,65.01699066
11,Washington_West,65.06138611
11,Washington_West,65.14091492
11,Washington_West,65.22341919
11,Washington_West,65.27014923
11,Washington_West,65.34243774
11,Washington_West,65.40240479
11,Washington_West,65.41680145
11,Washington_West,65.45697784
11,Washington_West,65.52780914
11,Washington_West,65.56924438
11,Washington_West,65.60633087
11,Washington_West,65.66732788
11,Washington_West,65.75547791
11,Washington_West,65.88349152
11,Washington_West,66.01687622
11,Washington_West,66.13372803
11,Washington_West,66.25743103
11,Washington_West,66.34111023
11,Washington_West,66.39217377
11,Washington_West,66.41137695
11,Washington_West,66.42588806
11,Washington_West,66.43971252
11,Washington_West,66.45346069
11,Washington_West,66.46721649
11,Washington_West,66.4855423
11,Washington_West,66.50648499
11,Washington_West,66.51914978
11,Washington_West,66.56381226
11,Washington_West,66.61833954
11,Washington_West,66.72605133
11,Washington_West,66.85079956
11,Washington_West,66.90563965
11,Washington_West,66.93593597
11,Washington_West,67.03878784
11,Washington_West,67.17232513
11,Washington_West,67.2206192
11,Washington_West,67.26903534
11,Washington_West,67.33200073
11,Washington_West,67.37903595
11,Washington_West,67.44158173
11,Washington_West,67.42311096
11,Washington_West,67.44126892
11,Washington_West,67.52037811
11,Washington_West,67.5579834
11,Washington_West,67.56532288
11,Washington_West,67.61479187
11,Washington_West,67.65377045
11,Washington_West,67.69781494
11,Washington_West,67.7122879
11,Washington_West,67.72070313
11,Washington_West,67.73904419
11,Washington_West,67.7933197
11,Washington_West,67.81529236
11,Washington_West,67.8176651
11,Washington_West,67.8320694
11,Washington_West,67.86624146
11,Washington_West,67.90518951
11,Washington_West,67.91574097
11,Washington_West,67.91782379
11,Washington_West,67.94219208
11,Washington_West,67.98147583
11,Washington_West,68.00100708
11,Washington_West,68.00984192
11,Washington_West,68.01607513
11,Washington_West,68.01602936
11,Washington_West,68.01602173
11,Washington_West,68.01602173
11,Washington_West,68.01656342
11,Washington_West,68.03430939
11,Washington_West,68.08100128
11,Washington_West,68.04061127
11,Washington_West,68.01917267
11,Washington_West,68.02092743
11,Washington_West,68.0402832
11,Washington_West,68.04089355
11,Washington_West,68.01374817
11,Washington_West,67.98117828
11,Washington_West,67.96845245
11,Washington_West,67.93200684
11,Washington_West,67.90222168
11,Washington_West,67.89024353
11,Washington_West,67.8530426
11,Washington_West,67.78910828
11,Washington_West,67.7686615
11,Washington_West,67.75460815
11,Washington_West,67.68489838
11,Washington_West,67.64019012
11,Washington_West,67.61837769
11,Washington_West,67.56121826
11,Washington_West,67.40747833
11,Washington_West,67.22878265
11,Washington_West,67.04219055
11,Washington_West,66.90584564
11,Washington_West,66.69898987
11,Washington_West,66.35046387
11,Washington_West,65.95875549
11,Washington_West,65.56394958
11,Washington_West,65.21787262
11,Washington_West,64.9172287
11,Washington_West,64.67809296
11,Washington_West,64.52220917
11,Washington_West,64.46195221
11,Washington_West,64.44168854
11,Washington_West,64.42370605
11,Washington_West,64.41682434
11,Washington_West,64.41660309
11,Washington_West,64.53753662
11,Washington_West,64.83699036
11,Washington_West,65.24628448
11,Washington_West,65.66027832
11,Washington_West,65.96092987
11,Washington_West,66.17975616
11,Washington_West,66.37657928
11,Washington_West,66.46523285
11,Washington_West,66.5430069
11,Washington_West,66.6159668
11,Washington_West,66.64217377
11,Washington_West,66.65930176
11,Washington_West,66.71748352
11,Washington_West,66.83004761
11,Washington_West,67.07023621
11,Washington_West,67.37725067
11,Washington_West,67.68288422
11,Washington_West,67.68288422
11,Washington_West,67.84375
11,Washington_West,68.0229187
11,Washington_West,68.21031189
11,Washington_West,68.4003067
11,Washington_West,68.58202362
11,Washington_West,68.74427795
11,Washington_West,68.80014038
11,Washington_West,68.75708008
11,Washington_West,68.73426819
11,Washington_West,68.72271729
11,Washington_West,68.71965027
11,Washington_West,68.7027359
11,Washington_West,68.69045258
11,Washington_West,68.69930267
11,Washington_West,68.72534943
11,Washington_West,68.78225708
11,Washington_West,68.84141541
11,Washington_West,68.88815308
11,Washington_West,68.92301941
11,Washington_West,68.96407318
11,Washington_West,69.00595856
11,Washington_West,69.04550934
11,Washington_West,69.08171844
11,Washington_West,69.10089874
11,Washington_West,69.10799408
11,Washington_West,69.1163559
11,Washington_West,69.1198349
11,Washington_West,69.108284
11,Washington_West,69.09259796
11,Washington_West,69.08700562
11,Washington_West,69.08357239
11,Washington_West,69.07957458
11,Washington_West,69.0661087
11,Washington_West,69.04158783
11,Washington_West,69.01869965
11,Washington_West,68.9977951
11,Washington_West,68.97763062
11,Washington_West,68.97309113
11,Washington_West,68.97658539
11,Washington_West,68.97917175
11,Washington_West,68.97798157
11,Washington_West,68.96903229
11,Washington_West,68.95426941
11,Washington_West,68.9407196
11,Washington_West,68.9434967
11,Washington_West,68.95896149
11,Washington_West,68.97200775
11,Washington_West,68.98516083
11,Washington_West,69.01322174
11,Washington_West,69.05537415
11,Washington_West,69.10412598
11,Washington_West,69.1339798
11,Washington_West,69.14967346
11,Washington_West,69.1485672
11,Washington_West,69.16748047
11,Washington_West,69.21954346
11,Washington_West,69.28482819
11,Washington_West,69.35551453
11,Washington_West,69.38710785
11,Washington_West,69.40283966
11,Washington_West,69.41107941
11,Washington_West,69.41597748
11,Washington_West,69.42948151
11,Washington_West,69.4431839
11,Washington_West,69.45909119
11,Washington_West,69.47259521
11,Washington_West,69.4875412
11,Washington_West,69.50801849
11,Washington_West,69.54141235
11,Washington_West,69.57482147
11,Washington_West,69.60102081
11,Washington_West,69.62255859
11,Washington_West,69.62110901
11,Washington_West,69.61486053
11,Washington_West,69.60102844
11,Washington_West,69.58631897
11,Washington_West,69.59121704
11,Washington_West,69.59568024
11,Washington_West,69.60689545
11,Washington_West,69.60871124
11,Washington_West,69.60725403
11,Washington_West,69.6139679
11,Washington_West,69.6288147
11,Washington_West,69.63858032
11,Washington_West,69.63952637
11,Washington_West,69.63987732
11,Washington_West,69.64844513
11,Washington_West,69.66090393
11,Washington_West,69.66178894
11,Washington_West,69.65805817
11,Washington_West,69.65746307
11,Washington_West,69.6618042
11,Washington_West,69.65762329
11,Washington_West,69.65990448
11,Washington_West,69.67301941
11,Washington_West,69.68215942
11,Washington_West,69.68302917
11,Washington_West,69.6839447
11,Washington_West,69.68254089
11,Washington_West,69.67539215
11,Washington_West,69.66901398
11,Washington_West,69.66677094
11,Washington_West,69.65849304
11,Washington_West,69.65425873
11,Washington_West,69.65916443
11,Washington_West,69.67059326
11,Washington_West,69.6834259
11,Washington_West,69.68428802
11,Washington_West,69.68045044
11,Washington_West,69.68304443
11,Washington_West,69.6859436
11,Washington_West,69.68608856
11,Washington_West,69.68440247
11,Washington_West,69.69046021
11,Washington_West,69.69709015
11,Washington_West,69.69986725
11,Washington_West,69.69054413
11,Washington_West,69.68502808
11,Washington_West,69.68611908
11,Washington_West,69.68486023
11,Washington_West,69.68125916
11,Washington_West,69.67643738
11,Washington_West,69.67076874
11,Washington_West,69.66693878
11,Washington_West,69.66243744
11,Washington_West,69.65732574
11,Washington_West,69.6530304
11,Washington_West,69.67939758
11,Washington_West,69.70182037
11,Washington_West,69.75353241
11,Washington_West,69.80779266
11,Washington_West,69.88529205
11,Washington_West,69.95550537
11,Washington_West,70.09785461
11,Washington_West,70.26098633
11,Washington_West,70.47134399
11,Washington_West,70.72406006
11,Washington_West,71.02254486
11,Washington_West,71.29571533
11,Washington_West,71.52308655
11,Washington_West,71.72708893
11,Washington_West,71.89602661
11,Washington_West,72.0552063
11,Washington_West,72.21304321
11,Washington_West,72.36849976
11,Washington_West,72.53875732
11,Washington_West,72.71131897
11,Washington_West,72.87362671
11,Washington_West,73.00772095
11,Washington_West,73.11781311
11,Washington_West,73.22788239
11,Washington_West,73.34720612
11,Washington_West,73.46793365
11,Washington_West,73.5852356
11,Washington_West,73.68508148
11,Washington_West,73.78162384
11,Washington_West,73.87387848
11,Washington_West,73.93974304
11,Washington_West,74.00065613
11,Washington_West,74.05923462
11,Washington_West,74.13986206
11,Washington_West,74.23814392
11,Washington_West,74.34560394
11,Washington_West,74.44759369
11,Washington_West,74.53371429
11,Washington_West,74.61078644
11,Washington_West,74.68521118
11,Washington_West,74.76416779
11,Washington_West,74.84467316
11,Washington_West,74.92248535
11,Washington_West,74.99926758
11,Washington_West,75.08229828
11,Washington_West,75.15647888
11,Washington_West,75.22171021
11,Washington_West,75.25790405
11,Washington_West,75.28504181
11,Washington_West,75.30696106
11,Washington_West,75.32313538
11,Washington_West,75.34317017
11,Washington_West,75.35783386
11,Washington_West,75.36685944
11,Washington_West,75.36223602
11,Washington_West,75.37626648
11,Washington_West,75.39564514
11,Washington_West,75.43821716
11,Washington_West,75.48657227
11,Washington_West,75.54756165
11,Washington_West,75.61374664
11,Washington_West,75.69213104
11,Washington_West,75.78421783
11,Washington_West,75.88232422
11,Washington_West,75.96616364
11,Washington_West,76.03035736
11,Washington_West,76.08303833
11,Washington_West,76.11385345
11,Washington_West,76.14564514
11,Washington_West,76.17845917
11,Washington_West,76.20858002
11,Washington_West,76.24371338
11,Washington_West,76.2886734
11,Washington_West,76.34291077
11,Washington_West,76.38611603
11,Washington_West,76.41777039
11,Washington_West,76.45303345
11,Washington_West,76.50340271
11,Washington_West,76.55395508
11,Washington_West,76.59278107
11,Washington_West,76.62581635
11,Washington_West,76.66801453
11,Washington_West,76.7161026
11,Washington_West,76.74819946
11,Washington_West,76.77889252
11,Washington_West,76.81990051
11,Washington_West,76.86151123
11,Washington_West,76.90260315
11,Washington_West,76.93698883
11,Washington_West,76.97687531
11,Washington_West,77.02302551
11,Washington_West,77.07746887
11,Washington_West,77.13053131
11,Washington_West,77.17131805
11,Washington_West,77.19420624
11,Washington_West,77.19999695
11,Washington_West,77.21502686
11,Washington_West,77.23900604
11,Washington_West,77.26930237
11,Washington_West,77.30141449
11,Washington_West,77.33407593
11,Washington_West,77.38085938
11,Washington_West,77.42370605
11,Washington_West,77.448349
11,Washington_West,77.46746826
11,Washington_West,77.49298096
11,Washington_West,77.51719666
11,Washington_West,77.52609253
11,Washington_West,77.56698608
11,Washington_West,77.6227417
11,Washington_West,77.68231201
11,Washington_West,77.73065186
11,Washington_West,77.76495361
11,Washington_West,77.78527832
11,Washington_West,77.81181335
11,Washington_West,77.84884644
11,Washington_West,77.89576721
11,Washington_West,77.94944
11,Washington_West,78.00072479
11,Washington_West,78.04425049
11,Washington_West,78.07540894
11,Washington_West,78.10654449
11,Washington_West,78.14347076
11,Washington_West,78.18848419
11,Washington_West,78.24047089
11,Washington_West,78.29031372
11,Washington_West,78.32458496
11,Washington_West,78.35780334
11,Washington_West,78.35780334
11,Washington_West,78.43305969
11,Washington_West,78.49041748
11,Washington_West,78.59461975
11,Washington_West,78.67713928
11,Washington_West,78.6900177
11,Washington_West,78.71701813
11,Washington_West,78.69606018
11,Washington_West,78.69177246
11,Washington_West,78.74923706
11,Washington_West,78.84533691
11,Washington_West,78.86344147
11,Washington_West,79.01777649
11,Washington_West,79.21453857
11,Washington_West,79.423172
11,Washington_West,79.31720734
11,Washington_West,79.08023071
11,Washington_West,79.02336884
11,Washington_West,79.15465546
11,Washington_West,79.35010529
11,Washington_West,79.50843048
11,Washington_West,79.66526031
11,Washington_West,79.7854538
11,Washington_West,79.87084961
11,Washington_West,79.93434906
11,Washington_West,80.02252197
11,Washington_West,80.13059998
11,Washington_West,80.29743195
11,Washington_West,80.40102386
11,Washington_West,80.40208435
11,Washington_West,80.45414734
11,Washington_West,80.49025726
11,Washington_West,80.55451965
11,Washington_West,80.598526
11,Washington_West,80.6162262
11,Washington_West,80.57331848
11,Washington_West,80.52794647
11,Washington_West,80.52468872
11,Washington_West,80.50757599
11,Washington_West,80.47940063
11,Washington_West,80.45963287
11,Washington_West,80.51041412
11,Washington_West,80.4788208
11,Washington_West,80.39167786
11,Washington_West,80.32635498
11,Washington_West,80.24239349
11,Washington_West,80.18040466
11,Washington_West,80.14491272
11,Washington_West,80.26712036
11,Washington_West,80.16858673
11,Washington_West,80.10189819
11,Washington_West,80.02404022
11,Washington_West,79.96516418
11,Washington_West,79.85326385
11,Washington_West,79.73711395
11,Washington_West,79.66139984
11,Washington_West,79.5628891
11,Washington_West,79.49549103
11,Washington_West,79.46914673
11,Washington_West,79.45785522
11,Washington_West,79.44324493
11,Washington_West,79.45578766
11,Washington_West,79.4883194
11,Washington_West,79.48908997
11,Washington_West,79.5552597
11,Washington_West,79.62238312
11,Washington_West,79.69488525
11,Washington_West,79.84616089
11,Washington_West,79.83892059
11,Washington_West,80.0154953
11,Washington_West,80.18080139
11,Washington_West,80.34540558
11,Washington_West,80.50912476
11,Washington_West,80.7876358
11,Washington_West,81.11631775
11,Washington_West,81.25614166
11,Washington_West,81.3951416
11,Washington_West,81.50710297
11,Washington_West,81.56074524
11,Washington_West,81.61436462
11,Washington_West,81.63352966
11,Washington_West,81.67295074
11,Washington_West,81.69535828
11,Washington_West,81.73316956
11,Washington_West,81.73995209
11,Washington_West,81.76158142
11,Washington_West,81.76783752
11,Washington_West,81.76138306
11,Washington_West,81.74021149
11,Washington_West,81.67984772
11,Washington_West,81.58207703
11,Washington_West,81.45482635
11,Washington_West,81.360466
11,Washington_West,81.35100555
11,Washington_West,81.31547546
11,Washington_West,81.32750702
11,Washington_West,81.27945709
11,Washington_West,81.17001343
11,Washington_West,81.17835236
11,Washington_West,81.10205841
11,Washington_West,80.89765167
11,Washington_West,80.68036652
11,Washington_West,80.51119232
11,Washington_West,80.40084839
11,Washington_West,80.25788879
11,Washington_West,80.13191986
11,Washington_West,80.01894379
11,Washington_West,79.8870697
11,Washington_West,79.83789825
11,Washington_West,79.8190155
11,Washington_West,79.75120544
11,Washington_West,79.70780945
11,Washington_West,79.67157745
11,Washington_West,79.63948822
11,Washington_West,79.62302399
11,Washington_West,79.63936615
11,Washington_West,79.59283447
11,Washington_West,79.44917297
11,Washington_West,79.30721283
11,Washington_West,79.23558044
11,Washington_West,79.21546936
11,Washington_West,79.2315979
11,Washington_West,79.24466705
11,Washington_West,79.32392883
11,Washington_West,79.43003845
11,Washington_West,79.63311768
11,Washington_West,79.85710144
11,Washington_West,80.09680939
11,Washington_West,80.33972168
11,Washington_West,80.54360199
11,Washington_West,80.73836517
11,Washington_West,80.9325943
11,Washington_West,81.05348206
11,Washington_West,81.14056396
11,Washington_West,81.15109253
11,Washington_West,81.15966034
11,Washington_West,81.20561981
11,Washington_West,81.28986359
11,Washington_West,81.35158539
11,Washington_West,81.36898041
11,Washington_West,81.46543884
11,Washington_West,81.64381409
11,Washington_West,81.79026031
11,Washington_West,81.88959503
11,Washington_West,81.95140839
11,Washington_West,81.94669342
11,Washington_West,81.93532562
11,Washington_West,81.94287872
11,Washington_West,81.9023056
11,Washington_West,81.86157227
11,Washington_West,81.81375885
11,Washington_West,81.8629837
11,Washington_West,81.9304657
11,Washington_West,82.02890778
11,Washington_West,82.0978241
11,Washington_West,82.11758423
11,Washington_West,82.13147736
11,Washington_West,82.15751648
11,Washington_West,82.1156311
11,Washington_West,82.11068726
11,Washington_West,82.11257172
11,Washington_West,82.10202789
11,Washington_West,82.09716034
11,Washington_West,82.09562683
11,Washington_West,82.09819031
11,Washington_West,82.12856293
11,Washington_West,82.17708588
11,Washington_West,82.24526215
11,Washington_West,82.35931396
11,Washington_West,82.51824951
11,Washington_West,82.49616241
11,Washington_West,82.35983276
11,Washington_West,82.18611908
11,Washington_West,82.12678528
11,Washington_West,82.09623718
11,Washington_West,82.05736542
11,Washington_West,82.05903625
11,Washington_West,82.03068542
11,Washington_West,82.04566956
11,Washington_West,82.06239319
11,Washington_West,82.0652771
11,Washington_West,82.05173492
11,Washington_West,82.05010223
11,Washington_West,82.05554962
11,Washington_West,82.06495667
11,Washington_West,82.07672882
11,Washington_West,82.05742645
11,Washington_West,82.04441071
11,Washington_West,82.04688263
11,Washington_West,82.08808899
11,Washington_West,82.18476868
11,Washington_West,82.38975525
11,Washington_West,82.64073944
11,Washington_West,82.74796295
11,Washington_West,82.79626465
11,Washington_West,82.69893646
11,Washington_West,82.07480621
11,Washington_West,81.1490097
11,Washington_West,80.3081665
11,Washington_West,79.7460022
11,Washington_West,79.45124054
11,Washington_West,79.29181671
11,Washington_West,79.18117523
11,Washington_West,79.08061981
11,Washington_West,78.8947525
11,Washington_West,78.57894897
11,Washington_West,78.09145355
11,Washington_West,77.60618591
11,Washington_West,77.15459442
11,Washington_West,76.80174255
11,Washington_West,76.56741333
11,Washington_West,76.33641052
11,Washington_West,76.19250488
11,Washington_West,76.05918884
11,Washington_West,75.89334106
11,Washington_West,75.43424225
11,Washington_West,74.91383362
11,Washington_West,74.61299133
11,Washington_West,74.46877289
11,Washington_West,74.43734741
11,Washington_West,74.60289001
11,Washington_West,75.0344162
11,Washington_West,75.64019012
11,Washington_West,75.9444809
11,Washington_West,76.01493073
11,Washington_West,76.0772934
11,Washington_West,76.11117554
11,Washington_West,76.11963654
11,Washington_West,76.11589813
11,Washington_West,76.15618134
11,Washington_West,76.24966431
11,Washington_West,76.47466278
11,Washington_West,76.98715973
11,Washington_West,78.008255
11,Washington_West,78.59015656
11,Washington_West,78.82861328
11,Washington_West,78.75212097
11,Washington_West,78.71292114
11,Washington_West,78.58260345
11,Washington_West,78.33953857
11,Washington_West,77.76649475
11,Washington_West,76.76380157
11,Washington_West,76.24612427
11,Washington_West,76.21631622
11,Washington_West,76.21650696
11,Washington_West,76.22549438
11,Washington_West,76.27732849
11,Washington_West,76.46509552
11,Washington_West,76.85077667
11,Washington_West,77.66628265
11,Washington_West,78.2080307
11,Washington_West,78.58068085
11,Washington_West,80.14194489
11,Washington_West,82.02191162
11,Washington_West,82.30472565
11,Washington_West,81.78622437
11,Washington_West,81.78622437
11,Washington_West,80.4959259
11,Washington_West,79.59859467
11,Washington_West,79.77098846
11,Washington_West,79.80838013
11,Washington_West,79.17559814
11,Washington_West,78.69474792
11,Washington_West,78.43595123
11,Washington_West,78.41691589
11,Washington_West,78.95870209
11,Washington_West,82.76409912
11,Washington_West,83.47468567
11,Washington_West,82.02598572
11,Washington_West,81.87263489
11,Washington_West,81.76767731
11,Washington_West,81.60133362
11,Washington_West,81.47467041
11,Washington_West,81.47917938
11,Washington_West,81.61123657
11,Washington_West,81.73374939
11,Washington_West,81.76763916
11,Washington_West,81.72451019
11,Washington_West,81.55820465
11,Washington_West,81.43044281
11,Washington_West,81.22904205
11,Washington_West,81.07486725
11,Washington_West,80.94112396
11,Washington_West,81.06661987
11,Washington_West,81.2508316
11,Washington_West,80.42149353
11,Washington_West,79.57296753
11,Washington_West,78.73021698
11,Washington_West,78.41601563
11,Washington_West,78.41601563
11,Washington_West,78.41601563
11,Washington_West,78.41601563
11,Washington_West,78.47560883
11,Washington_West,79.25111389
11,Washington_West,79.84867859
11,Washington_West,79.70677185
11,Washington_West,79.34562683
11,Washington_West,79.22499084
11,Washington_West,79.18982697
11,Washington_West,79.24065399
11,Washington_West,79.28456879
11,Washington_West,79.34567261
11,Washington_West,79.29333496
11,Washington_West,79.09273529
11,Washington_West,78.84366608
11,Washington_West,78.56824493
11,Washington_West,78.10778046
11,Washington_West,77.6632843
11,Washington_West,77.4937439
11,Washington_West,77.64000702
11,Washington_West,77.71683502
11,Washington_West,77.71535492
11,Washington_West,77.66601563
11,Washington_West,77.17751312
11,Washington_West,76.77062988
11,Washington_West,76.45054626
11,Washington_West,76.07894135
11,Washington_West,76.01680756
11,Washington_West,76.01714325
11,Washington_West,76.0174408
11,Washington_West,76.01607513
11,Washington_West,76.01600647
11,Washington_West,76.01600647
11,Washington_West,76.01600647
11,Washington_West,76.01600647
11,Washington_West,76.01600647
11,Washington_West,76.01600647
11,Washington_West,76.01600647
11,Washington_West,76.01600647
11,Washington_West,76.01600647
11,Washington_West,76.09870148
11,Washington_West,76.14848328
11,Washington_West,76.34870911
11,Washington_West,76.44281769
11,Washington_West,76.45674133
11,Washington_West,76.61768341
11,Washington_West,76.91770935
11,Washington_West,77.2350235
11,Washington_West,77.75695038
11,Washington_West,78.68495941
11,Washington_West,79.80050659
11,Washington_West,80.98619843
11,Washington_West,81.76425934
11,Washington_West,82.15922546
11,Washington_West,82.28397369
11,Washington_West,81.85150146
11,Washington_West,81.11195374
11,Washington_West,80.28256226
11,Washington_West,79.43897247
11,Washington_West,78.87345886
11,Washington_West,78.45022583
11,Washington_West,78.21394348
11,Washington_West,78.29810333
11,Washington_West,78.50846863
11,Washington_West,78.46021271
11,Washington_West,79.56351471
11,Washington_West,82.01416016
11,Washington_West,81.43595123
11,Washington_West,80.98005676
11,Washington_West,81.51290131
11,Washington_West,82.11393738
11,Washington_West,82.1367569
11,Washington_West,82.19891357
11,Washington_West,82.08364105
11,Washington_West,80.38854218
11,Washington_West,79.51717377
11,Washington_West,79.73035431
11,Washington_West,85.73885345
11,Washington_West,93.02497101
11,Washington_West,95.7724762
11,Washington_West,93.98867035
11,Washington_West,90.80056763
11,Washington_West,88.36577606
11,Washington_West,86.80943298
11,Washington_West,86.96899414
11,Washington_West,86.48957062
11,Washington_West,85.42703247
11,Washington_West,84.690979
11,Washington_West,83.47704315
11,Washington_West,82.24759674
11,Washington_West,81.83279419
11,Washington_West,81.5018692
11,Washington_West,81.11711121
11,Washington_West,81.01615143
11,Washington_West,81.0160141
11,Washington_West,81.0157547
11,Washington_West,81.38956451
11,Washington_West,83.0298996
11,Washington_West,85.46277618
11,Washington_West,87.02101898
11,Washington_West,86.96937561
11,Washington_West,86.02132416
11,Washington_West,85.11222839
11,Washington_West,84.97158813
11,Washington_West,84.99822235
11,Washington_West,84.25823212
11,Washington_West,82.55138397
11,Washington_West,81.85142517
11,Washington_West,80.8217926
11,Washington_West,79.37732697
11,Washington_West,79.03860474
11,Washington_West,78.83561707
11,Washington_West,78.86740112
11,Washington_West,78.88230133
11,Washington_West,79.02607727
11,Washington_West,78.89046478
11,Washington_West,78.66061401
11,Washington_West,78.5450592
11,Washington_West,78.43874359
11,Washington_West,78.26887512
11,Washington_West,78.06319427
11,Washington_West,78.06835175
11,Washington_West,78.04620361
11,Washington_West,78.09422302
11,Washington_West,78.03112793
11,Washington_West,78.08374023
11,Washington_West,78.2312088
11,Washington_West,78.57772827
11,Washington_West,78.99633026
11,Washington_West,81.83381653
11,Washington_West,86.35604858
11,Washington_West,87.03845978
11,Washington_West,85.10803223
11,Washington_West,82.84274292
11,Washington_West,81.98632813
11,Washington_West,81.49282837
11,Washington_West,81.12984467
11,Washington_West,81.01300812
11,Washington_West,81.00202942
11,Washington_West,81.27346802
11,Washington_West,81.52539063
11,Washington_West,81.79494476
11,Washington_West,83.12345123
11,Washington_West,85.78101349
11,Washington_West,85.15167999
11,Washington_West,82.09333038
11,Washington_West,81.5151825
11,Washington_West,81.5160141
11,Washington_West,81.51602936
11,Washington_West,81.5160141
11,Washington_West,81.5160141
11,Washington_West,81.5160141
11,Washington_West,81.5160141
11,Washington_West,81.5160141
11,Washington_West,81.51811981
11,Washington_West,81.63122559
11,Washington_West,83.38917542
11,Washington_West,88.00830078
11,Washington_West,88.44225311
11,Washington_West,84.39825439
11,Washington_West,83.08538818
11,Washington_West,82.521492
11,Washington_West,81.24137115
11,Washington_West,80.48800659
11,Washington_West,81.45475006
11,Washington_West,79.98986816
11,Washington_West,79.10210419
11,Washington_West,78.98787689
11,Washington_West,78.92121124
11,Washington_West,78.84726715
11,Washington_West,78.70630646
11,Washington_West,78.51638794
11,Washington_West,78.28816223
11,Washington_West,78.19009399
11,Washington_West,78.07201385
11,Washington_West,77.90937042
11,Washington_West,77.85229492
11,Washington_West,77.83908844
11,Washington_West,77.8290329
11,Washington_West,77.92150879
11,Washington_West,78.13635254
11,Washington_West,78.73031616
11,Washington_West,78.71526337
11,Washington_West,77.7223053
11,Washington_West,76.37316132
11,Washington_West,75.32025909
11,Washington_West,74.2433548
11,Washington_West,73.4212265
11,Washington_West,72.75554657
11,Washington_West,72.15509796
11,Washington_West,72.16086578
11,Washington_West,72.25737762
11,Washington_West,72.21507263
11,Washington_West,72.22332001
11,Washington_West,72.4348526
11,Washington_West,74.66973114
11,Washington_West,77.57016754
11,Washington_West,79.47037506
11,Washington_West,79.93483734
11,Washington_West,79.59806824
11,Washington_West,78.65285492
11,Washington_West,78.04597473
11,Washington_West,77.76082611
11,Washington_West,77.30702972
11,Washington_West,76.26868439
11,Washington_West,75.50417328
11,Washington_West,75.42989349
11,Washington_West,75.34290314
11,Washington_West,75.41608429
11,Washington_West,75.84397125
11,Washington_West,75.88608551
11,Washington_West,75.80274963
11,Washington_West,75.89899445
11,Washington_West,76.43080902
11,Washington_West,77.03670502
11,Washington_West,78.34762573
11,Washington_West,79.25312042
11,Washington_West,79.31635284
11,Washington_West,78.82833862
11,Washington_West,76.52231598
11,Washington_West,75.72506714
11,Washington_West,77.20732117
