10,Broadway_West,9.137060165
10,Broadway_West,9.15457058
10,Broadway_West,9.167066574
10,Broadway_West,9.180552483
10,Broadway_West,9.192051888
10,Broadway_West,9.161096573
10,Broadway_West,9.113618851
10,Broadway_West,9.052900314
10,Broadway_West,9.0178442
10,Broadway_West,9.001790047
10,Broadway_West,9.02067852
10,Broadway_West,9.067849159
10,Broadway_West,9.112294197
10,Broadway_West,9.15405941
10,Broadway_West,9.185107231
10,Broadway_West,9.206521988
10,Broadway_West,9.218016624
10,Broadway_West,9.197015762
10,Broadway_West,9.179379463
10,Broadway_West,9.171010971
10,Broadway_West,9.158337593
10,Broadway_West,9.141280174
10,Broadway_West,9.122246742
10,Broadway_West,9.124705315
10,Broadway_West,9.142242432
10,Broadway_West,9.171946526
10,Broadway_West,9.170716286
10,Broadway_West,9.149102211
10,Broadway_West,9.115062714
10,Broadway_West,9.078512192
10,Broadway_West,9.054162979
10,Broadway_West,9.03842926
10,Broadway_West,9.034815788
10,Broadway_West,9.023050308
10,Broadway_West,9.004857063
10,Broadway_West,8.975190163
10,Broadway_West,8.960315704
10,Broadway_West,8.952039719
10,Broadway_West,8.951828003
10,Broadway_West,8.955397606
10,Broadway_West,8.995501518
10,Broadway_West,9.091527939
10,Broadway_West,9.524588585
10,Broadway_West,9.928779602
10,Broadway_West,10.21483707
10,Broadway_West,10.46412468
10,Broadway_West,10.96460533
10,Broadway_West,11.50010395
10,Broadway_West,11.96229172
10,Broadway_West,12.30993938
10,Broadway_West,12.54371357
10,Broadway_West,12.67553711
10,Broadway_West,12.72763634
10,Broadway_West,12.76950836
10,Broadway_West,12.85233021
10,Broadway_West,13.00173378
10,Broadway_West,13.29283428
10,Broadway_West,13.74433517
10,Broadway_West,14.37051296
10,Broadway_West,15.09591389
10,Broadway_West,15.09438419
10,Broadway_West,15.0389595
10,Broadway_West,14.93553543
10,Broadway_West,14.8080225
10,Broadway_West,14.65589237
10,Broadway_West,14.51713562
10,Broadway_West,14.67398834
10,Broadway_West,14.78489685
10,Broadway_West,14.84096241
10,Broadway_West,14.86080742
10,Broadway_West,14.85105324
10,Broadway_West,14.81515312
10,Broadway_West,14.73207474
10,Broadway_West,14.6258812
10,Broadway_West,14.58271027
10,Broadway_West,14.54842377
10,Broadway_West,14.49844742
10,Broadway_West,14.42600536
10,Broadway_West,14.34519768
10,Broadway_West,14.24470997
10,Broadway_West,14.12357903
10,Broadway_West,13.97630215
10,Broadway_West,13.86092091
10,Broadway_West,13.76198769
10,Broadway_West,13.79213047
10,Broadway_West,13.79315853
10,Broadway_West,13.78156757
10,Broadway_West,13.76829624
10,Broadway_West,13.7349453
10,Broadway_West,13.68029785
10,Broadway_West,13.60141754
10,Broadway_West,13.52021313
10,Broadway_West,13.44822025
10,Broadway_West,13.40859604
10,Broadway_West,13.37885571
10,Broadway_West,13.34629822
10,Broadway_West,13.29585838
10,Broadway_West,13.20177364
10,Broadway_West,13.08132076
10,Broadway_West,12.93007946
10,Broadway_West,12.77514935
10,Broadway_West,12.59904003
10,Broadway_West,12.38695812
10,Broadway_West,12.23569298
10,Broadway_West,12.11125183
10,Broadway_West,11.99983406
10,Broadway_West,11.93692398
10,Broadway_West,11.85527039
10,Broadway_West,11.73366451
10,Broadway_West,11.55053329
10,Broadway_West,11.36621284
10,Broadway_West,11.20973015
10,Broadway_West,11.07518482
10,Broadway_West,10.93935204
10,Broadway_West,10.80251026
10,Broadway_West,10.67948532
10,Broadway_West,10.56837273
10,Broadway_West,10.47422981
10,Broadway_West,10.4105978
10,Broadway_West,10.38562202
10,Broadway_West,10.37897968
10,Broadway_West,10.39788246
10,Broadway_West,10.43833542
10,Broadway_West,10.48218346
10,Broadway_West,10.53468513
10,Broadway_West,10.6330719
10,Broadway_West,10.77493477
10,Broadway_West,10.95795059
10,Broadway_West,11.10335255
10,Broadway_West,11.21885109
10,Broadway_West,11.29616547
10,Broadway_West,11.40931988
10,Broadway_West,11.53793716
10,Broadway_West,11.76670074
10,Broadway_West,12.02521038
10,Broadway_West,12.32761574
10,Broadway_West,12.58075142
10,Broadway_West,12.81806278
10,Broadway_West,13.01077175
10,Broadway_West,13.19898701
10,Broadway_West,13.38269615
10,Broadway_West,13.54974461
10,Broadway_West,13.71258831
10,Broadway_West,13.86127663
10,Broadway_West,13.98106289
10,Broadway_West,14.07886505
10,Broadway_West,14.14683151
10,Broadway_West,14.21093655
10,Broadway_West,14.27435875
10,Broadway_West,14.27786255
10,Broadway_West,14.24816227
10,Broadway_West,14.25602245
10,Broadway_West,14.27699184
10,Broadway_West,14.29631519
10,Broadway_West,14.30390167
10,Broadway_West,14.31309605
10,Broadway_West,14.31713581
10,Broadway_West,14.31811047
10,Broadway_West,14.32260132
10,Broadway_West,14.34717369
10,Broadway_West,14.35909462
10,Broadway_West,14.34894753
10,Broadway_West,14.33504105
10,Broadway_West,14.31644821
10,Broadway_West,14.2758894
10,Broadway_West,14.23009396
10,Broadway_West,14.18673801
10,Broadway_West,14.15490627
10,Broadway_West,14.13780117
10,Broadway_West,14.12210846
10,Broadway_West,14.0983057
10,Broadway_West,14.04868603
10,Broadway_West,14.00053024
10,Broadway_West,13.9532547
10,Broadway_West,13.93554115
10,Broadway_West,13.92537594
10,Broadway_West,13.90183926
10,Broadway_West,14.14971542
10,Broadway_West,14.4605732
10,Broadway_West,14.80568886
10,Broadway_West,15.33855343
10,Broadway_West,16.20065308
10,Broadway_West,17.16999435
10,Broadway_West,18.01731491
10,Broadway_West,18.6222477
10,Broadway_West,19.1317997
10,Broadway_West,19.65573692
10,Broadway_West,20.18950653
10,Broadway_West,20.73958778
10,Broadway_West,21.32637978
10,Broadway_West,21.96903419
10,Broadway_West,22.65015221
10,Broadway_West,23.33434486
10,Broadway_West,23.98765945
10,Broadway_West,24.57520294
10,Broadway_West,25.11616516
10,Broadway_West,25.64383698
10,Broadway_West,26.17453384
10,Broadway_West,26.7310009
10,Broadway_West,27.38619995
10,Broadway_West,28.22554398
10,Broadway_West,29.17725563
10,Broadway_West,29.94618225
10,Broadway_West,30.44899368
10,Broadway_West,30.75645828
10,Broadway_West,30.99827385
10,Broadway_West,31.24912453
10,Broadway_West,31.50109863
10,Broadway_West,31.75681305
10,Broadway_West,32.02416992
10,Broadway_West,32.30685043
10,Broadway_West,32.58081818
10,Broadway_West,32.85807419
10,Broadway_West,33.1603241
10,Broadway_West,33.514534
10,Broadway_West,33.9248848
10,Broadway_West,34.360672
10,Broadway_West,34.81842422
10,Broadway_West,34.91309738
10,Broadway_West,34.94439697
10,Broadway_West,34.97825623
10,Broadway_West,35.01156616
10,Broadway_West,35.03811646
10,Broadway_West,35.10653305
10,Broadway_West,35.21228409
10,Broadway_West,35.33973694
10,Broadway_West,35.5008812
10,Broadway_West,35.68407059
10,Broadway_West,35.93980789
10,Broadway_West,36.34442902
10,Broadway_West,36.77203369
10,Broadway_West,37.18592453
10,Broadway_West,37.59635162
10,Broadway_West,38.02676773
10,Broadway_West,38.48072052
10,Broadway_West,38.94910812
10,Broadway_West,39.41318893
10,Broadway_West,39.91121674
10,Broadway_West,40.46107864
10,Broadway_West,41.00440979
10,Broadway_West,41.52856445
10,Broadway_West,42.06296539
10,Broadway_West,42.57085419
10,Broadway_West,43.01865768
10,Broadway_West,43.44496536
10,Broadway_West,43.86995316
10,Broadway_West,44.3119812
10,Broadway_West,44.76950073
10,Broadway_West,45.19828796
10,Broadway_West,45.5303688
10,Broadway_West,45.76387405
10,Broadway_West,45.97516251
10,Broadway_West,46.1896019
10,Broadway_West,46.40009308
10,Broadway_West,46.58570099
10,Broadway_West,46.78142166
10,Broadway_West,46.78142166
10,Broadway_West,47.03865051
10,Broadway_West,47.28814316
10,Broadway_West,47.51499939
10,Broadway_West,47.74524689
10,Broadway_West,47.99517059
10,Broadway_West,48.2745285
10,Broadway_West,48.5926857
10,Broadway_West,49.01038742
10,Broadway_West,49.52523041
10,Broadway_West,50.09030533
10,Broadway_West,50.61633682
10,Broadway_West,51.06444168
10,Broadway_West,51.48765182
10,Broadway_West,51.78647995
10,Broadway_West,51.97506332
10,Broadway_West,52.17287827
10,Broadway_West,52.35861206
10,Broadway_West,52.5500145
10,Broadway_West,52.73776627
10,Broadway_West,52.92580795
10,Broadway_West,53.12330627
10,Broadway_West,53.32461548
10,Broadway_West,53.53652954
10,Broadway_West,53.76815033
10,Broadway_West,54.00377274
10,Broadway_West,54.23672485
10,Broadway_West,54.46437454
10,Broadway_West,54.74082947
10,Broadway_West,55.08295441
10,Broadway_West,55.4414444
10,Broadway_West,55.8002243
10,Broadway_West,56.13570786
10,Broadway_West,56.47330475
10,Broadway_West,56.85363388
10,Broadway_West,57.22150803
10,Broadway_West,57.58776855
10,Broadway_West,57.80155945
10,Broadway_West,57.95215225
10,Broadway_West,58.11109543
10,Broadway_West,58.23419189
10,Broadway_West,58.35677719
10,Broadway_West,58.50212097
10,Broadway_West,58.60549927
10,Broadway_West,58.72685623
10,Broadway_West,58.83283615
10,Broadway_West,58.92586136
10,Broadway_West,59.05117416
10,Broadway_West,59.15072632
10,Broadway_West,59.2544136
10,Broadway_West,59.33834076
10,Broadway_West,59.37763214
10,Broadway_West,59.44551849
10,Broadway_West,59.51070023
10,Broadway_West,59.57647324
10,Broadway_West,59.67104721
10,Broadway_West,59.57384109
10,Broadway_West,59.46249008
10,Broadway_West,59.46954346
10,Broadway_West,59.57938766
10,Broadway_West,59.69615555
10,Broadway_West,59.82699966
10,Broadway_West,59.96459198
10,Broadway_West,60.05798721
10,Broadway_West,60.1257515
10,Broadway_West,60.20786667
10,Broadway_West,60.32001495
10,Broadway_West,60.42383575
10,Broadway_West,60.55538559
10,Broadway_West,60.72888184
10,Broadway_West,60.87762451
10,Broadway_West,61.00782013
10,Broadway_West,61.12623596
10,Broadway_West,61.24023056
10,Broadway_West,61.32555008
10,Broadway_West,61.41381836
10,Broadway_West,61.43764114
10,Broadway_West,61.43157196
10,Broadway_West,61.4314003
10,Broadway_West,61.45262527
10,Broadway_West,61.48540115
10,Broadway_West,61.55551529
10,Broadway_West,61.59055328
10,Broadway_West,61.66801071
10,Broadway_West,61.76977539
10,Broadway_West,61.90248871
10,Broadway_West,61.95034409
10,Broadway_West,61.92338562
10,Broadway_West,61.99768066
10,Broadway_West,61.98296356
10,Broadway_West,61.96317291
10,Broadway_West,62.04847717
10,Broadway_West,62.12869263
10,Broadway_West,62.22262955
10,Broadway_West,62.377491
10,Broadway_West,62.53989029
10,Broadway_West,62.68191528
10,Broadway_West,62.91455841
10,Broadway_West,63.31603622
10,Broadway_West,63.69314575
10,Broadway_West,63.92717743
10,Broadway_West,64.08959961
10,Broadway_West,64.21822357
10,Broadway_West,64.28295898
10,Broadway_West,64.37939453
10,Broadway_West,64.47715759
10,Broadway_West,64.51080322
10,Broadway_West,64.53878021
10,Broadway_West,64.57089233
10,Broadway_West,64.64768219
10,Broadway_West,64.76159668
10,Broadway_West,64.77949524
10,Broadway_West,64.77303314
10,Broadway_West,64.73129272
10,Broadway_West,64.65996552
10,Broadway_West,64.63426208
10,Broadway_West,64.67276001
10,Broadway_West,64.70218658
10,Broadway_West,64.70811462
10,Broadway_West,64.71137238
10,Broadway_West,64.73920441
10,Broadway_West,64.79271698
10,Broadway_West,64.83410645
10,Broadway_West,64.85014343
10,Broadway_West,64.90839386
10,Broadway_West,65.00483704
10,Broadway_West,65.12493134
10,Broadway_West,65.2966156
10,Broadway_West,65.50092316
10,Broadway_West,65.69493866
10,Broadway_West,65.91775513
10,Broadway_West,66.15479279
10,Broadway_West,66.41557312
10,Broadway_West,66.71521759
10,Broadway_West,66.93830872
10,Broadway_West,67.10887146
10,Broadway_West,67.30666351
10,Broadway_West,67.47624969
10,Broadway_West,67.55955505
10,Broadway_West,67.57777405
10,Broadway_West,67.6205368
10,Broadway_West,67.71038055
10,Broadway_West,67.8208313
10,Broadway_West,67.93156433
10,Broadway_West,68.028862
10,Broadway_West,68.10055542
10,Broadway_West,68.2111969
10,Broadway_West,68.28607178
10,Broadway_West,68.38602448
10,Broadway_West,68.50476074
10,Broadway_West,68.59342194
10,Broadway_West,68.64738464
10,Broadway_West,68.67247772
10,Broadway_West,68.65546417
10,Broadway_West,68.64167786
10,Broadway_West,68.63405609
10,Broadway_West,68.62481689
10,Broadway_West,68.58908844
10,Broadway_West,68.63784027
10,Broadway_West,68.72837067
10,Broadway_West,68.87374878
10,Broadway_West,69.00183105
10,Broadway_West,69.08673859
10,Broadway_West,69.14822388
10,Broadway_West,69.18676758
10,Broadway_West,69.20973969
10,Broadway_West,69.25902557
10,Broadway_West,69.34020233
10,Broadway_West,69.38899231
10,Broadway_West,69.41625977
10,Broadway_West,69.42906189
10,Broadway_West,69.43244171
10,Broadway_West,69.43023682
10,Broadway_West,69.45375061
10,Broadway_West,69.49939728
10,Broadway_West,69.49889374
10,Broadway_West,69.44734955
10,Broadway_West,69.38536072
10,Broadway_West,69.28993988
10,Broadway_West,69.21128082
10,Broadway_West,69.13306427
10,Broadway_West,69.03344727
10,Broadway_West,68.9450531
10,Broadway_West,68.85626984
10,Broadway_West,68.75733948
10,Broadway_West,68.64427948
10,Broadway_West,68.52422333
10,Broadway_West,68.42351532
10,Broadway_West,68.34928131
10,Broadway_West,68.2951889
10,Broadway_West,68.28626251
10,Broadway_West,68.29017639
10,Broadway_West,68.3203125
10,Broadway_West,68.29911041
10,Broadway_West,68.26763153
10,Broadway_West,68.23988342
10,Broadway_West,68.21240997
10,Broadway_West,68.18492889
10,Broadway_West,68.14081573
10,Broadway_West,68.08269501
10,Broadway_West,68.01205444
10,Broadway_West,67.95398712
10,Broadway_West,67.93952179
10,Broadway_West,67.92743683
10,Broadway_West,67.90815735
10,Broadway_West,67.89367676
10,Broadway_West,67.82653046
10,Broadway_West,67.73692322
10,Broadway_West,67.68603516
10,Broadway_West,67.63710022
10,Broadway_West,67.61631775
10,Broadway_West,67.64024353
10,Broadway_West,67.66208649
10,Broadway_West,67.61196899
10,Broadway_West,67.5382843
10,Broadway_West,67.55970764
10,Broadway_West,67.53870392
10,Broadway_West,67.51889801
10,Broadway_West,67.49384308
10,Broadway_West,67.47309875
10,Broadway_West,67.42575073
10,Broadway_West,67.3849411
10,Broadway_West,67.33927917
10,Broadway_West,67.28141022
10,Broadway_West,67.25350189
10,Broadway_West,67.20762634
10,Broadway_West,67.13153839
10,Broadway_West,67.07933807
10,Broadway_West,67.09204102
10,Broadway_West,67.07058716
10,Broadway_West,67.03130341
10,Broadway_West,66.95503235
10,Broadway_West,66.77748108
10,Broadway_West,66.45960999
10,Broadway_West,66.14754486
10,Broadway_West,65.89395905
10,Broadway_West,65.70757294
10,Broadway_West,65.51380157
10,Broadway_West,65.27932739
10,Broadway_West,65.06602478
10,Broadway_West,64.92771912
10,Broadway_West,64.86003876
10,Broadway_West,64.8500061
10,Broadway_West,64.85953522
10,Broadway_West,64.85712433
10,Broadway_West,64.79654694
10,Broadway_West,64.65139771
10,Broadway_West,64.39448547
10,Broadway_West,63.96768188
10,Broadway_West,63.39973068
10,Broadway_West,62.83508301
10,Broadway_West,62.47272491
10,Broadway_West,62.23159409
10,Broadway_West,62.07825089
10,Broadway_West,61.92915344
10,Broadway_West,61.76107407
10,Broadway_West,61.76107407
10,Broadway_West,61.71812439
10,Broadway_West,61.76048279
10,Broadway_West,61.78958893
10,Broadway_West,61.81508636
10,Broadway_West,61.82120514
10,Broadway_West,61.8362236
10,Broadway_West,61.86454773
10,Broadway_West,61.87126541
10,Broadway_West,61.86830902
10,Broadway_West,61.89874268
10,Broadway_West,61.92335892
10,Broadway_West,61.97156143
10,Broadway_West,62.07266617
10,Broadway_West,62.21220779
10,Broadway_West,62.55314255
10,Broadway_West,62.99359512
10,Broadway_West,63.44478226
10,Broadway_West,63.80505371
10,Broadway_West,63.99246979
10,Broadway_West,64.1120224
10,Broadway_West,64.21975708
10,Broadway_West,64.28220367
10,Broadway_West,64.35232544
10,Broadway_West,64.42590332
10,Broadway_West,64.49636078
10,Broadway_West,64.55430603
10,Broadway_West,64.59810638
10,Broadway_West,64.63602448
10,Broadway_West,64.68195343
10,Broadway_West,64.75606537
10,Broadway_West,64.80484009
10,Broadway_West,64.82872772
10,Broadway_West,64.86037445
10,Broadway_West,64.90975952
10,Broadway_West,64.95433807
10,Broadway_West,64.96833801
10,Broadway_West,64.95558929
10,Broadway_West,64.94594574
10,Broadway_West,64.92401886
10,Broadway_West,64.92471313
10,Broadway_West,64.93513489
10,Broadway_West,64.92700958
10,Broadway_West,64.88147736
10,Broadway_West,64.88615417
10,Broadway_West,64.92926788
10,Broadway_West,64.93457031
10,Broadway_West,64.97731018
10,Broadway_West,65.01435089
10,Broadway_West,65.0458374
10,Broadway_West,65.11194611
10,Broadway_West,65.1852417
10,Broadway_West,65.24834442
10,Broadway_West,65.2842865
10,Broadway_West,65.34842682
10,Broadway_West,65.39834595
10,Broadway_West,65.41085815
10,Broadway_West,65.43580627
10,Broadway_West,65.49256134
10,Broadway_West,65.54370117
10,Broadway_West,65.57317352
10,Broadway_West,65.61074829
10,Broadway_West,65.66491699
10,Broadway_West,65.73889923
10,Broadway_West,65.84524536
10,Broadway_West,65.96114349
10,Broadway_West,66.07070923
10,Broadway_West,66.17077637
10,Broadway_West,66.26881409
10,Broadway_West,66.33562469
10,Broadway_West,66.38038635
10,Broadway_West,66.39933014
10,Broadway_West,66.41217041
10,Broadway_West,66.42399597
10,Broadway_West,66.43595123
10,Broadway_West,66.44812012
10,Broadway_West,66.46038055
10,Broadway_West,66.47754669
10,Broadway_West,66.49639893
10,Broadway_West,66.50904083
10,Broadway_West,66.53780365
10,Broadway_West,66.58034515
10,Broadway_West,66.63299561
10,Broadway_West,66.74808502
10,Broadway_West,66.84936523
10,Broadway_West,66.89853668
10,Broadway_West,66.92198944
10,Broadway_West,66.98114014
10,Broadway_West,67.10784149
10,Broadway_West,67.19701385
10,Broadway_West,67.2247467
10,Broadway_West,67.26948547
10,Broadway_West,67.3299942
10,Broadway_West,67.35484314
10,Broadway_West,67.43170929
10,Broadway_West,67.43869781
10,Broadway_West,67.41847992
10,Broadway_West,67.45071411
10,Broadway_West,67.52437592
10,Broadway_West,67.5581665
10,Broadway_West,67.55934143
10,Broadway_West,67.59210205
10,Broadway_West,67.64073944
10,Broadway_West,67.66902161
10,Broadway_West,67.70521545
10,Broadway_West,67.71235657
10,Broadway_West,67.7203064
10,Broadway_West,67.7312088
10,Broadway_West,67.77616882
10,Broadway_West,67.81096649
10,Broadway_West,67.81642914
10,Broadway_West,67.81990814
10,Broadway_West,67.83565521
10,Broadway_West,67.86589813
10,Broadway_West,67.90057373
10,Broadway_West,67.91539764
10,Broadway_West,67.91703796
10,Broadway_West,67.9254303
10,Broadway_West,67.95491028
10,Broadway_West,67.98493195
10,Broadway_West,68.00096893
10,Broadway_West,68.00817871
10,Broadway_West,68.01546478
10,Broadway_West,68.01616669
10,Broadway_West,68.01602173
10,Broadway_West,68.01602173
10,Broadway_West,68.0160141
10,Broadway_West,68.01668549
10,Broadway_West,68.03179932
10,Broadway_West,68.07199097
10,Broadway_West,68.05823517
10,Broadway_West,68.02320862
10,Broadway_West,68.03812408
10,Broadway_West,68.06837463
10,Broadway_West,68.03866577
10,Broadway_West,68.03417206
10,Broadway_West,68.02767944
10,Broadway_West,68.01782227
10,Broadway_West,68.01602173
10,Broadway_West,68.01921082
10,Broadway_West,68.04222107
10,Broadway_West,68.06747437
10,Broadway_West,68.08005524
10,Broadway_West,68.06970215
10,Broadway_West,68.06538391
10,Broadway_West,68.07665253
10,Broadway_West,68.08831787
10,Broadway_West,68.10006714
10,Broadway_West,68.11116791
10,Broadway_West,68.09738922
10,Broadway_West,68.06496429
10,Broadway_West,68.06266785
10,Broadway_West,68.08150482
10,Broadway_West,68.11859894
10,Broadway_West,68.17081451
10,Broadway_West,68.20575714
10,Broadway_West,68.21739197
10,Broadway_West,68.23144531
10,Broadway_West,68.26284027
10,Broadway_West,68.28656769
10,Broadway_West,68.30527496
10,Broadway_West,68.31555176
10,Broadway_West,68.31441498
10,Broadway_West,68.30818176
10,Broadway_West,68.31587982
10,Broadway_West,68.33908844
10,Broadway_West,68.38835907
10,Broadway_West,68.40897369
10,Broadway_West,68.41327667
10,Broadway_West,68.4163208
10,Broadway_West,68.41613007
10,Broadway_West,68.41322327
10,Broadway_West,68.43332672
10,Broadway_West,68.47724152
10,Broadway_West,68.4750824
10,Broadway_West,68.47877502
10,Broadway_West,68.52600098
10,Broadway_West,68.62854767
10,Broadway_West,68.62671661
10,Broadway_West,68.6337204
10,Broadway_West,68.68743896
10,Broadway_West,68.7440033
10,Broadway_West,68.78430939
10,Broadway_West,68.84538269
10,Broadway_West,68.93312073
10,Broadway_West,68.98664093
10,Broadway_West,69.03831482
10,Broadway_West,69.10050964
10,Broadway_West,69.15019226
10,Broadway_West,69.19341278
10,Broadway_West,69.22596741
10,Broadway_West,69.28796387
10,Broadway_West,69.34600067
10,Broadway_West,69.40020752
10,Broadway_West,69.45192719
10,Broadway_West,69.50792694
10,Broadway_West,69.57801819
10,Broadway_West,69.65927124
10,Broadway_West,69.74342346
10,Broadway_West,69.81084442
10,Broadway_West,69.8640976
10,Broadway_West,69.90634918
10,Broadway_West,69.92107391
10,Broadway_West,69.94595337
10,Broadway_West,69.98271179
10,Broadway_West,70.02092743
10,Broadway_West,70.07899475
10,Broadway_West,70.11106873
10,Broadway_West,70.11611938
10,Broadway_West,70.11710358
10,Broadway_West,70.12447357
10,Broadway_West,70.13835144
10,Broadway_West,70.12986755
10,Broadway_West,70.11034393
10,Broadway_West,70.08274841
10,Broadway_West,70.07476807
10,Broadway_West,70.09293365
10,Broadway_West,70.09960938
10,Broadway_West,70.0835495
10,Broadway_West,70.08795166
10,Broadway_West,70.12697601
10,Broadway_West,70.15702057
10,Broadway_West,70.18114471
10,Broadway_West,70.1794281
10,Broadway_West,70.16646576
10,Broadway_West,70.14635468
10,Broadway_West,70.1450882
10,Broadway_West,70.15412903
10,Broadway_West,70.09654236
10,Broadway_West,69.98604584
10,Broadway_West,69.84970093
10,Broadway_West,69.62361908
10,Broadway_West,69.33824158
10,Broadway_West,69.0187912
10,Broadway_West,68.70560455
10,Broadway_West,68.41609192
10,Broadway_West,68.12458038
10,Broadway_West,67.86513519
10,Broadway_West,67.68536377
10,Broadway_West,67.58083344
10,Broadway_West,67.50926971
10,Broadway_West,67.45015717
10,Broadway_West,67.45259094
10,Broadway_West,67.39800262
10,Broadway_West,67.35813141
10,Broadway_West,67.35670471
10,Broadway_West,67.3972702
10,Broadway_West,67.49809265
10,Broadway_West,67.65332794
10,Broadway_West,67.8085556
10,Broadway_West,67.94780731
10,Broadway_West,68.04080963
10,Broadway_West,68.06503296
10,Broadway_West,68.07299042
10,Broadway_West,68.09696198
10,Broadway_West,68.22107697
10,Broadway_West,68.22107697
10,Broadway_West,68.11859894
10,Broadway_West,68.15691376
10,Broadway_West,68.19992065
10,Broadway_West,68.2596283
10,Broadway_West,68.31326294
10,Broadway_West,68.35676575
10,Broadway_West,68.3973999
10,Broadway_West,68.44670868
10,Broadway_West,68.51597595
10,Broadway_West,68.5704422
10,Broadway_West,68.61370087
10,Broadway_West,68.64982605
10,Broadway_West,68.68983459
10,Broadway_West,68.72127533
10,Broadway_West,68.74319458
10,Broadway_West,68.7636261
10,Broadway_West,68.78416443
10,Broadway_West,68.82954407
10,Broadway_West,68.8717804
10,Broadway_West,68.91603088
10,Broadway_West,68.95314026
10,Broadway_West,68.98362732
10,Broadway_West,69.00587463
10,Broadway_West,69.01911926
10,Broadway_West,69.01971436
10,Broadway_West,69.01795959
10,Broadway_West,69.02853394
10,Broadway_West,69.04633331
10,Broadway_West,69.0632782
10,Broadway_West,69.06109619
10,Broadway_West,69.04610443
10,Broadway_West,69.05154419
10,Broadway_West,69.05760193
10,Broadway_West,69.04828644
10,Broadway_West,69.03520966
10,Broadway_West,69.02304077
10,Broadway_West,69.01740265
10,Broadway_West,69.01579285
10,Broadway_West,69.01620483
10,Broadway_West,69.01608276
10,Broadway_West,69.01602936
10,Broadway_West,69.01596069
10,Broadway_West,69.01599884
10,Broadway_West,69.0160141
10,Broadway_West,69.0160141
10,Broadway_West,69.0160141
10,Broadway_West,69.0160141
10,Broadway_West,69.0160141
10,Broadway_West,69.0160141
10,Broadway_West,69.0160141
10,Broadway_West,69.0160141
10,Broadway_West,69.01596069
10,Broadway_West,69.01596069
10,Broadway_West,69.01612091
10,Broadway_West,69.01694489
10,Broadway_West,69.0177536
10,Broadway_West,69.01811981
10,Broadway_West,69.01469421
10,Broadway_West,69.0167923
10,Broadway_West,69.02031708
10,Broadway_West,69.02893829
10,Broadway_West,69.03898621
10,Broadway_West,69.05234528
10,Broadway_West,69.08886719
10,Broadway_West,69.13034821
10,Broadway_West,69.19805908
10,Broadway_West,69.25930023
10,Broadway_West,69.327034
10,Broadway_West,69.39045715
10,Broadway_West,69.46878815
10,Broadway_West,69.54391479
10,Broadway_West,69.62326813
10,Broadway_West,69.74951172
10,Broadway_West,69.90453339
10,Broadway_West,70.18379974
10,Broadway_West,70.52092743
10,Broadway_West,70.92098236
10,Broadway_West,71.31643677
10,Broadway_West,71.6973114
10,Broadway_West,72.03082275
10,Broadway_West,72.36820221
10,Broadway_West,72.67650604
10,Broadway_West,72.94619751
10,Broadway_West,73.1400528
10,Broadway_West,73.31474304
10,Broadway_West,73.47507477
10,Broadway_West,73.64743042
10,Broadway_West,73.82378387
10,Broadway_West,73.99938965
10,Broadway_West,74.17272186
10,Broadway_West,74.34048462
10,Broadway_West,74.51150513
10,Broadway_West,74.6775589
10,Broadway_West,74.83454132
10,Broadway_West,74.98274994
10,Broadway_West,75.10203552
10,Broadway_West,75.20069885
10,Broadway_West,75.27817535
10,Broadway_West,75.35189056
10,Broadway_West,75.42441559
10,Broadway_West,75.49198151
10,Broadway_West,75.55691528
10,Broadway_West,75.64854431
10,Broadway_West,75.74110413
10,Broadway_West,75.77910614
10,Broadway_West,75.72923279
10,Broadway_West,75.70431519
10,Broadway_West,75.67105865
10,Broadway_West,75.65885162
10,Broadway_West,75.69172668
10,Broadway_West,75.71829987
10,Broadway_West,75.75974274
10,Broadway_West,75.82180786
10,Broadway_West,75.90299225
10,Broadway_West,75.97749329
10,Broadway_West,76.07104492
10,Broadway_West,76.17591858
10,Broadway_West,76.27986145
10,Broadway_West,76.38134766
10,Broadway_West,76.46820831
10,Broadway_West,76.554039
10,Broadway_West,76.64388275
10,Broadway_West,76.72903442
10,Broadway_West,76.80906677
10,Broadway_West,76.85616302
10,Broadway_West,76.8925705
10,Broadway_West,76.88446045
10,Broadway_West,76.87743378
10,Broadway_West,76.86628723
10,Broadway_West,76.86292267
10,Broadway_West,76.86442566
10,Broadway_West,76.86077881
10,Broadway_West,76.85205078
10,Broadway_West,76.84604645
10,Broadway_West,76.84733582
10,Broadway_West,76.9119873
10,Broadway_West,76.97409058
10,Broadway_West,77.03778076
10,Broadway_West,77.09525299
10,Broadway_West,77.14719391
10,Broadway_West,77.0962677
10,Broadway_West,77.03897858
10,Broadway_West,76.97532654
10,Broadway_West,76.91320801
10,Broadway_West,76.84868622
10,Broadway_West,76.83556366
10,Broadway_West,76.8184433
10,Broadway_West,76.77459717
10,Broadway_West,76.72853088
10,Broadway_West,76.69216919
10,Broadway_West,76.68824005
10,Broadway_West,76.69417572
10,Broadway_West,76.69872284
10,Broadway_West,76.69317627
10,Broadway_West,76.66988373
10,Broadway_West,76.64474487
10,Broadway_West,76.61872864
10,Broadway_West,76.59311676
10,Broadway_West,76.56620789
10,Broadway_West,76.53064728
10,Broadway_West,76.49558258
10,Broadway_West,76.46110535
10,Broadway_West,76.42713928
10,Broadway_West,76.39105988
10,Broadway_West,76.34474945
10,Broadway_West,76.29006195
10,Broadway_West,76.23848724
10,Broadway_West,76.18666077
10,Broadway_West,76.13734436
10,Broadway_West,76.07894135
10,Broadway_West,76.00086212
10,Broadway_West,75.9074707
10,Broadway_West,75.80404663
10,Broadway_West,75.72284698
10,Broadway_West,75.64169312
10,Broadway_West,75.55406189
10,Broadway_West,75.46243286
10,Broadway_West,75.35603333
10,Broadway_West,75.2417984
10,Broadway_West,75.11843872
10,Broadway_West,74.99320221
10,Broadway_West,74.8731308
10,Broadway_West,74.7436676
10,Broadway_West,74.62509155
10,Broadway_West,74.51738739
10,Broadway_West,74.41970825
10,Broadway_West,74.31809235
10,Broadway_West,74.21083069
10,Broadway_West,74.1071701
10,Broadway_West,74.02068329
10,Broadway_West,73.94706726
10,Broadway_West,73.89949036
10,Broadway_West,73.85645294
10,Broadway_West,73.81581879
10,Broadway_West,73.75803375
10,Broadway_West,73.70116425
10,Broadway_West,73.68627167
10,Broadway_West,73.68338776
10,Broadway_West,73.69085693
10,Broadway_West,73.71953583
10,Broadway_West,73.7622757
10,Broadway_West,73.8109436
10,Broadway_West,73.85819244
10,Broadway_West,73.87958527
10,Broadway_West,73.89057159
10,Broadway_West,73.89381409
10,Broadway_West,73.90126801
10,Broadway_West,73.91194916
10,Broadway_West,73.90380859
10,Broadway_West,73.8740387
10,Broadway_West,73.83833313
10,Broadway_West,73.80986023
10,Broadway_West,73.77000427
10,Broadway_West,73.70298767
10,Broadway_West,73.58306122
10,Broadway_West,73.44553375
10,Broadway_West,73.31616211
10,Broadway_West,73.25216675
10,Broadway_West,73.21852112
10,Broadway_West,73.22431946
10,Broadway_West,73.2243576
10,Broadway_West,73.22315216
10,Broadway_West,73.21669006
10,Broadway_West,73.20074463
10,Broadway_West,73.17378998
10,Broadway_West,73.1436615
10,Broadway_West,73.13356781
10,Broadway_West,73.13941193
10,Broadway_West,73.16194916
10,Broadway_West,73.20186615
10,Broadway_West,73.24698639
10,Broadway_West,73.28183746
10,Broadway_West,73.30566406
10,Broadway_West,73.30078125
10,Broadway_West,73.26379395
10,Broadway_West,73.18466187
10,Broadway_West,73.04870605
10,Broadway_West,72.85842896
10,Broadway_West,72.67211914
10,Broadway_West,72.47566986
10,Broadway_West,72.30971527
10,Broadway_West,72.15776825
10,Broadway_West,72.03375244
10,Broadway_West,71.93576813
10,Broadway_West,71.85845947
10,Broadway_West,71.73874664
10,Broadway_West,71.61959839
10,Broadway_West,71.50919342
10,Broadway_West,71.43236542
10,Broadway_West,71.37671661
10,Broadway_West,71.325737
10,Broadway_West,71.24931335
10,Broadway_West,71.09125519
10,Broadway_West,70.90598297
10,Broadway_West,70.66191864
10,Broadway_West,70.66191864
10,Broadway_West,69.34461975
10,Broadway_West,68.72788239
10,Broadway_West,68.62100983
10,Broadway_West,68.95172119
10,Broadway_West,69.2530899
10,Broadway_West,69.58607483
10,Broadway_West,70.39622498
10,Broadway_West,71.80613708
10,Broadway_West,71.60708618
10,Broadway_West,70.72885895
10,Broadway_West,69.51685333
10,Broadway_West,69.21602631
10,Broadway_West,69.21602631
10,Broadway_West,69.21885681
10,Broadway_West,70.43503571
10,Broadway_West,73.51324463
10,Broadway_West,74.46044159
10,Broadway_West,73.13739777
10,Broadway_West,71.47542572
10,Broadway_West,72.08836365
10,Broadway_West,74.51097107
10,Broadway_West,75.27503204
10,Broadway_West,75.44992065
10,Broadway_West,73.97602081
10,Broadway_West,72.43031311
10,Broadway_West,70.74621582
10,Broadway_West,72.89817047
10,Broadway_West,76.03152466
10,Broadway_West,75.35800934
10,Broadway_West,73.38844299
10,Broadway_West,72.61645508
10,Broadway_West,72.62486267
10,Broadway_West,72.9566803
10,Broadway_West,75.24829865
10,Broadway_West,75.31285095
10,Broadway_West,73.63521576
10,Broadway_West,72.6933136
10,Broadway_West,73.11103058
10,Broadway_West,72.90614319
10,Broadway_West,72.50549316
10,Broadway_West,72.10939026
10,Broadway_West,71.09408569
10,Broadway_West,70.14142609
10,Broadway_West,69.55821228
10,Broadway_West,69.15087128
10,Broadway_West,69.08753967
10,Broadway_West,68.9436264
10,Broadway_West,69.00914764
10,Broadway_West,69.30484009
10,Broadway_West,69.43943787
10,Broadway_West,70.12684631
10,Broadway_West,71.89759064
10,Broadway_West,73.1583786
10,Broadway_West,73.72811127
10,Broadway_West,74.09174347
10,Broadway_West,74.05902863
10,Broadway_West,72.9499054
10,Broadway_West,72.90406036
10,Broadway_West,73.91396332
10,Broadway_West,75.84777069
10,Broadway_West,76.00203705
10,Broadway_West,75.34498596
10,Broadway_West,75.55558777
10,Broadway_West,77.74009705
10,Broadway_West,81.90287781
10,Broadway_West,84.7219696
10,Broadway_West,86.65248108
10,Broadway_West,87.3348465
10,Broadway_West,85.72792816
10,Broadway_West,84.35779572
10,Broadway_West,84.03378296
10,Broadway_West,84.72065735
10,Broadway_West,85.58449554
10,Broadway_West,84.26661682
10,Broadway_West,85.00309753
10,Broadway_West,79.80558777
10,Broadway_West,78.96195221
10,Broadway_West,81.49040985
10,Broadway_West,85.164711
10,Broadway_West,82.61222076
10,Broadway_West,81.03463745
10,Broadway_West,79.15490723
10,Broadway_West,79.22200012
10,Broadway_West,79.81663513
10,Broadway_West,80.63780975
10,Broadway_West,81.12316895
10,Broadway_West,81.48200989
10,Broadway_West,81.46388245
10,Broadway_West,81.83608246
10,Broadway_West,82.06775665
10,Broadway_West,82.05422211
10,Broadway_West,82.04354095
10,Broadway_West,81.90576935
10,Broadway_West,81.85827637
10,Broadway_West,82.10842133
10,Broadway_West,82.40576935
10,Broadway_West,82.30008698
10,Broadway_West,81.47763062
10,Broadway_West,80.20041656
10,Broadway_West,79.34574127
10,Broadway_West,78.91674042
10,Broadway_West,78.95365143
10,Broadway_West,79.15737915
10,Broadway_West,79.17494202
10,Broadway_West,79.05660248
10,Broadway_West,78.94983673
10,Broadway_West,78.63999939
10,Broadway_West,78.31394958
10,Broadway_West,77.94657898
10,Broadway_West,77.8538208
10,Broadway_West,78.19688416
10,Broadway_West,78.57769012
10,Broadway_West,78.11117554
10,Broadway_West,77.41837311
10,Broadway_West,77.14691925
10,Broadway_West,77.29607391
10,Broadway_West,77.83764648
10,Broadway_West,76.59722137
10,Broadway_West,76.39526367
10,Broadway_West,77.86341858
10,Broadway_West,77.32484436
10,Broadway_West,77.14517212
10,Broadway_West,77.36399078
10,Broadway_West,78.02861023
10,Broadway_West,78.58867645
10,Broadway_West,78.241539
10,Broadway_West,77.87614441
10,Broadway_West,77.8975296
10,Broadway_West,78.27872467
10,Broadway_West,78.59968567
10,Broadway_West,78.93185425
10,Broadway_West,79.03552246
10,Broadway_West,79.17059326
10,Broadway_West,79.26784515
10,Broadway_West,79.56092072
10,Broadway_West,79.63529205
10,Broadway_West,79.81809235
10,Broadway_West,80.05570221
10,Broadway_West,80.29542542
10,Broadway_West,80.4519043
10,Broadway_West,80.64536285
10,Broadway_West,80.77786255
10,Broadway_West,80.90859985
10,Broadway_West,81.01288605
10,Broadway_West,81.02212524
10,Broadway_West,81.0079422
10,Broadway_West,80.81009674
10,Broadway_West,80.5086441
10,Broadway_West,80.29381561
10,Broadway_West,80.08438873
10,Broadway_West,79.8119812
10,Broadway_West,79.52231598
10,Broadway_West,79.20944977
10,Broadway_West,78.93537903
10,Broadway_West,78.67835999
10,Broadway_West,78.42063141
10,Broadway_West,78.16184998
10,Broadway_West,77.94463348
10,Broadway_West,77.76325226
10,Broadway_West,77.51940155
10,Broadway_West,77.4265213
10,Broadway_West,77.47651672
10,Broadway_West,77.84014893
10,Broadway_West,78.74311066
10,Broadway_West,79.10816193
10,Broadway_West,79.13809967
10,Broadway_West,78.24069977
10,Broadway_West,76.72058868
10,Broadway_West,75.7103653
10,Broadway_West,74.9988327
10,Broadway_West,74.29288483
10,Broadway_West,73.6427536
10,Broadway_West,72.54010773
10,Broadway_West,69.51135254
10,Broadway_West,69.21980286
10,Broadway_West,69.21549225
10,Broadway_West,69.21602631
10,Broadway_West,69.21602631
10,Broadway_West,69.21602631
10,Broadway_West,69.30789948
10,Broadway_West,70.17856598
10,Broadway_West,71.2464447
10,Broadway_West,73.79268646
10,Broadway_West,76.16814423
10,Broadway_West,75.13696289
10,Broadway_West,73.14169312
10,Broadway_West,72.61537933
10,Broadway_West,72.61656952
10,Broadway_West,72.76373291
10,Broadway_West,74.0515213
10,Broadway_West,74.31505585
10,Broadway_West,75.30473328
10,Broadway_West,75.60958099
10,Broadway_West,74.08320618
10,Broadway_West,71.97999573
10,Broadway_West,69.21264648
10,Broadway_West,69.21602631
10,Broadway_West,69.22149658
10,Broadway_West,70.44199371
10,Broadway_West,73.32827759
10,Broadway_West,71.70357513
10,Broadway_West,69.23806763
10,Broadway_West,69.21620178
10,Broadway_West,70.24195862
10,Broadway_West,73.4502182
10,Broadway_West,72.11482239
10,Broadway_West,69.47396088
10,Broadway_West,68.7935791
10,Broadway_West,69.37174225
10,Broadway_West,69.1399231
10,Broadway_West,68.58401489
10,Broadway_West,68.70898438
10,Broadway_West,69.05695343
10,Broadway_West,69.34719086
10,Broadway_West,69.72115326
10,Broadway_West,70.88233185
10,Broadway_West,72.14731598
10,Broadway_West,72.18917847
10,Broadway_West,72.05711365
10,Broadway_West,72.3028717
10,Broadway_West,72.34426117
10,Broadway_West,72.31562805
10,Broadway_West,72.36274719
10,Broadway_West,72.23001099
10,Broadway_West,71.81827545
10,Broadway_West,70.85596466
10,Broadway_West,69.78713989
10,Broadway_West,68.83874512
10,Broadway_West,68.00871277
10,Broadway_West,67.24489594
10,Broadway_West,66.61872864
10,Broadway_West,65.68909454
10,Broadway_West,64.79243469
10,Broadway_West,64.12568665
10,Broadway_West,63.95168304
10,Broadway_West,63.55331421
10,Broadway_West,63.28402328
10,Broadway_West,62.97650909
10,Broadway_West,62.72871017
10,Broadway_West,62.42191315
10,Broadway_West,62.49110031
10,Broadway_West,62.87728119
10,Broadway_West,63.34051895
10,Broadway_West,63.18988037
10,Broadway_West,62.57344055
10,Broadway_West,61.87346268
10,Broadway_West,61.52679062
10,Broadway_West,61.40222549
10,Broadway_West,61.19906998
10,Broadway_West,60.94942474
10,Broadway_West,60.69520187
10,Broadway_West,60.50294495
10,Broadway_West,60.37466431
10,Broadway_West,60.1358757
10,Broadway_West,59.82574081
10,Broadway_West,59.82574081
10,Broadway_West,59.76503372
10,Broadway_West,59.70536423
10,Broadway_West,59.63909912
10,Broadway_West,59.57959747
10,Broadway_West,59.53085709
10,Broadway_West,59.48296738
10,Broadway_West,59.43533325
10,Broadway_West,59.38663864
10,Broadway_West,59.33708954
10,Broadway_West,59.28369141
10,Broadway_West,59.22123718
10,Broadway_West,59.14324188
10,Broadway_West,59.07252884
10,Broadway_West,59.01477432
10,Broadway_West,58.97895813
10,Broadway_West,58.95116043
10,Broadway_West,58.92905045
10,Broadway_West,58.88339233
10,Broadway_West,58.81646729
10,Broadway_West,58.74028778
10,Broadway_West,58.70404816
10,Broadway_West,58.66172409
10,Broadway_West,58.60809326
10,Broadway_West,58.54753113
10,Broadway_West,58.52547836
10,Broadway_West,58.52313232
10,Broadway_West,58.48404694
10,Broadway_West,58.43459702
10,Broadway_West,58.3822403
10,Broadway_West,58.33470535
10,Broadway_West,58.28765869
10,Broadway_West,58.23813629
10,Broadway_West,58.17024994
10,Broadway_West,58.0869751
10,Broadway_West,58.00645447
10,Broadway_West,57.94688034
10,Broadway_West,57.88518524
10,Broadway_West,57.8122139
10,Broadway_West,57.72673035
10,Broadway_West,57.65631485
10,Broadway_West,57.57741165
10,Broadway_West,57.46726608
10,Broadway_West,57.30762482
10,Broadway_West,57.12352753
10,Broadway_West,56.93983078
10,Broadway_West,56.82814407
10,Broadway_West,56.72115707
10,Broadway_West,56.59955978
10,Broadway_West,56.42010498
10,Broadway_West,56.21695328
10,Broadway_West,55.97789001
10,Broadway_West,55.77871323
10,Broadway_West,55.63591766
10,Broadway_West,55.53540421
10,Broadway_West,55.51364136
10,Broadway_West,55.51938248
10,Broadway_West,55.55260468
10,Broadway_West,55.59416199
10,Broadway_West,55.64924622
10,Broadway_West,55.70863342
10,Broadway_West,55.76383209
10,Broadway_West,55.83240509
10,Broadway_West,55.93188858
10,Broadway_West,56.05745316
10,Broadway_West,56.16506958
10,Broadway_West,56.27015305
10,Broadway_West,56.36819458
10,Broadway_West,56.4759407
10,Broadway_West,56.58935928
10,Broadway_West,56.71726608
10,Broadway_West,56.83427048
10,Broadway_West,56.945961
10,Broadway_West,57.0958786
10,Broadway_West,57.28054428
10,Broadway_West,57.47771835
10,Broadway_West,57.67654037
10,Broadway_West,57.81016922
10,Broadway_West,57.9230957
10,Broadway_West,58.01630402
10,Broadway_West,58.10625076
10,Broadway_West,58.19004059
10,Broadway_West,58.2772789
10,Broadway_West,58.35960388
10,Broadway_West,58.42298889
10,Broadway_West,58.45113754
10,Broadway_West,58.47169876
10,Broadway_West,58.46879959
10,Broadway_West,58.4430542
10,Broadway_West,58.4121933
10,Broadway_West,58.38367081
10,Broadway_West,58.35825348
10,Broadway_West,58.33135223
10,Broadway_West,58.29210663
10,Broadway_West,58.23169327
10,Broadway_West,58.17507172
10,Broadway_West,58.14161301
10,Broadway_West,58.12651825
10,Broadway_West,58.09900284
10,Broadway_West,58.05443192
10,Broadway_West,57.99703217
10,Broadway_West,57.95015717
10,Broadway_West,57.91957855
10,Broadway_West,57.89700317
10,Broadway_West,57.86283875
10,Broadway_West,57.78265381
10,Broadway_West,57.6764946
10,Broadway_West,57.58591843
10,Broadway_West,57.43862915
10,Broadway_West,57.27455521
10,Broadway_West,57.15919495
10,Broadway_West,57.12393188
10,Broadway_West,57.12171936
10,Broadway_West,57.14639282
10,Broadway_West,57.21400452
10,Broadway_West,57.29943466
10,Broadway_West,57.39897156
10,Broadway_West,57.49868774
10,Broadway_West,57.59953308
10,Broadway_West,57.70069504
10,Broadway_West,57.80958176
10,Broadway_West,57.92417145
10,Broadway_West,58.05126572
10,Broadway_West,58.17301941
10,Broadway_West,58.29164886
10,Broadway_West,58.41127014
10,Broadway_West,58.54309464
10,Broadway_West,58.67513657
10,Broadway_West,58.81170654
10,Broadway_West,58.94979858
10,Broadway_West,59.08120346
10,Broadway_West,59.19824219
10,Broadway_West,59.28821945
10,Broadway_West,59.39334869
10,Broadway_West,59.50008392
10,Broadway_West,59.59730911
10,Broadway_West,59.67557526
10,Broadway_West,59.74361038
10,Broadway_West,59.82974243
10,Broadway_West,59.9206543
10,Broadway_West,60.01258469
10,Broadway_West,60.11199188
10,Broadway_West,60.21899414
10,Broadway_West,60.32266235
10,Broadway_West,60.43203354
10,Broadway_West,60.54404449
10,Broadway_West,60.64364243
10,Broadway_West,60.71849442
10,Broadway_West,60.7638855
10,Broadway_West,60.80724716
10,Broadway_West,60.87169647
10,Broadway_West,60.98518372
10,Broadway_West,61.10189056
10,Broadway_West,61.21815109
10,Broadway_West,61.33407211
10,Broadway_West,61.4347229
10,Broadway_West,61.52403641
10,Broadway_West,61.59405518
10,Broadway_West,61.65525436
10,Broadway_West,61.72389984
10,Broadway_West,61.85402679
10,Broadway_West,61.99605942
10,Broadway_West,62.07265472
10,Broadway_West,62.07025909
10,Broadway_West,62.07258606
10,Broadway_West,62.19113922
10,Broadway_West,62.35041809
10,Broadway_West,62.47859192
10,Broadway_West,62.58766556
10,Broadway_West,62.70492172
10,Broadway_West,62.8233223
10,Broadway_West,62.91239929
10,Broadway_West,62.95401382
10,Broadway_West,62.99834061
10,Broadway_West,63.04429626
10,Broadway_West,63.07780457
10,Broadway_West,63.08172226
10,Broadway_West,63.08826447
10,Broadway_West,63.08898163
10,Broadway_West,63.08978271
10,Broadway_West,63.07829285
10,Broadway_West,63.07048416
10,Broadway_West,63.04972458
10,Broadway_West,63.02340317
10,Broadway_West,62.99473953
10,Broadway_West,62.95296478
10,Broadway_West,62.927742
10,Broadway_West,62.91888428
10,Broadway_West,62.93769073
10,Broadway_West,62.97384644
10,Broadway_West,63.02051544
10,Broadway_West,63.06472778
10,Broadway_West,63.10751343
10,Broadway_West,63.14439392
10,Broadway_West,63.17047501
10,Broadway_West,63.16888428
10,Broadway_West,63.15517426
10,Broadway_West,63.138134
10,Broadway_West,63.12469101
10,Broadway_West,63.11971283
10,Broadway_West,63.12067795
10,Broadway_West,63.12378693
10,Broadway_West,63.11737442
10,Broadway_West,63.10004425
10,Broadway_West,63.09200668
10,Broadway_West,63.09841156
10,Broadway_West,63.10450363
10,Broadway_West,63.09021759
10,Broadway_West,63.11920929
10,Broadway_West,63.11623764
10,Broadway_West,63.07318115
10,Broadway_West,63.07037735
10,Broadway_West,63.10708618
10,Broadway_West,63.13059998
10,Broadway_West,63.13463211
10,Broadway_West,63.13609314
10,Broadway_West,63.14250565
10,Broadway_West,63.15629959
10,Broadway_West,63.16691589
10,Broadway_West,63.17739868
10,Broadway_West,63.17848206
10,Broadway_West,63.18109512
10,Broadway_West,63.19167709
10,Broadway_West,63.19802475
10,Broadway_West,63.20600128
10,Broadway_West,63.22354507
10,Broadway_West,63.25672531
10,Broadway_West,63.31238937
10,Broadway_West,63.38888168
10,Broadway_West,63.46611023
10,Broadway_West,63.51926804
10,Broadway_West,63.57065201
10,Broadway_West,63.64109802
10,Broadway_West,63.72916794
10,Broadway_West,63.78977966
10,Broadway_West,63.83935165
10,Broadway_West,63.87647629
10,Broadway_West,63.90996552
10,Broadway_West,63.93259048
10,Broadway_West,63.93623352
10,Broadway_West,63.92316818
10,Broadway_West,63.91231537
10,Broadway_West,63.90487289
10,Broadway_West,63.90229416
10,Broadway_West,63.89938736
10,Broadway_West,63.89784241
10,Broadway_West,63.90715027
10,Broadway_West,63.91897202
10,Broadway_West,63.92631149
10,Broadway_West,63.92534256
10,Broadway_West,63.92390823
10,Broadway_West,63.92391205
10,Broadway_West,63.92539978
10,Broadway_West,63.90642166
10,Broadway_West,63.89024734
10,Broadway_West,64.01120758
10,Broadway_West,64.01120758
10,Broadway_West,64.35094452
10,Broadway_West,64.71762085
10,Broadway_West,65.07176971
10,Broadway_West,65.46260834
10,Broadway_West,65.91687012
10,Broadway_West,66.17562103
10,Broadway_West,66.32541656
10,Broadway_West,66.4713974
10,Broadway_West,66.56681824
10,Broadway_West,66.71054077
10,Broadway_West,67.0351181
10,Broadway_West,67.58023834
10,Broadway_West,68.28223419
10,Broadway_West,68.9104538
10,Broadway_West,69.33879089
10,Broadway_West,69.51890564
10,Broadway_West,69.56304169
10,Broadway_West,69.6651001
10,Broadway_West,69.85390472
10,Broadway_West,70.05263519
10,Broadway_West,70.21570587
10,Broadway_West,70.42273712
10,Broadway_West,70.57579041
10,Broadway_West,70.67495728
10,Broadway_West,70.80102539
10,Broadway_West,70.92398834
10,Broadway_West,71.13513947
10,Broadway_West,71.22763062
10,Broadway_West,71.30470276
10,Broadway_West,71.39107513
10,Broadway_West,71.43280792
10,Broadway_West,71.35127258
10,Broadway_West,71.20493317
10,Broadway_West,71.10432434
10,Broadway_West,71.02190399
10,Broadway_West,70.87844849
10,Broadway_West,70.75725555
10,Broadway_West,70.65382385
10,Broadway_West,70.57322693
10,Broadway_West,70.59207916
10,Broadway_West,70.64057159
10,Broadway_West,70.66477203
10,Broadway_West,70.70061493
10,Broadway_West,70.69872284
10,Broadway_West,70.70719147
10,Broadway_West,70.70301056
10,Broadway_West,70.73868561
10,Broadway_West,70.75226593
10,Broadway_West,70.72866821
10,Broadway_West,70.76222992
10,Broadway_West,70.76462555
10,Broadway_West,70.75040436
10,Broadway_West,70.75357056
10,Broadway_West,70.76911163
10,Broadway_West,70.89597321
10,Broadway_West,70.90939331
10,Broadway_West,70.84143829
10,Broadway_West,70.77006531
10,Broadway_West,70.72544098
10,Broadway_West,70.6384201
10,Broadway_West,70.5412674
10,Broadway_West,70.45513916
10,Broadway_West,70.34150696
10,Broadway_West,70.1685257
10,Broadway_West,69.94934845
10,Broadway_West,69.84350586
10,Broadway_West,70.09374237
10,Broadway_West,70.78458405
10,Broadway_West,70.91425323
10,Broadway_West,70.87825775
10,Broadway_West,70.77025604
10,Broadway_West,70.59533691
10,Broadway_West,70.26275635
10,Broadway_West,69.81974792
10,Broadway_West,69.20835114
10,Broadway_West,68.54310608
10,Broadway_West,67.85863495
10,Broadway_West,67.21120453
10,Broadway_West,66.82341003
10,Broadway_West,66.66181946
10,Broadway_West,66.6524353
10,Broadway_West,66.66687775
10,Broadway_West,66.70803833
10,Broadway_West,66.8575058
10,Broadway_West,67.24520111
10,Broadway_West,67.84238434
10,Broadway_West,68.4199295
10,Broadway_West,69.01914215
10,Broadway_West,69.56694794
10,Broadway_West,69.93206787
10,Broadway_West,70.09117126
10,Broadway_West,69.95314789
10,Broadway_West,69.5471344
10,Broadway_West,68.9947052
10,Broadway_West,68.41949463
10,Broadway_West,67.96315765
10,Broadway_West,67.45126343
10,Broadway_West,66.99664307
10,Broadway_West,66.69179535
10,Broadway_West,66.22543335
10,Broadway_West,65.52254486
10,Broadway_West,65.14020538
10,Broadway_West,64.87499237
10,Broadway_West,64.59164429
10,Broadway_West,64.3225174
10,Broadway_West,64.02394104
10,Broadway_West,63.74369431
10,Broadway_West,63.60032272
10,Broadway_West,63.60715485
10,Broadway_West,63.71678162
10,Broadway_West,63.98484421
10,Broadway_West,64.32131958
10,Broadway_West,64.75912476
10,Broadway_West,65.14434052
10,Broadway_West,64.91355896
10,Broadway_West,64.78385162
10,Broadway_West,64.70822144
10,Broadway_West,64.66930389
10,Broadway_West,64.54823303
10,Broadway_West,64.44178009
10,Broadway_West,64.20944977
10,Broadway_West,63.98944473
10,Broadway_West,63.82745743
10,Broadway_West,63.76256943
10,Broadway_West,63.19489288
10,Broadway_West,62.46165848
10,Broadway_West,61.71915817
10,Broadway_West,61.02960205
10,Broadway_West,60.63177109
10,Broadway_West,60.61400986
10,Broadway_West,60.73338699
10,Broadway_West,61.48257446
10,Broadway_West,62.78398514
10,Broadway_West,63.70320511
10,Broadway_West,64.28899384
10,Broadway_West,64.60535431
10,Broadway_West,65.03557587
10,Broadway_West,65.53607941
10,Broadway_West,65.92409515
10,Broadway_West,66.31101227
10,Broadway_West,66.60341644
10,Broadway_West,66.8615799
10,Broadway_West,67.17330933
10,Broadway_West,67.60775757
10,Broadway_West,68.10139465
10,Broadway_West,68.74539185
10,Broadway_West,69.41505432
10,Broadway_West,70.00520325
10,Broadway_West,70.49365234
10,Broadway_West,70.96403503
10,Broadway_West,71.52035522
10,Broadway_West,71.94287109
10,Broadway_West,72.04899597
10,Broadway_West,72.04897308
10,Broadway_West,72.18074799
10,Broadway_West,72.45877838
10,Broadway_West,72.87274933
10,Broadway_West,73.67680359
10,Broadway_West,74.58257294
10,Broadway_West,74.81295013
10,Broadway_West,74.75749969
10,Broadway_West,74.42384338
10,Broadway_West,73.99039459
10,Broadway_West,73.6665802
10,Broadway_West,73.51017761
10,Broadway_West,73.51753998
10,Broadway_West,73.84403229
10,Broadway_West,74.27367401
10,Broadway_West,74.79830933
10,Broadway_West,75.57674408
10,Broadway_West,76.47193909
10,Broadway_West,76.46666718
10,Broadway_West,76.72515106
10,Broadway_West,77.66074371
10,Broadway_West,78.38912964
10,Broadway_West,78.4538269
10,Broadway_West,78.31713867
10,Broadway_West,78.14207458
10,Broadway_West,77.86828613
10,Broadway_West,77.55552673
10,Broadway_West,77.2089386
10,Broadway_West,76.91643524
10,Broadway_West,76.55257416
10,Broadway_West,76.27967834
10,Broadway_West,76.14821625
10,Broadway_West,76.09738159
10,Broadway_West,76.0817337
10,Broadway_West,76.19223022
10,Broadway_West,76.4101181
10,Broadway_West,76.58821106
10,Broadway_West,76.78610229
10,Broadway_West,76.96674347
10,Broadway_West,77.18422699
10,Broadway_West,77.50234985
10,Broadway_West,77.77424622
10,Broadway_West,78.03374481
10,Broadway_West,78.29426575
10,Broadway_West,78.47868347
10,Broadway_West,78.58023834
10,Broadway_West,78.62272644
10,Broadway_West,78.76702881
10,Broadway_West,78.96659851
10,Broadway_West,79.13356781
10,Broadway_West,79.27328491
10,Broadway_West,79.34223938
10,Broadway_West,79.31020355
10,Broadway_West,79.37244415
10,Broadway_West,79.50441742
10,Broadway_West,79.68994141
10,Broadway_West,79.84443665
10,Broadway_West,80.10935974
10,Broadway_West,80.4015274
10,Broadway_West,80.66047668
10,Broadway_West,80.8441925
10,Broadway_West,80.96794128
10,Broadway_West,81.04905701
10,Broadway_West,81.08654022
10,Broadway_West,81.03458405
10,Broadway_West,80.92146301
10,Broadway_West,80.80776215
10,Broadway_West,80.67575073
10,Broadway_West,80.46646881
10,Broadway_West,80.21970367
10,Broadway_West,80.0683136
10,Broadway_West,80.17103577
10,Broadway_West,80.34098816
10,Broadway_West,80.55149078
10,Broadway_West,80.81067657
10,Broadway_West,81.14176941
10,Broadway_West,81.41885376
10,Broadway_West,81.50670624
10,Broadway_West,81.56955719
10,Broadway_West,81.53778076
10,Broadway_West,81.55227661
10,Broadway_West,81.67652893
10,Broadway_West,81.89047241
10,Broadway_West,82.11230469
10,Broadway_West,82.46342468
10,Broadway_West,82.90214539
10,Broadway_West,83.26590729
10,Broadway_West,83.60726929
10,Broadway_West,84.04621124
10,Broadway_West,84.45342255
10,Broadway_West,84.84226227
10,Broadway_West,85.39606476
10,Broadway_West,86.41247559
10,Broadway_West,87.01142883
10,Broadway_West,87.10656738
10,Broadway_West,87.02413177
10,Broadway_West,86.97914886
10,Broadway_West,86.88889313
10,Broadway_West,86.73863983
10,Broadway_West,86.58854675
10,Broadway_West,86.41789246
10,Broadway_West,86.31826782
10,Broadway_West,86.31826782
10,Broadway_West,86.35755157
10,Broadway_West,86.38756561
10,Broadway_West,86.41786957
10,Broadway_West,86.36399078
10,Broadway_West,86.28512573
10,Broadway_West,86.23313904
10,Broadway_West,86.21576691
10,Broadway_West,86.21173096
10,Broadway_West,86.18100739
10,Broadway_West,86.14841461
10,Broadway_West,86.12582397
10,Broadway_West,86.11155701
10,Broadway_West,86.1077652
10,Broadway_West,86.10703278
10,Broadway_West,86.09577179
10,Broadway_West,86.0629425
10,Broadway_West,86.02827454
10,Broadway_West,86.00082397
10,Broadway_West,85.97918701
10,Broadway_West,85.96861267
10,Broadway_West,85.95638275
10,Broadway_West,85.93878174
10,Broadway_West,85.90634155
10,Broadway_West,85.86203766
10,Broadway_West,85.79998779
10,Broadway_West,85.73479462
10,Broadway_West,85.69026184
10,Broadway_West,85.65671539
10,Broadway_West,85.64040375
10,Broadway_West,85.6279068
10,Broadway_West,85.61765289
10,Broadway_West,85.60692596
10,Broadway_West,85.59843445
10,Broadway_West,85.59437561
10,Broadway_West,85.58991241
10,Broadway_West,85.58554077
10,Broadway_West,85.58062744
10,Broadway_West,85.57662964
10,Broadway_West,85.57070923
10,Broadway_West,85.56306458
10,Broadway_West,85.5496521
10,Broadway_West,85.50616455
10,Broadway_West,85.44577789
10,Broadway_West,85.38405609
10,Broadway_West,85.32250977
10,Broadway_West,85.26648712
10,Broadway_West,85.21479034
10,Broadway_West,85.16266632
10,Broadway_West,85.1162796
10,Broadway_West,85.08076477
10,Broadway_West,85.03778839
10,Broadway_West,85.0015564
10,Broadway_West,84.97207642
10,Broadway_West,84.9427948
10,Broadway_West,84.91742706
10,Broadway_West,84.89820099
10,Broadway_West,84.86804962
10,Broadway_West,84.83541107
10,Broadway_West,84.81977081
10,Broadway_West,84.81646729
10,Broadway_West,84.81595612
10,Broadway_West,84.81600952
10,Broadway_West,84.81602478
10,Broadway_West,84.81594849
10,Broadway_West,84.81598663
10,Broadway_West,84.89870453
10,Broadway_West,85.02150726
10,Broadway_West,85.10559082
10,Broadway_West,85.56266785
10,Broadway_West,85.95228577
10,Broadway_West,86.42126465
10,Broadway_West,86.95777893
10,Broadway_West,87.45191193
10,Broadway_West,87.94360352
10,Broadway_West,88.41175079
10,Broadway_West,88.76966095
10,Broadway_West,89.06932831
10,Broadway_West,89.35856628
10,Broadway_West,89.46582794
10,Broadway_West,89.59326935
10,Broadway_West,89.6375351
10,Broadway_West,89.63764954
10,Broadway_West,89.65424347
10,Broadway_West,89.64237213
10,Broadway_West,89.65418243
10,Broadway_West,89.67324829
10,Broadway_West,89.71183014
10,Broadway_West,89.7589798
10,Broadway_West,89.81279755
10,Broadway_West,89.8949585
10,Broadway_West,89.94182587
10,Broadway_West,89.99787903
10,Broadway_West,90.08253479
10,Broadway_West,90.20798492
10,Broadway_West,90.35317993
10,Broadway_West,90.55619812
10,Broadway_West,90.78092957
10,Broadway_West,90.94217682
10,Broadway_West,90.94956207
10,Broadway_West,91.01165009
10,Broadway_West,91.02293396
10,Broadway_West,91.04636383
10,Broadway_West,91.00039673
10,Broadway_West,90.92518616
10,Broadway_West,90.83171844
10,Broadway_West,90.6813736
10,Broadway_West,90.55699158
10,Broadway_West,90.44363403
10,Broadway_West,90.37879181
10,Broadway_West,90.35636902
10,Broadway_West,90.41404724
10,Broadway_West,90.53065491
10,Broadway_West,90.72039795
10,Broadway_West,90.94174194
10,Broadway_West,91.27684021
10,Broadway_West,91.56052399
10,Broadway_West,91.78637695
10,Broadway_West,91.75960541
10,Broadway_West,91.62553406
10,Broadway_West,91.21414948
10,Broadway_West,90.74324799
10,Broadway_West,90.19355011
10,Broadway_West,89.55578613
10,Broadway_West,88.6995163
10,Broadway_West,87.69258118
10,Broadway_West,86.72772217
10,Broadway_West,85.85604095
10,Broadway_West,85.31723785
10,Broadway_West,85.00959778
10,Broadway_West,84.87795258
10,Broadway_West,84.79320526
10,Broadway_West,84.74429321
10,Broadway_West,84.67953491
10,Broadway_West,84.59199524
10,Broadway_West,84.47309875
10,Broadway_West,84.34621429
10,Broadway_West,84.21370697
10,Broadway_West,84.07196808
10,Broadway_West,83.93359375
10,Broadway_West,83.79075623
10,Broadway_West,83.64790344
10,Broadway_West,83.50726318
10,Broadway_West,83.35266876
10,Broadway_West,83.17830658
10,Broadway_West,83.02125549
10,Broadway_West,82.91087341
10,Broadway_West,82.83039856
10,Broadway_West,82.77097321
10,Broadway_West,82.70078278
10,Broadway_West,82.63388824
10,Broadway_West,82.57247925
10,Broadway_West,82.53494263
10,Broadway_West,82.51846313
10,Broadway_West,82.50565338
10,Broadway_West,82.49017334
10,Broadway_West,82.46016693
10,Broadway_West,82.44067383
10,Broadway_West,82.39274597
10,Broadway_West,82.3369751
10,Broadway_West,82.26766968
10,Broadway_West,82.20199585
10,Broadway_West,82.13298035
10,Broadway_West,82.05931091
10,Broadway_West,82.01750946
10,Broadway_West,81.98010254
10,Broadway_West,81.94985199
10,Broadway_West,81.92060852
10,Broadway_West,81.88697815
10,Broadway_West,81.84790039
10,Broadway_West,81.80742645
10,Broadway_West,81.77084351
10,Broadway_West,81.74463654
10,Broadway_West,81.71429443
10,Broadway_West,81.65467834
10,Broadway_West,81.6110611
10,Broadway_West,81.60792542
10,Broadway_West,81.6015625
10,Broadway_West,81.57514954
10,Broadway_West,81.53491974
10,Broadway_West,81.4886322
10,Broadway_West,81.45602417
10,Broadway_West,81.43562317
10,Broadway_West,81.41740417
10,Broadway_West,81.37955475
10,Broadway_West,81.3347168
10,Broadway_West,81.29148865
10,Broadway_West,81.24388123
10,Broadway_West,81.20583344
10,Broadway_West,81.17693329
10,Broadway_West,81.15040588
10,Broadway_West,81.13685608
10,Broadway_West,81.14565277
10,Broadway_West,81.16024017
10,Broadway_West,81.16082764
10,Broadway_West,81.14296722
10,Broadway_West,81.13816071
10,Broadway_West,81.12303162
10,Broadway_West,81.1109848
10,Broadway_West,81.05685425
10,Broadway_West,80.98244476
10,Broadway_West,80.89341736
10,Broadway_West,80.81895447
10,Broadway_West,80.75648499
10,Broadway_West,80.69687653
10,Broadway_West,80.64331818
10,Broadway_West,80.59702301
10,Broadway_West,80.56022644
10,Broadway_West,80.52675629
10,Broadway_West,80.48999786
10,Broadway_West,80.45188141
10,Broadway_West,80.41847229
10,Broadway_West,80.37456512
10,Broadway_West,80.30095673
10,Broadway_West,80.19752502
10,Broadway_West,80.10758209
10,Broadway_West,80.03918457
10,Broadway_West,79.99313354
10,Broadway_West,79.97688293
10,Broadway_West,79.95105743
10,Broadway_West,79.91811371
10,Broadway_West,79.86621857
10,Broadway_West,79.81204224
10,Broadway_West,79.76329803
10,Broadway_West,79.73735046
10,Broadway_West,79.71824646
10,Broadway_West,79.70571136
10,Broadway_West,79.70071411
10,Broadway_West,79.71170044
10,Broadway_West,79.7077713
10,Broadway_West,79.68077087
10,Broadway_West,79.63452911
10,Broadway_West,79.59429169
10,Broadway_West,79.58334351
10,Broadway_West,79.56193542
10,Broadway_West,79.51526642
10,Broadway_West,79.44352722
10,Broadway_West,79.14233398
10,Broadway_West,78.76083374
10,Broadway_West,78.30208588
10,Broadway_West,78.3605957
10,Broadway_West,78.49719238
10,Broadway_West,78.67008209
10,Broadway_West,78.42555237
10,Broadway_West,77.88108063
10,Broadway_West,77.29660034
10,Broadway_West,76.72210693
10,Broadway_West,76.18093109
10,Broadway_West,75.91123962
10,Broadway_West,75.7893219
10,Broadway_West,75.70413208
10,Broadway_West,75.75167847
10,Broadway_West,75.84669495
10,Broadway_West,75.99216461
10,Broadway_West,76.5931778
10,Broadway_West,77.20732117
